Quantity,Name,Tags,Scryfall ID,Mana Value,Colors,Identities,Mana cost,Types,Sub-types,Super-types,Scryfall Oracle ID
1,"Aang, Air Nomad",,f369827d-e4cd-4bc7-8c5e-72882eff0908,5,White,White,{3}{W}{W},Creature,"Human,Avatar,Ally",Legendary,e46b2ac6-97d6-48f2-aba3-cd92f8e092c6
1,"Aang, A Lot to Learn",,50a22ad6-d2a4-48a6-91c9-147c946a60a5,3,"White,Green","White,Green",{2}{G/W},Creature,"Human,Avatar,Ally",Legendary,854278bc-2bcf-45dd-abd5-6aca7a1e5fc9
1,"Aang, at the Crossroads // Aang, Destined Savior",,fea89ca0-8070-4f28-9851-994314f9d248,5,"White,Green,Blue","White,Blue,Green",,Creature,"Human,Avatar,Ally",Legendary,96e5d4a1-e59f-4140-823f-a17e15ee5d8d
1,Aang's Defense,,642e1b90-c240-44fe-82b2-7522026224ae,1,White,White,{W},Instant,,,92b617f9-6e6b-42a0-9c45-6ff5f6193051
1,Aang's Iceberg,,720fbd87-b1c1-4b3b-97a1-46b943b115e3,3,White,White,{2}{W},Enchantment,,,646f9ad8-9d18-4b42-954a-e21a62e9f0e8
1,Aang's Journey,,5e51f727-5a9b-4bc7-83a9-dbcf1c933e15,2,,,{2},Sorcery,Lesson,,ddf461b9-a205-4dc7-a9c3-c047b1ff709f
1,Aang's Journey,,5e51f727-5a9b-4bc7-83a9-dbcf1c933e15,2,,,{2},Sorcery,Lesson,,ddf461b9-a205-4dc7-a9c3-c047b1ff709f
1,"Aang, Swift Savior // Aang and La, Ocean's Fury",,82866a0e-485a-4f7e-8c49-f7d9ff3f4ad4,3,"White,Blue","White,Blue",,Creature,"Human,Avatar,Ally",Legendary,cbf09050-39d0-463b-96db-9e22011ae0d8
1,"Aang, the Last Airbender",,245e008c-e073-443f-9592-6f628c0026ec,4,White,White,{3}{W},Creature,"Human,Avatar,Ally",Legendary,70564c3a-858f-498e-8b92-acb3ca54ae7e
1,Aardvark Sloth,,e16365a2-4969-4ad5-af95-9dd2d0499f06,4,White,White,{3}{W},Creature,"Beast,Sloth",,1c385880-3eea-45c8-8e89-330ad8ad92b1
1,Abandon Attachments,,74ca45a4-97ab-4255-9129-884e8b42b984,2,"Red,Blue","Blue,Red",{1}{U/R},Instant,Lesson,,82333385-631f-4abf-b159-bb367f1c6fd9
1,Abandoned Campground,,ee0565f5-ebdb-43f9-bbb4-0485b1968937,0,,"White,Blue",,Land,,,0eec9984-cd11-4a52-9234-469c6a5fb9aa
3,Abrade,,a0e47d11-cb21-402b-a39e-588a94cc57b4,2,Red,Red,{1}{R},Instant,,,f9db72dc-9a5b-48a4-a86e-7464d9a2166a
1,Abstract Paintmage,,ea008094-d995-4740-9b39-c61049356c55,3,"Red,Blue","Blue,Red",{U}{U/R}{R},Creature,"Djinn,Sorcerer",,bc899d5c-0a91-4f19-a3e4-3078ae966110
1,Abundance,,9ab8ad39-840e-474b-beb8-96a7c2a8d0fa,4,Green,Green,{2}{G}{G},Enchantment,,,eccc9a54-2b56-4a02-9926-258d5b2e25fb
1,Abundant Growth,,d15adc93-1a71-453b-8277-4a525a9cbc7b,1,Green,Green,{G},Enchantment,Aura,,947a2665-2f4d-4193-8768-118f85334549
1,Abzan Battle Priest,,c0fb53e6-441f-4faa-bf0e-0847cf83279d,4,White,White,{3}{W},Creature,"Human,Cleric",,1b44fe0a-4a99-4166-b0b3-102b36b54ffa
1,Abzan Devotee,,66555946-e747-46fa-b1ac-b103a8edcd93,2,Black,"White,Black,Green",{1}{B},Creature,"Cleric,Dog",,3d02ee2f-b7bd-40b0-b9be-2420991b2be0
1,Abzan Falconer,,9c06621d-a0c9-4c84-8b1a-cb0abd8390c4,3,White,White,{2}{W},Creature,"Human,Soldier",,8b972819-507a-40a9-ab1f-1a674ea56083
1,Academy Manufactor,,60709d98-c98d-48c0-ac4a-4ff73e7a0c4b,3,,,{3},"Creature,Artifact",Assembly-Worker,,f36d1d8b-8303-44a9-ab56-531931641ea2
1,Accelerated Mutation,,282f808c-0b58-4b98-aeda-f606a10d1a4b,5,Green,Green,{3}{G}{G},Instant,,,f8a9c279-0f11-4a22-8651-f9caf013ca3c
2,Access Tunnel,,8101166d-03e1-4bc9-b50a-05743c02d653,0,,,,Land,,,ed9cc560-f30b-4b60-a094-ccf93ed656a7
1,Access Tunnel,,8101166d-03e1-4bc9-b50a-05743c02d653,0,,,,Land,,,ed9cc560-f30b-4b60-a094-ccf93ed656a7
3,Accumulate Wisdom,,a6335319-6c92-40d4-ab2d-c06c79049c30,2,Blue,Blue,{1}{U},Instant,Lesson,,a63eb744-71c4-447d-9372-c3a734f022c5
1,Accursed Marauder,,5da14d86-0780-4821-a799-96f64b377df4,2,Black,Black,{1}{B},Creature,"Warrior,Zombie",,d8ad23a1-0b43-48ea-9fbe-d89b29194509
1,Accursed Witch // Infectious Curse,,8093f8b0-5d50-48ca-b616-e92535a47138,4,Black,Black,,Creature,"Human,Shaman",,80b07882-e144-4815-8b6f-04b3ab343d97
1,Acrobatic Leap,,47f82d84-03ad-42dd-80ce-f0ac5e353e46,1,White,White,{W},Instant,,,1347224f-421e-4270-8e50-cf25c875909c
1,Act of Treason,,a1a9d323-fb40-411b-a0e7-64024bc6ba58,3,Red,Red,{2}{R},Sorcery,,,9d08af23-9f4a-4097-9abc-3b17475ab744
1,Act of Treason,,9160dde8-cd77-4967-a5f3-a676376c58f7,3,Red,Red,{2}{R},Sorcery,,,9d08af23-9f4a-4097-9abc-3b17475ab744
1,Adarkar Wastes,,1f056e21-63b3-4684-be5b-04ac220c4a52,0,,"White,Blue",,Land,,,d5ad26cc-2bdb-46b7-b8bf-dd099d5fa09b
1,Adelbert Steiner,,1a67a991-1e52-4676-a2e3-2bc7aa943ab3,2,White,White,{1}{W},Creature,"Human,Knight",Legendary,657a4500-4b47-4c78-945b-a7791af7d10e
1,"Adeline, Resplendent Cathar",,1de30c12-2011-495a-be25-f7a46b23e142,3,White,White,{1}{W}{W},Creature,"Human,Knight",Legendary,38515f89-348b-4cf3-b7bd-1f6fe4ce2fba
1,Adventuring Gear,,3aa395f2-656e-4bf3-bd9b-6240bd3e2774,1,,,{1},Artifact,Equipment,,17042684-7af4-43a6-88c7-885032cfb27c
1,Aerith Rescue Mission,,3123d16c-e1e6-4659-a7a3-2ec6efc6bf08,4,White,White,{3}{W},Sorcery,,,14c3e48b-4c4e-4787-8c50-0e3aee19aa23
1,Aetherize,,1e5530fc-0291-4a17-b048-c5d24e6f51d8,4,Blue,Blue,{3}{U},Instant,,,7c779721-cd1b-4696-9ae9-68ccc284ed2a
1,Aethersnipe,,c44c623e-9ae1-495d-b72d-166f2ed4cf2c,6,Blue,Blue,{5}{U},Creature,Elemental,,3e0be003-4f42-4917-b85d-46baf2afd734
1,Aether Spellbomb,,f3792e8b-4ad7-4e2d-994c-c4eaac0fa55f,1,,Blue,{1},Artifact,,,4b033a0a-c1ae-44d7-9662-72cbbfda024b
1,Aetherspouts,,04a19129-312b-47e3-abed-1dc39e432921,5,Blue,Blue,{3}{U}{U},Instant,,,48369aec-a991-4bef-8554-01c84302b063
1,Afterlife from the Loam,,9361b548-a8d9-4e57-98cf-0c464742e1c9,8,Black,Black,{5}{B}{B}{B},Sorcery,,,151c867f-cc77-42de-9ae5-5fd2233ccdab
1,Aftermath Analyst,,66f135b4-8cb3-4a4e-86ae-81a3cf4b7259,2,Green,Green,{1}{G},Creature,"Elf,Detective",,374e54d8-8e73-4268-9dde-c28c77bbbf32
1,Agent of the Iron Throne,,5a5984d3-1e76-4d97-9373-b59cfa9c38ae,3,Black,Black,{2}{B},Enchantment,Background,Legendary,325032d5-c452-4454-8976-82f86fee5ab8
1,Agent of Treachery,,6e593b9b-a584-48cd-8b92-b65c3eee0b80,7,Blue,Blue,{5}{U}{U},Creature,"Human,Rogue",,4cd82c7a-86df-4d29-b578-c009208c0d4b
1,Agents of HYDRA,,857fef2e-df1f-4ec6-a262-f6fa52389cf9,2,Black,Black,{1}{B},Creature,"Human,Spy,Villain",,31816924-1430-4581-86e8-325e2ca16217
3,Agents of HYDRA,,857fef2e-df1f-4ec6-a262-f6fa52389cf9,2,Black,Black,{1}{B},Creature,"Human,Spy,Villain",,31816924-1430-4581-86e8-325e2ca16217
1,Agent Venom,,f5f80d82-d64c-466f-8874-9cfb00469f02,3,Black,Black,{2}{B},Creature,"Soldier,Hero,Symbiote",Legendary,14c356aa-178d-4c14-a88e-fbe92ee6d89f
1,Aggressive Mammoth,,4e68b3bd-996e-4383-b134-f529bcb768de,6,Green,Green,{3}{G}{G}{G},Creature,Elephant,,032b5fc4-5aca-41b6-9bf6-2c1ed0018968
2,Aggressive Mammoth,,323f3c76-5e79-43e6-ae78-f555810edbc3,6,Green,Green,{3}{G}{G}{G},Creature,Elephant,,032b5fc4-5aca-41b6-9bf6-2c1ed0018968
1,Agitator Ant,,bc63ff71-ff42-4baf-977b-55f69c8e122f,3,Red,Red,{2}{R},Creature,Insect,,abe377f8-35f0-4dea-a681-91d31a36815c
1,Agna Qel'a,,6b885829-a323-4f7d-87c9-aa4615dcbe5c,0,,Blue,,Land,,,22d0a848-2126-48f0-9050-38daaf93b1d0
1,Ainok Wayfarer,,57695a9b-8f72-4ccc-a946-5d5037b09b8f,2,Green,Green,{1}{G},Creature,"Scout,Dog",,8134f3fd-197a-4b44-a370-311cc955dea3
1,Airbender Ascension,,99a90d13-891c-45cc-b1d5-6080ebae5862,2,White,White,{1}{W},Enchantment,,,c4d2fdf9-637d-4e97-ae33-45f2d27bf8cd
1,Airbender's Reversal,,6b7078e4-2892-4b5f-83ab-90369e0d6dba,2,White,White,{1}{W},Instant,Lesson,,64e3791b-de99-4eed-af49-cbec218c28aa
1,Airbending Lesson,,e2bcd0a6-e94d-4a21-a334-a57459c1b8cc,3,White,White,{2}{W},Instant,Lesson,,e101b744-9175-4aa5-bf80-d6944359e538
3,Air Elemental,,194d52c7-cdaf-49bc-ae32-350a526af239,5,Blue,Blue,{3}{U}{U},Creature,Elemental,,7744bae4-a8b7-44a5-9b4c-0048ad4cc448
1,Air Nomad Legacy,,10874416-fa4c-4aa3-b885-4351d011d208,2,"White,Blue","White,Blue",{W}{U},Enchantment,,,9e830359-ab92-4bfd-82b3-d9c67ac80cf7
1,Airship Crash,,ec91c4e4-711f-464d-bc83-e6813f4fdcdb,3,Green,Green,{2}{G},Instant,,,72a0e0f1-e8be-441a-bcaf-029fb1bd1fd2
1,Airship Engine Room,,0b98ba34-f251-4bd0-9d75-1d4445be5cfd,0,,"Blue,Red",,Land,,,01ed9139-293d-4477-a145-3c6fe59266c7
1,Airtight Alibi,,bffbbe21-0a1d-48b9-903e-81c109aa11de,3,Green,Green,{2}{G},Enchantment,Aura,,cb666ea8-55e3-4e27-ae6d-806677dfc17a
1,Ajani's Chosen,,83ec7a9d-d932-4edc-857f-0fae060d1480,4,White,White,{2}{W}{W},Creature,"Soldier,Cat",,9c77eb0a-543a-41db-ba1f-aa0163837ae0
1,Ajani's Pridemate,,222c1a68-e34c-4103-b1be-17d4ceaef6ce,2,White,White,{1}{W},Creature,"Soldier,Cat",,95e94dea-5ac0-4d6f-adec-ca147aee861f
1,Ajani's Pridemate,,2f717e04-c078-4696-9ed6-e973033d7be0,2,White,White,{1}{W},Creature,"Soldier,Cat",,95e94dea-5ac0-4d6f-adec-ca147aee861f
1,"Ajani, the Greathearted",,6cc78151-8cb0-4521-9674-fb0c67e24a17,4,"White,Green","White,Green",{2}{G}{W},Planeswalker,Ajani,Legendary,f5d9be71-91d0-4166-ba58-cbbf5d490c40
1,"Akawalli, the Seething Tower",,3ee62dd1-97d0-4e5d-8937-26c9e51e9414,3,"Green,Black","Black,Green",{1}{B}{G},Creature,Fungus,Legendary,0679dcef-e1c3-4739-a769-18a4ffdcfde7
1,A Killer Among Us,,2c1392c5-91a5-4e6e-803d-ed032e4d594b,5,Green,Green,{4}{G},Enchantment,,,79d577a8-53c0-4220-bc0e-70764d72d5fd
1,Akoum Hellhound,,3a5ad1c8-3d70-43ed-9539-2aa6289c5c4a,1,Red,Red,{R},Creature,"Elemental,Dog",,05074b68-6b31-4f9f-b3ec-bffe3e7eab47
1,Akoum Warrior // Akoum Teeth,,d8ed0335-daa6-4dbe-a94d-4d56c8cfd093,6,Red,Red,,Creature,"Warrior,Minotaur",,afedce7b-0e18-40ad-a26a-1933fddb560d
1,Alabaster Host Sanctifier,,efbd934a-39c4-4ce7-af2a-34ca226d7f23,2,White,White,{1}{W},Creature,"Cleric,Phyrexian",,ad172d4e-febf-4844-9544-861d03e27ab5
1,Alchemist's Refuge,,36a11c11-1ea9-48e2-b1bc-49cba1390620,0,,"Blue,Green",,Land,,,357ed28b-899f-404b-94ff-6fb2ef81d87b
1,"Alexios, Deimos of Kosmos",,e81b94b2-4052-4686-a788-9baf0fa0f81a,4,Red,Red,{3}{R},Creature,"Human,Berserker",Legendary,81c6c4f0-81ad-463c-a42b-60a73e6d70f3
1,Alley Assailant,,edf238c9-61de-4f3a-b82f-05af46e5e81b,3,Black,Black,{2}{B},Creature,"Vampire,Rogue",,57eba48e-87bd-4b54-8635-7348020f2ba4
1,Allied Teamwork,,8a347283-eb16-4339-945e-316a5ce9e2c5,3,White,White,{2}{W},Enchantment,,,ceddea59-de47-4ddd-b424-6e1dcb13ab79
1,Allies at Last,,11a77897-2aba-4a9b-bbe6-1768ca9f12cb,3,Green,Green,{2}{G},Instant,,,c15e5e93-2eff-407d-ae75-437e36ef85ba
1,All That Glitters,,d9713032-2956-4564-b5f5-2dd16245a4e6,2,White,White,{1}{W},Enchantment,Aura,,a4d751e0-41c1-4e90-853d-512f385acd81
1,Alluring Suitor // Deadly Dancer,,397ffd01-c090-4233-9f5a-5f765886d498,3,Red,Red,,Creature,Vampire,,e98e8129-3e0e-45cc-b00c-1387cc592023
4,Alms of the Vein,,79b80948-a3cd-4962-8fce-d58f2db7e68e,3,Black,Black,{2}{B},Sorcery,,,2013a774-e6ab-4f2d-a84f-fd277a637d7e
1,Aloe Alchemist,,69f2f632-b6cc-4092-acd5-a6b152e90488,2,Green,Green,{1}{G},Creature,"Plant,Warlock",,97489ef7-98c3-4700-bbe6-185215d41b25
1,Alseid of Life's Bounty,,36c8c075-9597-412e-9fc4-9d73b4405d12,1,White,White,{W},"Creature,Enchantment",Nymph,,d371031e-78be-4964-b521-b1eaa22a5480
1,Altered Ego,,d51e076a-be33-4b2b-b52f-fe7b5bc56206,4,"Green,Blue","Blue,Green",{X}{2}{G}{U},Creature,Shapeshifter,,7c35f3fd-c64e-4944-a4d5-37ce916d23c3
1,Ambitious Farmhand // Seasoned Cathar,,54d4e7c3-294d-4900-8b70-faafda17cc33,2,White,White,,Creature,"Human,Peasant",,b85e7ab2-6f57-4b65-8c16-034b342996f0
1,Ambuscade,,4df71162-7e8f-47c5-aff4-59d82d8c674d,3,Green,Green,{2}{G},Instant,,,5e419975-e054-4c35-8845-a08589ebb08f
1,Ambush Viper,,0c082aa8-bf7f-47f2-baf8-43ad253fd7d7,2,Green,Green,{1}{G},Creature,Snake,,8957f7c2-040c-4048-9f21-efa7c97682b7
1,Amonkhet Raceway,,fb37d984-5a9c-45e3-8213-4af93872d512,0,,,,Land,,,fe174586-d36b-40f6-babd-1f98e76eec22
1,Amonkhet Raceway,,4f312807-ea2a-4385-8774-4e23b4a5d4a6,0,,,,Land,,,fe174586-d36b-40f6-babd-1f98e76eec22
1,Analyze the Pollen,,5563967f-09fd-4ccf-8892-4dd0c2544c98,1,Green,Green,{G},Sorcery,,,ec7d550b-9e13-4249-89c7-6ad43f71ea11
1,Ancestors' Aid,,e90d5b7d-e27d-42d6-ba7a-d4a6b0dd8549,2,Red,Red,{1}{R},Instant,,,a95a0b13-d50f-41cf-8668-de60d445e7b0
1,Ancestral Anger,,5dee47ab-d603-4346-97f4-a25dc3f47765,1,Red,Red,{R},Sorcery,,,e0828e8d-f01f-4088-9123-6d923ddb3242
2,Ancestral Anger,,a3788bc3-9c99-4f88-a976-28f46d9ef929,1,Red,Red,{R},Sorcery,,,e0828e8d-f01f-4088-9123-6d923ddb3242
1,Ancestral Mask,,1203f98a-fb6e-4f16-88e3-553eba177450,3,Green,Green,{2}{G},Enchantment,Aura,,db5380ed-ba28-4ea2-abc3-4998e2022903
1,Ancestral Reminiscence,,625690d3-7131-45de-adea-9c927241e661,4,Blue,Blue,{3}{U},Sorcery,,,dbfa2743-34ff-40e3-81f7-740fc08cd18a
2,Ancient Den,,d9a7b0f6-97f9-4937-865c-e25c142c3ed7,0,,White,,"Artifact,Land",,,02f16726-f2f6-4943-b71a-93f8e26251d3
4,Ancient Grudge,,e5e7b966-7c5b-44e6-a6df-4bd7af4edaa9,2,Red,"Red,Green",{1}{R},Instant,,,306593b0-6ea8-476f-a3f2-e17876c1bab4
3,Angel,,35e56eac-93d5-4ed3-af8f-2c77f0071e16,0,White,White,,"Creature,Token",Angel,,40c64f08-ab2f-4933-8e0e-d1a1c729008f
1,Angelic Destiny,,a588b610-86bb-4a18-b54e-a12f7d7d15c8,4,White,White,{2}{W}{W},Enchantment,Aura,,8ba36878-0816-44c7-b543-8ebfc28c2ecd
1,Angelic Intervention,,09fb5876-5b47-4a05-be57-7ad3890c8953,2,White,White,{1}{W},Instant,,,3d036f68-5f3a-4182-88f0-cdd685817dd0
1,Angelic Sell-Sword,,7581a319-8d15-4b67-a3d5-b90f1e99079b,5,White,White,{4}{W},Creature,"Angel,Mercenary",,60c77b18-c111-4e16-ad19-2ef32582cd9e
1,Angel's Grace,,580cb5be-fa59-4eb9-8808-7d2943fb6413,1,White,White,{W},Instant,,,66ca8a60-e028-4a5f-8177-860b888cb9d1
1,Anger,,c87eecb1-99cc-47c8-b404-5c41afa59c7d,4,Red,Red,{3}{R},Creature,Incarnation,,eaabd151-2160-4bff-82c0-3fa88659be98
1,Angrath's Marauders,,cf0a0bef-ed72-4fdf-9799-6f6430c8a8a7,7,Red,Red,{5}{R}{R},Creature,"Human,Pirate",,2d4976d4-649c-4d42-ac5a-ada4b46a480c
1,Animate Dead,,54aca743-cdc7-4e98-a91c-035591cd09f2,2,Black,Black,{1}{B},Enchantment,Aura,,c0d8fef4-65f4-4769-982d-b397d2b7e977
1,Animist's Awakening,,ff681dc2-bc62-4934-b936-49af1da4af6c,1,Green,Green,{X}{G},Sorcery,,,6f1bfe50-b61a-4fdd-963c-40d59117bdf4
1,"Anim Pakal, Thousandth Moon",,868856b7-8875-43c1-8249-0f8fb2c8319b,3,"White,Red","White,Red",{1}{R}{W},Creature,"Human,Soldier",Legendary,05551d91-50c6-46d1-86a4-cd3d177d0923
1,Ankle Biter,,424972d6-3b2c-449b-b786-749a77020fa1,1,Green,Green,{G},Creature,Snake,,ee8f16ba-cbf0-4286-b26c-d78dd35bee17
1,Annex Sentry,,04baad61-1b51-4602-9e33-0de4a9f34793,3,White,White,{2}{W},"Creature,Artifact","Cleric,Phyrexian",,be31fa46-d5ac-4c85-9c19-3f0e2b1f223b
1,Annihilating Glare,,be5d0b95-ec12-4e8e-99a0-7aca457f9107,1,Black,Black,{B},Sorcery,,,a75087aa-41bd-4e0f-a118-61b5209356f5
1,Anoint with Affliction,,f7dc55a8-290f-4666-90ce-aa632e87c5e7,2,Black,Black,{1}{B},Instant,,,402c3afe-7041-41a3-8fcd-64a060c12d4a
1,Another Chance,,20d9eb9f-2fcc-49f0-99c1-bad748239466,3,Black,Black,{2}{B},Instant,,,df9cdc11-cb92-46ce-a83d-eb26e3cd004a
1,Antagonize,,8bac1d2a-99dd-40b3-8823-ce9225efcdcf,2,Red,Red,{1}{R},Instant,,,f4e860f1-e637-4640-b257-57c2e42793ce
1,Anticausal Vestige,,35372b69-6086-44e0-9f7c-681e362e5142,6,,,{6},Creature,Eldrazi,,aceea999-90ab-472c-86a7-48af1542cbcf
1,Anzrag's Rampage,,9dc52b53-3e4f-4d7d-851f-86c6e0ac67b2,5,Red,Red,{3}{R}{R},Sorcery,,,ce690a21-8117-420e-be00-cd6d9923a812
1,"Appa, Aang's Companion",,dc65327b-7fe4-461c-b2d1-faac95ecae88,4,White,White,{3}{W},Creature,"Ally,Bison",Legendary,215215b8-6ddc-4e94-8640-6d324ff65f9c
1,"Appa, Aang's Companion",,1c5ae0d3-26e4-4d10-85ae-0578cf90eead,4,White,White,{3}{W},Creature,"Ally,Bison",Legendary,215215b8-6ddc-4e94-8640-6d324ff65f9c
1,"Appa, Loyal Sky Bison",,a9b2a843-c6fe-4d19-801e-1538e4381ab0,6,White,White,{4}{W}{W},Creature,"Ally,Bison",Legendary,c6e28cf0-81c7-4f52-a29b-988cc6fd31ee
1,Approach of the Second Sun,,fdf59a6e-7708-45a1-884d-d12e9f7b9ed9,7,White,White,{6}{W},Sorcery,,,e4125377-34c0-4b54-bdf8-4e88f5d24565
1,"Arabella, Abandoned Doll",,f683d5a1-b8bf-446f-9fe3-88a4398bf3cf,2,"White,Red","White,Red",{R}{W},"Creature,Artifact",Toy,Legendary,7c4bbb1b-29c4-4e06-aed0-b361293a585b
1,Arachnus Spinner,,a782fbd4-36fe-4da7-a73f-20d533de8960,6,Green,Green,{5}{G},Creature,Spider,,8fea91ee-5849-4c46-8198-fd383d9a55e8
1,Arachnus Spinner,,a782fbd4-36fe-4da7-a73f-20d533de8960,6,Green,Green,{5}{G},Creature,Spider,,8fea91ee-5849-4c46-8198-fd383d9a55e8
1,Arachnus Web,,ec348d8d-6b49-4a40-a668-fc6dd2af4f0d,3,Green,Green,{2}{G},Enchantment,Aura,,8b25f353-0798-4a03-a928-6a701a919468
1,"Aragorn and Arwen, Wed",,d7d4c97a-9319-4534-9a49-da000f41a02d,6,"White,Green","White,Green",{4}{G}{W},Creature,"Human,Elf,Noble",Legendary,b8a3440a-03c5-444c-a1de-252524c3db82
1,Arasta of the Endless Web,,882be812-fc76-4493-abe2-2101603399ce,4,Green,Green,{2}{G}{G},"Creature,Enchantment",Spider,Legendary,695eea46-1535-48c5-bbb6-0b8379e77bfc
1,Arbiter of the Ideal,,32e58ba3-4202-4f91-b27f-7528d27c1d5c,6,Blue,Blue,{4}{U}{U},Creature,Sphinx,,a6cefecd-459e-439a-a62c-689c2919b689
1,Arbor Elf,,4b81165e-f091-4211-8b47-5ea6868b0d4c,1,Green,Green,{G},Creature,"Elf,Druid",,4567a528-75f0-4ea6-b927-3a500caf76ac
1,Arcane Bombardment,,ef7e6e2d-d984-483e-b117-b1c5d640dc23,6,Red,Red,{4}{R}{R},Enchantment,,,1e36a42f-58e2-49bc-8c14-7f75e1d8ef98
1,Arcane Denial,,13eda3d5-7d10-4d69-b7f2-cdeebda63e99,2,Blue,Blue,{1}{U},Instant,,,ab1cc360-b9de-48d9-9983-4dfe4a7d2a37
1,Arcane Lighthouse,,e2384e42-2442-4b40-9bae-8db470d2fb8c,0,,,,Land,,,30ac68e6-160a-41f9-9f0f-0e0eef383150
1,Arcane Sanctum,,a929bfef-7e6d-483d-9605-f4ba7d104656,0,,"White,Blue,Black",,Land,,,7d7cf15c-06b9-4062-a1eb-32614c458a3b
2,Arcane Signet,,f3ee9829-f4c0-44a0-8252-4097402e2f8d,2,,,{2},Artifact,,,0bc7f093-bef0-4f1a-852c-4b75ebf54838
1,Arcane Signet,,0539b83c-4459-41b5-a001-d15a1c9ddf23,2,,,{2},Artifact,,,0bc7f093-bef0-4f1a-852c-4b75ebf54838
1,Arcbound Mouser,,9d66e724-49ee-4f08-a160-584350de1d95,1,White,White,{W},"Creature,Artifact",Cat,,5e59199c-facc-46b4-9681-988de0cfaba2
2,Arcbound Prototype,,1cb0a1a4-9216-47f8-a4e3-20fe0de6a518,2,White,White,{1}{W},"Creature,Artifact",Assembly-Worker,,ac1003b4-1f7c-4801-9dd3-5cb7d9881af8
1,Arcbound Ravager,,108033ab-e9d0-4510-9075-f28c3044629c,2,,,{2},"Creature,Artifact",Beast,,62e7e7b1-9887-4d15-b0e5-a8ddc711bd88
1,Archaeomancer,,73c6d1be-55ad-4ee4-b044-88438e9b78cc,4,Blue,Blue,{2}{U}{U},Creature,"Human,Wizard",,a91a3266-cadd-47a0-9b20-160307f14c07
1,Archaeomancer's Map,,c6ff5063-c93f-4b21-8d08-ab0e8e046d39,3,White,White,{2}{W},Artifact,,,ef833546-f755-4ac5-867a-3926984e68a0
1,Archetype of Aggression,,13946413-c76d-41a8-a699-404fd56b2067,3,Red,Red,{1}{R}{R},"Creature,Enchantment","Human,Warrior",,263408e6-b315-4af5-8cb8-3fd1aa88e48c
1,Archfiend of the Dross,,86b0edaf-8cfd-4508-9554-6f0fddc2dfc4,4,Black,Black,{2}{B}{B},Creature,"Demon,Phyrexian",,9188031e-1c24-4981-a3d2-461a2bf917b6
1,Archmage Emeritus,,761df6cd-0928-4167-8902-58fdb50181a0,4,Blue,Blue,{2}{U}{U},Creature,"Human,Wizard",,8305d576-21d8-4ce7-8eda-a7cd9793aca5
1,Archon of Sun's Grace,,235e5999-e8e5-4093-adff-9d47aec70d10,4,White,White,{2}{W}{W},Creature,Archon,,48a99dce-0aa9-4aac-81df-cec5f94c639d
1,Archway of Innovation,,6a90f9e6-9251-4203-9599-cc4032a5e6e1,0,,Blue,,Land,,,bfa20bc7-4626-4a52-87f4-6e2763cb8ed5
1,Ardent Electromancer,,e8685c8e-935f-49f2-acf2-8e3c41c5b330,3,Red,Red,{2}{R},Creature,"Human,Wizard",,43827acb-70cf-44a3-8560-e9f7330c835e
1,A Realm Reborn,,d1af74e4-38d5-44b5-85e1-4d13f6970453,6,Green,Green,{4}{G}{G},Enchantment,,,fd230ab5-874e-4827-9b5c-6d39d079cee6
1,Argivian Cavalier,,57746e72-ba9f-4717-a4a2-6c6a039080c3,3,White,White,{2}{W},Creature,"Knight,Orc",,c45090bd-a589-45a0-8388-025b8e0b3487
1,Arid Archway,,3f8c8fa2-12ab-4f6a-9f7a-2bc69e9ba024,0,,,,Land,Desert,,3be3d7e6-7860-438a-b8c8-ef154c18c163
1,"Arixmethes, Slumbering Isle",,bf561379-4e5f-486a-bcdf-6e08e105316e,4,"Green,Blue","Blue,Green",{2}{G}{U},Creature,Kraken,Legendary,caeb39ee-f0bb-4305-9e8b-b30ba0a74c78
1,Armadillo Cloak,,fa232c65-dbb4-4414-bd95-b3bbd321c653,3,"White,Green","White,Green",{1}{G}{W},Enchantment,Aura,,15397a59-70a8-441f-abf7-230405a1602b
1,Armament Corps,,dbd2c383-67a9-4f2f-b35f-b6e86c4d1a48,5,"White,Green,Black","White,Black,Green",{2}{W}{B}{G},Creature,"Human,Soldier",,3b93427c-5b40-4119-96ae-7dce3ca2bbb9
1,Armorcraft Judge,,0893ada6-d7dd-4913-8c94-a780fc559859,4,Green,Green,{3}{G},Creature,"Elf,Artificer",,d7f49243-a96e-499f-b2d7-8e9842432420
1,Armored Armadillo,,263232df-69b8-4205-93ad-c724fe57ec11,1,White,White,{W},Creature,Armadillo,,dca25245-523a-4587-a059-a14ee2ef908d
1,Armorer Guildmage,,e999fdc3-9269-44d7-9015-e16f5e5b73eb,1,Red,"Black,Red,Green",{R},Creature,"Human,Wizard",,7b75b74c-6003-4b34-bae3-2c9e2f880042
1,Armory Automaton,,99fbb6f1-0584-45c2-b4c5-0431447913d4,3,,,{3},"Creature,Artifact",Construct,,fa3335be-80b1-49d7-9809-5bef13be79f4
2,Armory of Iroas,,703a03ac-5bb5-4e36-ab9b-a5c007ffc03d,2,,,{2},Artifact,Equipment,,7ac1aab0-9d2d-4fb7-b0bb-0af3e6d665db
1,Arni Brokenbrow,,ff334bba-0805-4d5d-86c4-99185fe9a77a,3,Red,Red,{2}{R},Creature,"Human,Berserker",Legendary,3dce6c6c-599f-4e35-ae15-728c5e78dee1
1,Arni Metalbrow,,aeb3069f-5f5a-4e11-8a63-46399eb85a95,3,Red,Red,{2}{R},Creature,"Human,Berserker",Legendary,d799e58a-0032-4df8-a77f-0d824ec15214
1,"Arnyn, Deathbloom Botanist",,6168b472-0930-4db5-9920-407340b99050,3,Black,Black,{2}{B},Creature,"Vampire,Druid",Legendary,3debd5c7-da3c-4130-8ed9-e156e10034b6
1,Arrester's Zeal,,f501024b-79e8-48f8-8102-38d3e439dc64,1,White,White,{W},Instant,,,6b70af46-ff27-4eec-9692-248b06248de6
1,Artful Takedown,,4c9e8f24-af62-4d13-bfed-a8b3294b64c3,4,"Black,Blue","Blue,Black",{2}{U}{B},Instant,,,edc193bf-2987-4c7b-9cf3-69089ff13764
1,Ascendant Packleader,,142c5b67-5de9-41da-b57f-7ce771457a3e,1,Green,Green,{G},Creature,Wolf,,7e81853c-d0c0-40bc-80fc-13a5964878b2
1,Ash Barrens,,78a90148-5ed9-42db-a64f-4735676d82e3,0,,,,Land,,,58257464-278e-45fa-8e0b-bcd9a7500bc1
1,Ashenmoor Liege,,3bac7744-ba18-4fc5-8a6f-840dad28f6c0,4,"Red,Black","Black,Red",{1}{B/R}{B/R}{B/R},Creature,"Knight,Elemental",,f779754a-3de9-4621-b190-cf32949da0e8
1,Ashnod's Altar,,cdcccb0f-ce96-453b-9e82-41d87f52e58b,3,,,{3},Artifact,,,4d18bcba-a346-445e-a182-6cc30b7e066d
1,Asmodeus the Archfiend,,a5e6b864-58e7-43b9-9d79-1d0361340960,6,Black,Black,{4}{B}{B},Creature,"Devil,God",Legendary,1e4032f6-9741-4845-9325-781c9e489172
1,Aspect of Hydra,,19353629-07be-47e2-a7d5-3a5e5e1120c8,1,Green,Green,{G},Instant,,,d1580692-ca1c-4682-8cad-7ad380b39454
1,Assassin's Trophy,,def90432-6d13-4d28-aa27-f75dd26456bb,2,"Green,Black","Black,Green",{B}{G},Instant,,,ac10d218-f9a6-4058-9cda-a15ca1b0b7b5
1,Assemble the Legion,,43675ed7-ece1-4414-965e-9ebadcbf3dfb,5,"White,Red","White,Red",{3}{R}{W},Enchantment,,,6f81bef3-6ca0-4cf4-aa99-7b2813eeef04
1,Astelli Reclaimer,,4fb36405-cd28-432f-b0a4-e74ff8be928d,5,White,White,{3}{W}{W},Creature,"Warrior,Angel",,bb956492-e3ed-483a-9169-5b795a8e619e
1,Atraxa's Fall,,e08ed414-77bf-402a-82a8-9d4e1bd627a1,2,Green,Green,{1}{G},Sorcery,,,22677153-bd87-4ff8-af92-ced4da2aac6c
1,Attended Socialite,,8bccccf9-3ee5-4485-ae01-4dcbad989d18,2,Green,Green,{1}{G},Creature,"Elf,Druid",,5f7c6fa9-4208-4dc8-a75b-9586200d8e19
1,Attentive Sunscribe,,ad1a0159-7f00-429c-9318-b028b1e03ba8,2,White,White,{1}{W},"Creature,Artifact",Gnome,,0f85714b-e731-45a3-aa65-8cd59cd48280
2,Attercop,,81263d5d-e402-4813-9458-161112da27ab,2,Green,Green,{1}{G},Creature,Spider,,45d652c4-188e-4f00-acdd-1be014922cbc
1,Audacity,,40b0813a-38cf-4a07-81d6-91d24af8b549,1,Green,Green,{G},Enchantment,Aura,,4eb8d877-ee46-4bbe-99da-fee9e238ca58
1,Augmenter Pugilist // Echoing Equation,,d9131fc3-018a-4975-8795-47be3956160d,3,"Green,Blue","Blue,Green",,Creature,"Druid,Troll",,9110339d-72ba-4132-801f-cd2fd738b71d
1,Aunt May,,ad96343b-baac-428c-8270-fcffbbbe9fb8,1,White,White,{W},Creature,"Human,Citizen",Legendary,bdb769b5-c861-4ec1-ad6b-e2a56ca05fd1
1,Auramancer,,090dd4cf-5087-4ed8-a944-f3794e5862d5,3,White,White,{2}{W},Creature,"Human,Wizard",,bd5eb181-6a69-4dc2-93a0-fa000291bc3d
1,"Aurelia, the Warleader",,ef2efb63-2bc4-4808-9ded-ba93d89dedea,6,"White,Red","White,Red",{2}{R}{R}{W}{W},Creature,Angel,Legendary,0f5a3a09-2f07-4774-9e0f-e99d9a444166
1,Auroral Procession,,672f94ad-65d6-4c7d-925d-165ef264626f,2,"Green,Blue","Blue,Green",{G}{U},Instant,,,511d3de9-076b-4811-bddf-00623f98993f
1,Auspicious Arrival,,5180c85c-6add-4066-83c4-27fb1fd4de16,2,White,White,{1}{W},Instant,,,b25d5b06-44cf-42bc-90dd-3b238f702361
1,Austere Command,,cf1f630e-8b55-4f5a-a7f2-3161801de767,6,White,White,{4}{W}{W},Sorcery,,,09cc8709-fe10-472a-b05c-e89f3523018d
1,Authority of the Consuls,,42ce2d7f-5924-47c0-b5ed-dacf9f9617a0,1,White,White,{W},Enchantment,,,55f3c721-e13a-406e-bc8e-d6cdc91ac477
1,Avacyn's Pilgrim,,e9600bdc-6a1b-4f7a-aa7d-538fb89df937,1,Green,"White,Green",{G},Creature,"Human,Monk",,069f6530-e65c-4d52-85f3-e0a2acd148c5
1,"Avatar Aang // Aang, Master of Elements",,fe29e909-50e9-4f04-b1a3-2cc5d7e3efe8,4,"White,Green,Red,Blue","White,Blue,Black,Red,Green",,Creature,"Human,Avatar,Ally",Legendary,b4872bac-5822-4c35-9b73-38c4e3ffa477
1,Avatar Enthusiasts,,7292e5f2-d5a1-4e39-8f75-eba471819f04,3,White,White,{2}{W},Creature,"Human,Ally,Peasant",,7b0d9d79-2e86-4079-8db3-500483c8807e
2,Avatar Enthusiasts,,7292e5f2-d5a1-4e39-8f75-eba471819f04,3,White,White,{2}{W},Creature,"Human,Ally,Peasant",,7b0d9d79-2e86-4079-8db3-500483c8807e
1,Avatar of Slaughter,,f2e0978f-8577-443b-9f7d-59f439510d78,8,Red,Red,{6}{R}{R},Creature,Avatar,,2fc6305e-e75e-478a-826b-49f655ed832c
1,Avenger of Zendikar,,6a971200-0d89-45e2-8c1e-fb087642f7dc,7,Green,Green,{5}{G}{G},Creature,Elemental,,4ba5b3f6-503b-43e6-b66e-4f8c55cffed7
2,Aven Wind Mage,,1b12dfc1-81f2-44b2-baa2-73cc21363978,3,Blue,Blue,{2}{U},Creature,"Wizard,Bird",,ad5f9a18-89a5-4bcb-9cd7-5399ffd252d3
1,Awakening Zone,,bae2f694-a4e1-4cfd-a0bf-07aaf27886a6,3,Green,Green,{2}{G},Enchantment,,,f955bc96-d602-4142-a9a2-87009cc7028c
2,Awaken the Sleeper,,3b92f866-2522-4f2a-a5ca-7d01ad79b927,4,Red,Red,{3}{R},Sorcery,,,d4df1710-7402-45a7-966f-b51ddc087fbe
4,Axgard Cavalry,,2411c341-a470-4484-9248-7c1d3ca12978,2,Red,Red,{1}{R},Creature,"Berserker,Dwarf",,6a92b011-fd01-4b6a-a17c-73ac1967ff98
1,Azorius Arrester,,ff6ce02a-5e1e-4c7a-8bf6-97d9d2f9db92,2,White,White,{1}{W},Creature,"Human,Soldier",,3f2a27a1-f9cf-4dac-a248-5c6af4de3722
1,Azorius Chancery,,86fc4096-5a24-4092-8982-3eb4b0150cd2,0,,"White,Blue",,Land,,,189fc8f4-17ac-4f1d-82c8-8401445bdaf4
1,Azorius Chancery,,4ccd100d-3a53-4cfe-8d38-639573547f54,0,,"White,Blue",,Land,,,189fc8f4-17ac-4f1d-82c8-8401445bdaf4
1,Azorius Guildgate,,93cf5412-c711-41b4-ab3b-7788a0a22228,0,,"White,Blue",,Land,Gate,,ad1712d8-809f-410c-8b91-ffe6fb8a69a1
1,Azorius Justiciar,,f029e69e-3c74-42b9-b634-1263f25481b4,4,White,White,{2}{W}{W},Creature,"Human,Wizard",,cba0eae3-73ea-4ea9-87bf-1015e490da90
1,Azorius Signet,,d91a527d-51f1-4fb1-9016-fc923fd43a6a,2,,"White,Blue",{2},Artifact,,,e018773f-95b3-49a3-9674-6f04ddef2092
1,Azula Always Lies,,416b9207-a2af-44d1-9b87-4943f6e46d42,2,Black,Black,{1}{B},Instant,Lesson,,f56c6c35-d09b-4bee-a685-98e9afed13d1
1,"Azula, Cunning Usurper",,daf30e1c-436d-4f23-b1d2-570619a4b7f5,5,"Black,Blue","Blue,Black",{2}{U}{B}{B},Creature,"Human,Rogue,Noble",Legendary,7c9e351d-2e6c-4050-9c3d-b15bb9255a4d
1,"Azula, On the Hunt",,1335a145-248a-4f1e-8760-9a5d531e14e3,4,Black,Black,{3}{B},Creature,"Human,Noble",Legendary,89f96032-5cba-404d-82b0-38d2be963e4b
2,Azusa's Many Journeys // Likeness of the Seeker,,e8a51d2a-1582-4bad-995c-e7fe9f810149,2,Green,Green,,Enchantment,Saga,,02c60b8b-f665-4279-a00f-ae03991df4a6
1,Back for Seconds,,660845b5-96fa-4484-822b-aa0508801306,3,Black,Black,{2}{B},Sorcery,,,ee3d21b9-58b4-480c-bae3-26de50f1a5c6
3,Backup Agent,,2a46af75-3880-4141-b26e-19834d67e7a8,2,White,White,{1}{W},Creature,"Human,Citizen",,df9a3fe0-aca8-4adb-9ef6-45616025925b
1,Badgermole,,aabbd420-b7fc-496f-9168-bad823d51d9e,5,Green,Green,{4}{G},Creature,"Mole,Badger",,2084a7f6-226b-4fb4-a30e-703f674d33b4
2,Bag End Porter,,b7557170-39a2-49df-823e-958c3eb34801,4,Green,Green,{3}{G},Creature,Dwarf,,b80473f7-f1d4-4aa3-988e-1a8610ffbeee
1,"Baird, Argivian Recruiter",,1f643d78-d8d8-4645-9357-a68ebd0d3517,2,"White,Red","White,Red",{R}{W},Creature,"Human,Soldier",Legendary,1d078108-f88c-4a32-a28f-bae5182b2f53
1,Balefire Liege,,6f236f33-f6d2-4b07-a69d-42165670bd45,5,"White,Red","White,Red",{2}{R/W}{R/W}{R/W},Creature,"Spirit,Horror",,ee35ed62-d5a2-4e65-a7eb-fcdcb3665532
2,Baleful Eidolon,,853a89c6-63f9-4b12-8a5b-2c382e22b226,2,Black,Black,{1}{B},"Creature,Enchantment",Spirit,,0930a976-f69e-44a8-8b19-72095f20ed13
1,"Balmor, Battlemage Captain",,25e3ba0f-0879-4eea-9911-14b874f039b3,2,"Red,Blue","Blue,Red",{U}{R},Creature,"Wizard,Bird",Legendary,7da19fc5-cb85-4ec7-beea-95210378bbfe
1,Banefire,,6d418362-aa0c-4e42-b473-f266ec3d0a25,1,Red,Red,{X}{R},Sorcery,,,5eff8a06-e0d6-435a-a7c0-db9f9d98636a
4,Banishing Knack,,371a769a-ddae-47f6-b2c2-957de5c18417,1,Blue,Blue,{U},Instant,,,6f23621e-eceb-402e-a8d3-8e2b734762b3
2,Banishing Light,,961b1464-928e-41b9-bc73-c47df94e0e8e,3,White,White,{2}{W},Enchantment,,,f28b21a6-f7ce-437a-8c5b-0423cb55cefb
1,Bankrupt in Blood,,e635c433-0398-442a-856e-1869f6bf2cfd,2,Black,Black,{1}{B},Sorcery,,,10a66403-606d-4814-9583-50cdcd6976e0
1,Banquet Guests,,f4994a52-667f-46cf-9893-2f18b1f8bea2,2,"White,Green","White,Green",{X}{G}{W},Creature,"Citizen,Halfling",,7f2579ef-0422-4cb1-a0f8-6ad0d942515b
2,"Baral, Chief of Compliance",,a103a725-4750-4d9e-8792-6fbbb81bba0e,2,Blue,Blue,{1}{U},Creature,"Human,Wizard",Legendary,baf80db7-2ca8-4bfc-b5b6-25ed51878dd7
1,Bard the Bowman,,0b84e232-428c-424a-848c-ef95debc6e50,3,"White,Blue","White,Blue",{1}{W}{U},Creature,"Human,Archer",Legendary,ec076f5b-b0e3-4b6f-9293-a8fc42f20bd8
1,Barrels of Blasting Jelly,,4fd83083-3779-41f0-90a0-a00e3270e4e6,1,,,{1},Artifact,,,c6cd520c-106b-4ee5-bc02-6c5fbdbc78dd
1,Barrier Breach,,822f8403-77a7-4e75-88af-60d604632f5d,3,Green,Green,{2}{G},Instant,,,581425e6-3128-4f83-9efc-17028fc65078
1,Barrow-Blade,,f0eb7284-78a5-4b5e-8f6d-6be540e0bef8,1,,,{1},Artifact,Equipment,,867c5592-50d5-420c-ac71-50014bc390eb
1,Barter in Blood,,5195dfe0-9821-4df9-accb-d2858927a646,4,Black,Black,{2}{B}{B},Sorcery,,,9167998d-5cac-47d7-99f2-f38122f7b8e7
1,Bartolomé del Presidio,,690ccdc7-6c43-4902-9d11-2f07b7a36b11,2,"White,Black","White,Black",{W}{B},Creature,"Knight,Vampire",Legendary,f47e4c56-0a0b-422d-bf3d-7a20ee289f15
1,Basilica Bell-Haunt,,e72f4329-db6f-4284-b63e-55f22a0a0f6e,4,"White,Black","White,Black",{W}{W}{B}{B},Creature,Spirit,,796dc53d-5a0d-4d19-9fa4-f474a9d96041
1,Basilica Skullbomb,,8e2f0ae2-db68-4338-93f9-9d9268cec41e,1,,White,{1},Artifact,,,43057d84-b424-489c-abec-3fb4cb823d80
1,Basilica Stalker,,fdafea8f-283d-4f19-a74a-669bfbdfed98,6,Black,Black,{5}{B},Creature,"Vampire,Detective",,e335485a-80fc-40d4-8be6-7eabf2bab571
1,Basilisk Collar,,52a55efe-a870-4cd7-b22b-37c917065653,1,,,{1},Artifact,Equipment,,f5f4dd28-f4ae-4d39-b9b8-6ebfd63c93fe
1,Ba Sing Se,,bdf3b2be-d0cd-4a3c-a10e-82d32c12d3bd,0,,Green,,Land,,,de1ae205-ca5b-4d26-8194-ca85f1406e53
2,Basking Broodscale,,5feba5d6-99a6-4e9b-8a7d-90d955868fc3,2,,Green,{1}{G},Creature,"Lizard,Eldrazi",,a7c69802-99c4-4778-934e-cc09ba58c267
1,Bastion of Remembrance,,28aa32ff-3ced-405c-8508-7dd35cd20f02,3,Black,Black,{2}{B},Enchantment,,,c7f33cea-2ec8-4081-9208-a5b1d86721b3
1,Bastion of Remembrance,,2dd354dd-939e-4b1a-8ed6-fe89a7fd64bf,3,Black,Black,{2}{B},Enchantment,,,c7f33cea-2ec8-4081-9208-a5b1d86721b3
1,Bat Colony,,1c02134c-ec9f-4090-820e-8ba7ae4a8c2b,3,White,White,{2}{W},Enchantment,,,c2022f95-2c26-4a2a-b83b-60efa937cdde
1,Battering Ram,,ebf5ea1c-0ea7-4b84-b886-ebd346f4e154,2,,,{2},"Creature,Artifact",Construct,,e7b91fba-8d96-4040-95e8-f0023b65c497
1,Battlefield Forge,,f09bf0b7-45fa-4315-b393-f3ec0303c0c2,0,,"White,Red",,Land,,,6b75b94e-83b7-457e-ac41-7ca90b5a59aa
1,Battlefly Swarm,,3c6b4a2d-0bc0-4a54-9c78-712b48ad6be1,1,Black,Black,{B},Creature,"Insect,Phyrexian",,1396e7f1-ac91-4778-9f71-493c7a44bd51
1,Battle for Bretagard,,c83e860a-6dd5-4522-8b2b-b730934f59f7,3,"White,Green","White,Green",{1}{G}{W},Enchantment,Saga,,8294539d-7982-4ec9-8392-99eed78542f5
4,Battle Screech,,90301f8c-f7af-4179-8faf-9901931bba8d,4,White,White,{2}{W}{W},Sorcery,,,e73131cd-b454-405b-9539-9d777e232b9e
1,Battlewand Oak,,8a128ea6-cd00-4410-8dc4-cf66ce6f0fa1,3,Green,Green,{2}{G},Creature,"Warrior,Treefolk",,98d3d1f1-ac72-4b1e-87da-b4c1e4f03d08
1,Beacon Bolt,,39c9e4b5-364b-4c0b-bb47-266563a6abf2,3,"Red,Blue","Blue,Red",{1}{U}{R},Sorcery,,,884686dd-515c-4484-a324-e7d126903a42
1,Beamtown Beatstick,,2443cb94-b27e-4a96-93cb-ac7880149bcc,1,Red,Red,{R},Artifact,Equipment,,035e33ab-adfe-4831-bdbc-52f4ddc7ffe8
1,Beanstalk Giant // Fertile Footsteps,,dfd6b4bc-70da-4d93-bdf7-78ba176a764f,7,Green,Green,{6}{G} // {2}{G},Creature,Giant,,22c75ad5-237c-4dbd-bbc4-3058a3db408f
2,Beanstalk Wurm // Plant Beans,,19f20c0a-22be-4a9c-96ce-4047f7a2d424,5,Green,Green,{4}{G} // {1}{G},Creature,"Plant,Wurm",,a2192c80-c48f-44e2-807c-2f9ee1aa1152
1,Beast,,d2bfef17-6e00-4097-b27a-4e3c7e19ca03,0,Green,Green,,"Creature,Token",Beast,,695b14a0-920a-47bd-bd4a-7989862cdd0a
1,Beast Whisperer,,9da6f595-41b2-4e52-b15a-6ad18e4232c7,4,Green,Green,{2}{G}{G},Creature,"Elf,Druid",,5da7eea8-bb9e-47ce-a554-8a1ee058bd7a
1,Beast Within,,6dc4dfa3-527f-4401-bc76-32d81e9f6ef1,3,Green,Green,{2}{G},Instant,,,7735eeba-693b-47e2-bd51-414379cf1016
1,"Beatrix, Loyal General",,9da83b07-4978-4af7-be51-8aa8f35ec0bb,6,White,White,{4}{W}{W},Creature,"Human,Soldier",Legendary,2f24637d-8d8e-49de-b229-4cdb97595ed7
1,Beeble,,9bbfa4d4-106b-4fec-86ac-b81b71a8f432,0,Blue,Blue,,"Creature,Token",Beeble,,2de03d67-1b55-4abc-9a64-4f59658b9e97
1,Beetle-Headed Merchants,,c2eed79f-38c1-4aac-9525-d54cb114f17f,5,Black,Black,{4}{B},Creature,"Human,Citizen",,0e6609b4-f359-4bf1-a06e-f4317a0e7b3c
1,Befoul,,2dfff5d3-1433-4a24-83e6-6361a446b974,4,Black,Black,{2}{B}{B},Sorcery,,,c573c59a-5a79-4fe1-a6d8-5e0153b5c059
3,Befuddle,,1d2115c3-aa6d-4c81-af55-5b740287b8aa,3,Blue,Blue,{2}{U},Instant,,,664c1219-acfa-41da-b811-503a63fc8d84
2,Behind the Mask,,e522b043-fbd8-48a4-9f20-39e2a66a35ec,1,Blue,Blue,{U},Instant,,,85ac3efc-5e19-4661-b52f-116f57e39581
1,Behold the Multiverse,,27855a38-a682-4f97-ad22-ac625e86faec,4,Blue,Blue,{3}{U},Instant,,,d7d2f701-77df-4169-bf98-0d51d6886e9b
1,Bejeweled Warg,,e95eba5c-e0d6-46b4-a0be-8e373b2185ea,2,Green,Green,{1}{G},Creature,Wolf,,051ff7e0-dd00-4467-8796-a5d1c21934ed
1,Beledros Witherbloom,,144c2886-3d37-4a8a-8e37-99ccff66599e,7,"Green,Black","Black,Green",{5}{B}{G},Creature,"Elder,Dragon",Legendary,90194ff1-db61-463f-b5a3-15cd85311d0e
1,Belle of the Brawl,,2c3c992a-70b5-4d3c-9a96-93c3365691ac,3,Black,Black,{2}{B},Creature,"Human,Knight",,6bc4a078-4d30-452d-9e33-ff09f943903e
1,Belligerent Yearling,,0b2debca-8535-4cf6-a461-c268faaacaae,2,Red,Red,{1}{R},Creature,Dinosaur,,2d785e3e-8e19-4eea-b09f-9a30c792dba1
1,Bellowing Crier,,ca2215dd-6300-49cf-b9b2-3a840b786c31,2,Blue,Blue,{1}{U},Creature,"Advisor,Frog",,f2f3be8a-5ea1-47c2-8104-747f4589f5e6
1,Bender's Waterskin,,6d4a1712-d19e-4475-9614-a0b1af4da610,3,,,{3},Artifact,,,3bc46467-323f-4cbf-9d0a-f3d2ae3c3a34
1,Benevolent Blessing,,0d5c2401-da2c-46f9-b850-f37edcbb85cd,2,White,White,{1}{W},Enchantment,Aura,,9472c96a-2827-4af6-a6a1-b6749a5e9069
1,Benevolent Hydra,,064595cb-089e-4cf2-afe3-223235ce3f92,2,Green,Green,{X}{G}{G},Creature,Hydra,,01dbf1bc-ca62-4fb6-959c-ef7c0dc03bb0
2,"Beorn, Reluctant Host // Till and Tend",,804589b7-3ef9-473d-97cc-c61a2d41f70d,5,Green,Green,{4}{G} // {1}{G},Creature,"Human,Bear,Shapeshifter",Legendary,288da486-393c-4995-ad02-c5093a71970d
1,Besotted Knight // Betroth the Beast,,5980a930-c7f8-45e1-a18a-87734d9ed09e,4,White,White,{3}{W} // {W},Creature,"Human,Knight",,c7b6d2cd-9105-404b-88f0-a67037fb2120
1,Biblioplex Tomekeeper,,bf2efdd9-d2b4-4bea-a5b9-dbb2eee4dfba,4,,,{4},"Creature,Artifact",Construct,,08a0e845-9ef9-4de1-b9fe-4530357346ca
1,Bident of Thassa,,94751d5e-7693-44af-b1b5-e440677dc7a2,4,Blue,Blue,{2}{U}{U},"Artifact,Enchantment",,Legendary,e1afaef7-9fa3-4662-a95f-adfb0da9fd11
1,"Bifur, Melodic Rider",,ee88cc80-8fbf-451c-b2b8-09158426c26a,6,"White,Red","White,Red",{4}{R/W}{R/W},Creature,"Dwarf,Bard",Legendary,b8d563e4-e2bc-4e8b-8841-6655beff9138
1,Big Score,,39d1578f-e2cf-4b93-8204-ed5434feb183,4,Red,Red,{3}{R},Instant,,,a5cbd257-c836-493e-bb1a-76242619dea2
1,"Bilbo, Birthday Celebrant",,4cf6c13b-d898-4066-b006-9a7fa896d55a,3,"White,Green,Black","White,Black,Green",{W}{B}{G},Creature,"Rogue,Halfling",Legendary,5789520c-e4b2-44b2-b756-3f6b468dc55b
1,"Bilbo, Luckwearer // Burglar's Plot",,8bff0aa6-16d9-4c83-b598-ef00a3b33d2c,2,Blue,Blue,{1}{U} // {4}{U},Creature,"Rogue,Halfling",Legendary,a73d9109-36e0-40ea-ab06-5c5f7eb4ac54
1,"Bilbo, Luckwearer // Burglar's Plot",,b5fe776d-00c2-4d5d-9493-77dd754aa728,2,Blue,Blue,{1}{U} // {4}{U},Creature,"Rogue,Halfling",Legendary,a73d9109-36e0-40ea-ab06-5c5f7eb4ac54
2,Bilbo's Deadly Slice,,17892c93-b9b2-4720-933b-998ed0200492,3,Black,Black,{1}{B}{B},Instant,,,4c054431-3667-4e28-9d68-03b43447c35b
1,Bilbo's Ring,,91dbeac4-1c39-4a4f-84e7-1b71f7468c8f,3,,,{3},Artifact,Equipment,Legendary,a7cc0f6b-6b17-4e76-b2a6-6a6ee2519b61
1,Bioengineered Future,,800ee479-c1dc-4dd0-9b98-436c78997958,3,Green,Green,{1}{G}{G},Enchantment,,,6fa78914-85b3-46fd-977a-0e5b4d29eca4
1,Biogenic Ooze,,0e850205-d010-49af-b68b-262360751b70,5,Green,Green,{3}{G}{G},Creature,Ooze,,d2d84ba5-0d20-4ce3-8f1f-93cd9ef94f5f
1,Biomass Mutation,,9894bed2-c5dc-4569-9ed9-1d40df906f58,2,"Green,Blue","Blue,Green",{X}{G/U}{G/U},Instant,,,2dbe8aaa-2e34-4552-8da7-cf8ecbbaa7b6
1,Bird,,5988dc9e-724f-4645-8769-b94c5ef631b9,0,White,White,,"Creature,Token",Bird,,9b6825f6-5944-47f0-b2f1-04fbcb12a1cb
1,Bird Illusion,,16bc1cfe-c2b2-416f-9691-94106cfbf98c,0,Blue,Blue,,"Creature,Token","Bird,Illusion",,6c29dcc1-d7b6-4ef6-b663-0cc0e4be0529
2,Birthday Escape,,42db2313-b13d-4292-bef2-bf86f989d32f,1,Blue,Blue,{U},Sorcery,,,4f958678-2a32-4a30-8fe7-47df9ada6b2f
1,Bishop of the Bloodstained,,373131be-bd66-49f5-80fa-836ced03fedf,5,Black,Black,{3}{B}{B},Creature,"Vampire,Cleric",,e9398f3b-c457-4fff-9b09-377c612b6a48
2,Bite Down,,0eacd3de-b803-4322-8d88-d533761aa748,2,Green,Green,{1}{G},Instant,,,623903de-3c04-4745-9af3-d7ec9fb2574d
1,Bite Down on Crime,,29bbfe93-8225-444c-835b-33ffa006ef66,4,Green,Green,{3}{G},Sorcery,,,ff387264-31da-4f6b-88c6-2843f56acbda
1,Bitter Downfall,,e4b83aa1-33ce-4b8d-ae5a-72f64eef5f09,4,Black,Black,{3}{B},Instant,,,19c22e08-29b6-4b3d-bf6e-28a5add620bb
1,Bitter Reunion,,345a1c80-41d6-43b1-83ab-1aa56dd06b1b,2,Red,Red,{1}{R},Enchantment,,,173e86f4-17f3-44f5-8073-78e7e2e12c4a
1,Bitter Revelation,,25657da2-e7bc-4e9b-8ec2-5a5779738436,4,Black,Black,{3}{B},Sorcery,,,f3e025ce-6114-42d0-842f-73366c853657
1,Bitter Triumph,,db465858-0593-4850-8f1d-400fe230a18d,2,Black,Black,{1}{B},Instant,,,776341cb-d2ec-423f-9250-92dc8bd8d503
1,Blackblade Reforged,,240448cd-c308-49ae-9e4b-0c35adc59fba,2,,,{2},Artifact,Equipment,Legendary,dca51281-fb21-45b6-beb4-1f13397caee2
2,Black Dragon,,aaca283a-39f1-4ae7-98fb-7821a927ef86,7,Black,Black,{5}{B}{B},Creature,Dragon,,ad804712-18ba-49d7-9af2-4361edaa6cf8
3,Black Mage's Rod,,35e8f140-055f-4fc7-a765-fb030d828214,2,Black,Black,{1}{B},Artifact,Equipment,,909b3d90-5762-461b-b49a-004a9e72733d
1,Black Mage's Rod,,35e8f140-055f-4fc7-a765-fb030d828214,2,Black,Black,{1}{B},Artifact,Equipment,,909b3d90-5762-461b-b49a-004a9e72733d
1,Black Market,,275b4c56-e17e-49ec-8946-0e95a4bfa1ae,5,Black,Black,{3}{B}{B},Enchantment,,,21338b71-37f5-4121-9b84-565025ebcd17
1,Blacksmith's Skill,,31506792-d0ab-4c13-9ab8-6fa433220dbf,1,White,White,{W},Instant,,,5c5b308c-07d5-422a-8b45-b8b19cb967ca
1,Blacksmith's Talent,,4bb318fa-481d-40a7-978e-f01b49101ae0,1,Red,Red,{R},Enchantment,Class,,9fdad42a-9db5-4d91-9e80-9d5ce19038b8
1,Black Sun's Zenith,,eda98f51-a918-4ef7-a123-7d4200c79620,2,Black,Black,{X}{B}{B},Sorcery,,,038c0165-32b6-4e81-8180-604b49905207
1,Black Waltz No. 3,,fe86e41b-b0f6-4aa1-8827-c095c721f304,4,"Red,Black","Black,Red",{2}{B}{R},Creature,Wizard,Legendary,9c84c681-40c1-4ff3-86e6-48b4ab7491e5
1,Bladegraft Aspirant,,2d6cf933-73fe-4e79-8d0b-29dc0f18b25d,3,Red,Red,{2}{R},Creature,"Warrior,Phyrexian",,644c785d-3061-44bc-9f78-bc939c565bf4
1,Bladegriff Prototype,,0093bdcf-6626-40ab-9b87-8ab9e4a306a4,5,,,{5},"Creature,Artifact",Griffin,,9fff90b6-98ef-4f78-b08d-7e46dfc03403
1,Bladehold War-Whip,,563e9ba5-e0ec-4fb3-8301-689aa145cc19,3,"White,Red","White,Red",{1}{R}{W},Artifact,Equipment,,d3142c6b-86e9-42b7-916c-ce7c34e7bd53
1,Blade of the Bloodchief,,34e7bebf-1844-476c-a947-978393908fa2,1,,,{1},Artifact,Equipment,,8985e545-07c3-45f9-9058-fe3c1f50de04
1,Blanchwood Prowler,,9c6988b6-ade0-4cd5-b27c-146e5e7ae91f,2,Green,Green,{1}{G},Creature,Elemental,,8d1a367a-542e-4b94-b466-c922c5fb717b
1,Blasphemous Act,,509ce648-fb76-486d-8b39-183e368b7cb7,9,Red,Red,{8}{R},Sorcery,,,7a2484a9-04fd-41a0-8224-610c1c07ed10
1,Blatant Thievery,,99c6600d-d55b-43d3-81f0-3a1da0637e86,7,Blue,Blue,{4}{U}{U}{U},Sorcery,,,8bb51dd2-cc62-48ea-ae8e-52351073a8c9
1,Blazing Crescendo,,d6bfc16a-2871-40a4-b279-636b80491a06,2,Red,Red,{1}{R},Instant,,,6344c96a-efa5-4125-8219-d333228391cf
1,Bleeding Woods,,cb224874-aff5-461f-82ee-89b06663231a,0,,"Red,Green",,Land,,,47b6d2ae-d3d7-41eb-9172-2076eb8d028d
1,Blessed Hippogriff // Tyr's Blessing,,b4590e53-ca8d-4896-a8cf-6af1e4bc456f,4,White,White,{3}{W} // {W},Creature,Hippogriff,,3372b994-47de-4e89-9bfc-76e1cb3f1cfa
1,Blessed Respite,,2217881d-26dc-44c0-81d8-8c78c44bc5f0,2,Green,Green,{1}{G},Instant,,,8c888122-9d05-4641-931c-83f771ba9d09
1,Blessing of Leeches,,de0ba1cf-d913-4285-9d8b-38acf78cc45e,3,Black,Black,{2}{B},Enchantment,Aura,,923b725a-e189-4b61-b01a-c5056f1328ba
1,Blighted Burgeoning,,007324b3-b8a9-4a32-a5a1-ad78f3a07bc3,3,Green,Green,{2}{G},Enchantment,Aura,,5e10fd35-9768-48e4-8cdb-95224ad33b9b
1,Blighted Woodland,,113bc443-cccc-434d-b3e4-53d15056175d,0,,Green,,Land,,,02679a2e-303d-412f-87d8-0a37a8ca259c
1,Blight Mamba,,cf9b3335-565c-406d-bd94-f36974602552,2,Green,Green,{1}{G},Creature,"Snake,Phyrexian",,e11a856c-31d3-4f4b-a517-8a5134b88517
1,Blight Mound,,dc060028-e01c-4bc7-8b52-7d0e2a350061,3,Black,Black,{2}{B},Enchantment,,,c4fe854e-8783-492e-bb2e-9f242ada8a5b
1,Blightwidow,,26da4278-ba44-4555-8837-e24627b46533,4,Green,Green,{3}{G},Creature,"Spider,Phyrexian",,282003f4-862a-4f80-8f45-e470fc0fe2fe
1,Blind Obedience,,77fccacf-a9b3-4290-9b83-24188e7c885b,2,White,White,{1}{W},Enchantment,,,5d998c09-7d89-4265-ada4-6d80cbf56dae
4,Blink of an Eye,,ab830392-4d7e-4b45-93cf-35ed1e935228,2,Blue,Blue,{1}{U},Instant,,,51acd176-e84d-42c2-acb2-cceeb28a9fec
1,Blisterpod,,8db1cc35-8901-4528-9100-38f12d89540c,1,,Green,{G},Creature,"Eldrazi,Drone",,2a62b226-d317-4212-9781-9c1d72056f11
1,Blitz Automaton,,e4e5529a-848b-486c-97fb-1def35df7837,7,,Red,{7},"Creature,Artifact",Construct,,19f344ee-031d-4346-9553-c5d32b02df43
1,Blood,,4d4b2e0c-0e81-4147-aeef-579491d7ebc2,0,,,,"Artifact,Token",Blood,,03f45075-9423-454f-a256-94dcafb2a779
1,Blood Artist,,e93e65d6-c2c8-4ab6-9296-7b21ff2ff8bf,2,Black,Black,{1}{B},Creature,Vampire,,310f141c-7f37-4729-aed6-dd9c09db448d
1,Bloodbraid Elf,,7ef67487-c8e5-49bb-b0f7-e073ff2e31f1,4,"Green,Red","Red,Green",{2}{R}{G},Creature,"Elf,Berserker",,3f0c9466-5ab9-4205-a84f-b4b27b5a678e
1,Bloodcrazed Paladin,,3e2160e9-14a0-4c75-b7b0-fb09051ddb32,2,Black,Black,{1}{B},Creature,"Knight,Vampire",,7e7ec48c-e31d-4ddf-a128-1969951dacf9
1,Blood Crypt,,8bd5828b-8dcd-4ce6-b834-ebe9cbaa12d1,0,,"Black,Red",,Land,"Swamp,Mountain",,43985bbc-a0f6-4812-984e-392bc8562633
1,Bloodfell Caves,,49195d90-de0c-4290-aa1c-9f4d948b5521,0,,"Black,Red",,Land,,,64e29bfc-9313-4e8c-808c-bc27f6b018a6
1,Bloodforged Battle-Axe,,a78289e0-3675-4587-8a33-54640e58a1f7,1,,,{1},Artifact,Equipment,,81a7f559-5edd-47ec-91f7-51e5ee998ed0
4,Blood Fountain,,dd03651e-ada0-41dc-8722-0eba476943e3,1,Black,Black,{B},Artifact,,,abfa5753-8c02-4e2f-8f98-b0636907293a
1,Bloodghast,,cee85485-598f-4dfc-aa0b-7b1de86c7788,2,Black,Black,{B}{B},Creature,"Vampire,Spirit",,e97f9c2b-b41e-4f36-9245-77c0ac125647
1,Bloodline Pretender,,eb8a16f6-55c1-40eb-998f-592bf31916b1,3,,,{3},"Creature,Artifact",Shapeshifter,,51d6d164-6e5f-4be3-8f09-433e0b8d4c6b
1,Blood Mist,,2c01ef93-f41a-406f-91fc-f015b6014575,4,Red,Red,{3}{R},Enchantment,,,22188333-69b6-4685-b96b-b8a102ad5531
1,Blood Pact,,607b1066-1ca0-45e1-a55c-30aed77cc8dc,3,Black,Black,{2}{B},Instant,,,cfc5a284-7238-4c98-9d2f-7e5c3329be7b
1,Blood Pet,,9ff08225-82a5-4636-be6a-d38d32f5663f,1,Black,Black,{B},Creature,Thrull,,e05c6c80-a91a-45e0-b991-0014fd5a6472
1,Blood Petal Celebrant,,4592609d-48f5-4762-b95c-b2eaa2ea4d51,2,Red,Red,{1}{R},Creature,Vampire,,219cf182-0942-4569-91e9-9bc9bb1d06d0
1,Blood Petal Celebrant,,0c3a4927-f06c-424d-92a9-b40cf8e3e209,2,Red,Red,{1}{R},Creature,Vampire,,219cf182-0942-4569-91e9-9bc9bb1d06d0
4,Blood Seeker,,d1abc9e8-9ecf-4665-9ea5-ee18ab83c148,2,Black,Black,{1}{B},Creature,"Vampire,Shaman",,41087db6-34c4-4e2b-9f54-5e4488ca9c0b
1,Blood Sun,,875832f4-e541-4c87-8479-731e0eab2cc6,3,Red,Red,{2}{R},Enchantment,,,1534d90f-fc88-42dc-bf01-8b0986485e78
1,Bloodthirsty Blade,,bcdf583e-25f8-4227-96e9-e70ec8a36b09,2,,,{2},Artifact,Equipment,,b2747459-05ec-42a6-81be-e97e182bc778
1,Blossoming Bogbeast,,764054f1-e848-4cee-b623-4861ce15c370,5,Green,Green,{4}{G},Creature,Beast,,30f3c3be-0fe9-463d-a245-e44701aec7f2
1,Blossoming Sands,,e34684d6-2935-4776-9a86-b603ad8cf624,0,,"White,Green",,Land,,,45429b2c-be3b-4b2e-9bab-a059ccbda8cd
1,Blue Sun's Twilight,,3a836e6b-6854-4f6f-bc78-2da1fd4dd224,2,Blue,Blue,{X}{U}{U},Sorcery,,,11e637b4-6ce0-4514-98d6-02a2d073f73b
1,Blue Sun's Zenith,,8287b55b-ed12-4a86-b2ca-e462457570f4,3,Blue,Blue,{X}{U}{U}{U},Instant,,,613a41b8-0b4f-4995-bf1e-ca41f96e6438
1,Blur,,77a43413-3ab0-4ef6-83de-192a11d48f00,3,Blue,Blue,{2}{U},Instant,,,00b36996-43c6-42a5-892c-c7c8864cf973
1,Boar-q-pine,,087a445c-5f63-45d6-83e8-20d22650db20,3,Red,Red,{2}{R},Creature,"Boar,Porcupine",,551e4356-5b1f-475c-a64b-9c50ea9b0368
2,Boar-q-pine,,087a445c-5f63-45d6-83e8-20d22650db20,3,Red,Red,{2}{R},Creature,"Boar,Porcupine",,551e4356-5b1f-475c-a64b-9c50ea9b0368
2,Body Dropper,,0fcb6d47-dccb-4b69-aed4-7a6215857606,2,"Red,Black","Black,Red",{B}{R},Creature,"Warrior,Devil",,c0c465ea-4242-4737-9c3e-69222bdb8f1b
1,"Bofur, Reliable Guardian // Concerted Care",,6b8e6435-7de4-41d5-bc7d-8e24c11897d0,1,White,White,{W} // {1}{W},Creature,"Scout,Dwarf",Legendary,8a0e35ac-6c03-4922-b3b4-e419419fe3d7
1,"Bofur, Reliable Guardian // Concerted Care",,6b8e6435-7de4-41d5-bc7d-8e24c11897d0,1,White,White,{W} // {1}{W},Creature,"Scout,Dwarf",Legendary,8a0e35ac-6c03-4922-b3b4-e419419fe3d7
1,"Bofur, Reliable Guardian // Concerted Care",,a221baee-6ed1-4f11-b38c-e0be8531e170,1,White,White,{W} // {1}{W},Creature,"Scout,Dwarf",Legendary,8a0e35ac-6c03-4922-b3b4-e419419fe3d7
1,Boggart Trawler // Boggart Bog,,d0d484a6-5610-4f1d-95ec-eda273c255e4,3,Black,Black,,Creature,Goblin,,727f3201-1cfc-4ab2-9dfe-be4f7251f42f
1,Bogstomper,,05145a8d-0bfb-4f07-87cf-65875310bdb4,6,Black,Black,{4}{B}{B},Creature,Beast,,7c2f1915-8d91-47c6-bab4-be325348673a
1,Boiling Rock Prison,,1c2e2220-54d1-4180-93a0-964e3b0ba8b8,0,,"Black,Red",,Land,,,6caabc45-4644-4941-a2f3-f04ee7b50a89
1,Bojuka Bog,,529c38b3-7397-4dac-9859-acd9cd451c32,0,,Black,,Land,,,04b7362d-0490-4cb0-b5d7-2a7732f659ce
1,Bolas's Citadel,,1e6e80ec-68a4-4cfb-a712-2ea0d26dc6a1,6,Black,Black,{3}{B}{B}{B},Artifact,,Legendary,2bd111bb-ce02-414c-b5b7-e0e037d8d96b
1,Bolg's Company,,ea3f5644-f7e3-40de-ada5-cea2e9113cfb,2,"Red,Black","Black,Red",{B}{R},Creature,"Goblin,Soldier",,fa602f8f-1d80-4f6d-8b8f-d1a1f36037bd
1,Bombadil's Song,,6391699e-987a-499f-9fec-96f2362760b9,2,Green,Green,{1}{G},Instant,,,60092fb4-98db-4f2d-a5d7-24b5f11c8acc
1,Bond of Discipline,,bb7c78bb-9f2a-47a4-adc4-b497bb38f46f,5,White,White,{4}{W},Sorcery,,,00e9957a-5684-4a07-954e-8161925fefe4
1,Bonehoard,,31ed2d63-5eb6-4027-b702-ef9265fda4b6,4,,,{4},Artifact,Equipment,,83c69c05-173d-4c1b-9541-1dde474fef5f
1,Bone Shards,,1ee98955-4c47-4d45-9377-608dfa755337,1,Black,Black,{B},Sorcery,,,6e760cfe-45b9-4a3f-b2e2-4ca6ec2bd13a
1,Bone Splinters,,106b5c96-d1bd-433d-955e-ace0b60d3bc3,1,Black,Black,{B},Sorcery,,,0c936582-d4c0-4da8-bc7e-49da5a433939
1,Bone Splinters,,74780faa-1c64-4d73-8d09-53b47ba02d7a,1,Black,Black,{B},Sorcery,,,0c936582-d4c0-4da8-bc7e-49da5a433939
1,Boneyard Desecrator,,d43981b1-60c8-4896-8885-b07e73b99b30,4,Black,Black,{3}{B},Creature,"Zombie,Mercenary",,c3adc698-a0c5-4c82-8347-536745c9e928
1,Boneyard Wurm,,75f3d9eb-462c-41b5-ad1a-baab7dc5eac3,2,Green,Green,{1}{G},Creature,Wurm,,6e5f908a-f4f1-4718-ac39-34176e401756
1,Boomerang Basics,,17ab958a-abc6-472e-ad6a-97c731d89c74,1,Blue,Blue,{U},Sorcery,Lesson,,acd881eb-f3b4-4174-9fc2-e3c7c213886b
1,Boon of Emrakul,,24bb97c6-d2ff-459f-986e-73e30534d865,3,Black,Black,{2}{B},Enchantment,Aura,,20d30d4d-cf38-41fe-a2ce-8327f7c87c01
1,"Boromir, Warden of the Tower",,f6bc3720-2892-4dda-8f30-079a1ac8e1e2,3,White,White,{2}{W},Creature,"Human,Soldier",Legendary,d72b57e5-1c6e-4f02-968f-7e2dd24f0d3c
2,Boros Elite,,c39f6916-e89d-4185-84b9-c6c02e348ad8,1,White,White,{W},Creature,"Human,Soldier",,7c83fb45-03af-4f1a-b7e3-2c4f47511658
1,Boros Garrison,,7fbc73e9-a17f-475c-8a23-f9673e1930ae,0,,"White,Red",,Land,,,8fa3ac81-3dfe-4565-be99-5554f7597b4b
1,Boros Guildgate,,1c8a60d9-1a6f-4bff-ae9e-da6e18a7eb89,0,,"White,Red",,Land,Gate,,73c423b7-cab8-4e69-8070-9edbf96a6c2c
1,Boros Guildgate,,c52ceefc-90d0-49d1-ae54-9a4eab819849,0,,"White,Red",,Land,Gate,,73c423b7-cab8-4e69-8070-9edbf96a6c2c
1,Boros Keyrune,,c4b65847-fee2-4e00-b598-7363059ec3ff,3,,"White,Red",{3},Artifact,,,991ae2f7-3f8e-4364-8698-5277786d7dcd
1,Boros Signet,,1bae1f86-4639-4424-b47b-fdc826bf6e97,2,,"White,Red",{2},Artifact,,,41c84665-1f99-40ab-aaca-1188649eb263
1,Boros Signet,,0c6e02b3-be4c-45b8-9cb8-6b3142b30c6b,2,,"White,Red",{2},Artifact,,,41c84665-1f99-40ab-aaca-1188649eb263
1,Borrowed Time,,3eeef24b-b937-408e-a32e-1a546d3e7b0f,3,White,White,{2}{W},Enchantment,,,f1ac4e0e-5633-46e4-9a21-d3924e481d13
1,Boseiju Reaches Skyward // Branch of Boseiju,,1144014b-f13b-4397-97ed-a8de46371a2c,4,Green,Green,,Enchantment,Saga,,ec08aeb3-bba7-4982-9160-68d25bd411d6
1,Botanical Brawler,,977c15c9-2aad-4d1d-86a6-1f9d78ad7af6,2,"White,Green","White,Green",{G}{W},Creature,"Warrior,Elemental",,d8d5d0a4-9a56-404c-b459-a37dc5ae6bc1
2,Boughside Wanderers,,71bec005-2925-4944-be16-2cc5eb30f5d6,6,Green,Green,{4}{G}{G},Creature,"Elf,Scout",,dc788b66-d03d-4066-be35-481be96ed2f7
1,Boundary Lands Ranger,,ccdcbb1d-702e-4832-8eed-7ed3deffefe3,2,Red,Red,{1}{R},Creature,"Human,Ranger",,1189b5d5-ca8f-4b4e-a5f1-91122a485cf3
1,Bountiful Landscape,,f1c99617-6e38-4af7-a064-6db9a5e2cc6a,0,,"Blue,Red,Green",,Land,,,2eb69a8f-9456-4852-b868-85ae609d3441
1,Braids's Frightful Return,,49aa8d4c-04e9-4f38-9786-2c9ad735dd72,3,Black,Black,{2}{B},Enchantment,Saga,,4567a42a-aa1c-4ca2-b5e2-b09acac3f276
1,Brainstorm,,8d42d7aa-7f53-4cfc-842a-086aab2448d1,1,Blue,Blue,{U},Instant,,,36cd2364-d113-47d1-b2c4-b088d9eb88dd
2,Brainstorm,,d6642652-5284-45e0-8d21-bead3b9ed033,1,Blue,Blue,{U},Instant,,,36cd2364-d113-47d1-b2c4-b088d9eb88dd
1,Brainstorm,,3e4e6787-af32-44f2-ac56-6f348254aa6d,1,Blue,Blue,{U},Instant,,,36cd2364-d113-47d1-b2c4-b088d9eb88dd
1,Bramble Armor,,621b58aa-c809-4baf-b2c8-3a46969598d7,2,Green,Green,{1}{G},Artifact,Equipment,,25328cab-c7c0-4c55-99bb-a4149f6c511a
1,Bramble Familiar // Fetch Quest,,475d7e9a-759d-4523-a5cd-2a6e0d1b14ea,2,Green,Green,{1}{G} // {5}{G}{G},Creature,"Elemental,Raccoon",,68f36dfa-bbd2-4860-b09b-37e35136be72
1,Bramble Wurm,,d4b68ba9-a4e7-4de0-ae44-260f6c518033,7,Green,Green,{6}{G},Creature,Wurm,,db4f67a9-6b47-4abe-9367-718da9e0609e
1,Brash Taunter,,0b5cb154-1825-4b81-a109-7b3e9592c65c,5,Red,Red,{4}{R},Creature,Goblin,,3e41648f-c5a9-4b26-b97e-8176fe5e9c85
1,Brass Squire,,37928b90-ab31-4c73-99b2-fe31feb2afea,3,,,{3},"Creature,Artifact",Myr,,5a10c3a5-6724-4e5a-ae4f-b27dde12735a
1,"Brass's Tunnel-Grinder // Tecutlan, the Searing Rift",,d61d8895-7f2e-4c77-951f-4f1a49e96f57,3,Red,Red,,Artifact,,Legendary,af1553eb-4f9f-4335-9078-56649bd8d8fc
1,Brawn,,e9f4b7fc-8793-43af-ade3-b23846a80457,4,Green,Green,{3}{G},Creature,Incarnation,,00876e98-d062-4a12-85e6-86a2b20cf867
1,Break Asunder,,fb989895-a5c7-4151-8620-ab277d826303,4,Green,Green,{2}{G}{G},Sorcery,,,d2c53737-c265-46e3-a779-52c6b4f82d7d
1,Break the Spell,,f7094fc0-1d26-429c-9b49-37718c4a5c80,1,White,White,{W},Instant,,,b9d51e07-851f-4b7b-bffe-7c1efff0714c
1,Breathe Your Last,,50eac71d-54f9-46c2-aa1d-c04c37e61f74,3,Black,Black,{1}{B}{B},Instant,,,dc3af7cb-03b9-445f-82eb-18798ec92934
1,Breeding Pool,,ece3bcdd-cb33-4923-b919-ba57a327d3cd,0,,"Blue,Green",,Land,"Island,Forest",,20283c4a-f1f0-42f0-bc08-6da87474426b
1,"Breena, the Demagogue",,599f87c8-643e-4224-93a5-853c0bd4e497,3,"White,Black","White,Black",{1}{W}{B},Creature,"Bird,Warlock",Legendary,d11e627b-8a48-411d-a261-2c9a02a758ba
1,"Breya, Etherium Shaper",,8bf3929c-957f-4ea2-a27d-7d53979844af,4,"White,Red,Black,Blue","White,Blue,Black,Red",{W}{U}{B}{R},"Creature,Artifact",Human,Legendary,d460a9e2-5a7d-4562-880e-45174be19a9d
1,Breya's Apprentice,,c32b5b2e-dabf-4672-b476-4873781f636e,3,Red,Red,{2}{R},"Creature,Artifact","Human,Artificer",,8fb9ff2d-1e90-4a26-8397-bb981fda2f7b
1,Bridgeworks Battle // Tanglespan Bridgeworks,,ebef3db0-2b58-4581-a79c-fbca9a059e63,3,Green,Green,,Sorcery,,,9d581188-ce80-494e-bd38-f411e1f4efb5
1,"Brigid, Clachan's Heart // Brigid, Doun's Mind",,cb7d5bbb-4f68-4e38-8bb0-a95af21b24c8,3,"White,Green","White,Green",,Creature,"Warrior,Kithkin",Legendary,60fc89a1-cc6f-4a32-84c3-09abf7a4a1df
1,Brigid's Command,,cf034777-3da7-4d5c-9213-5e9d235c315a,3,"White,Green","White,Green",{1}{G}{W},"Sorcery,Kindred",Kithkin,,6487fc1b-5c83-4d09-94d3-175725bcb922
1,Brilliant Restoration,,64f7a506-0aa1-4c2d-b322-e0e9179d05fb,7,White,White,{3}{W}{W}{W}{W},Sorcery,,,9584a8ae-2aba-42b8-8983-0467d6bd5698
1,Bring the Ending,,ba9d9d26-0c76-4a09-aa25-b32854e70c0b,2,Blue,Blue,{1}{U},Instant,,,57b37690-0fb6-4e78-9210-4a529a6ade7c
1,Bristling Boar,,77d9f200-cfbf-4d59-9294-2bbbd532fedf,4,Green,Green,{3}{G},Creature,Boar,,f4aed3d2-04f5-49a4-a6be-d3cf097903f8
2,Bristling Boar,,999030b2-2f91-4c45-981f-acdbbf9034af,4,Green,Green,{3}{G},Creature,Boar,,f4aed3d2-04f5-49a4-a6be-d3cf097903f8
1,Broken Bond,,b4dcb59f-2a47-4461-9831-204ad15696b5,2,Green,Green,{1}{G},Sorcery,,,858e12e9-3eaa-40cf-9e22-f9ccdfe485b3
1,Brokers Hideout,,989b299b-daa9-4bda-94e2-9a2f0e8f2bce,0,,,,Land,,,bd002797-a545-4bee-88bf-b878436e7cca
1,Broodguard Elite,,08b1d019-65ab-4dea-9076-041fd6338a35,2,Green,Green,{X}{G}{G},Creature,"Knight,Insect",,c90da077-de8c-4402-abfc-b63dd15853da
1,Brood Monitor,,cf5a6be1-f706-4681-9f95-512381be123e,6,,Green,{4}{G}{G},Creature,"Eldrazi,Drone",,9a08bb4b-46df-4b99-8f86-670d07e900ba
1,Broodrage Mycoid,,08318a16-a9ed-42c8-9433-876b7a72e368,4,Black,Black,{3}{B},Creature,Fungus,,eeba4706-b4f2-48f9-bcb1-e42a5fc68c40
1,Brood Weaver,,e24e2f49-70f9-445f-af03-2ef43798004a,4,Green,Green,{3}{G},Creature,Spider,,f0a7ef59-7897-4e84-a85e-1fcbe3dc9f6a
1,Brought Back,,aecdc315-95e5-450c-bedc-998eea46cf8c,2,White,White,{W}{W},Instant,,,f6ed46e2-08f9-4e89-aae3-e5dd7f30f007
1,"Brudiclad, Telchor Engineer",,d24bf1df-5087-4ad6-a1aa-4eda2340cd8b,6,"Red,Blue","Blue,Red",{4}{U}{R},"Creature,Artifact","Artificer,Phyrexian",Legendary,a7ac5d98-805e-4212-be94-333a0c0c44a7
1,Brushland,,98178c9d-e113-4f0e-9a7b-3ebfaafe2503,0,,"White,Green",,Land,,,5eb8b497-ec9a-4a89-ad29-1ec3ca82da7c
1,Brute Force,,d8283d5c-9dc3-409b-b897-9bc61a6c9d57,1,Red,Red,{R},Instant,,,9880ba09-d5b8-4675-bfb4-2161d86d2d41
1,Brute Strength,,7776b3cb-0410-4d9c-958f-3ea042f9eaea,2,Red,Red,{1}{R},Instant,,,b7a16caa-96e0-40c5-8fcb-81e06d26f92a
2,Brute Suit,,363cb43a-e358-4380-a42f-9b095ca522c6,3,,,{3},Artifact,Vehicle,,bc64e396-7fa1-4a4e-a528-352737714a9c
1,Bulk Up,,977dcc50-da10-4281-b522-9240c1204f5d,2,Red,Red,{1}{R},Instant,,,fade8af0-5fdb-4237-9dd6-48bfd1d62767
1,Bumi Bash,,e8895479-26cb-4ee8-98ca-6d46c43f0dbd,4,Red,Red,{3}{R},Sorcery,,,629f247c-1e64-4c32-8892-0716ed469d1c
1,"Bumi, Eclectic Earthbender",,f324a384-7380-4f6e-bbba-fac1f2a01b5d,5,Green,Green,{3}{G}{G},Creature,"Human,Ally,Noble",Legendary,301af2b2-e2f7-4220-a3f5-7702fb62664a
1,"Bumi, King of Three Trials",,a268697b-22b0-4e1b-a5b6-d9be95025e57,6,Green,Green,{5}{G},Creature,"Human,Ally,Noble",Legendary,f7493bcf-5c17-4562-a759-37082ec49ff8
1,Bumi's Feast Lecture,,f29ba4cb-112a-4065-883b-94d1e154b83f,2,Green,Green,{1}{G},Sorcery,Lesson,,41f53bb5-8a62-4e6b-b9c3-5aa530a036bc
1,Burglar Rat,,a2829e6d-7cdb-4edf-8b22-f6457ff36814,2,Black,Black,{1}{B},Creature,Rat,,2f807301-37df-4724-871a-08e3512b07b3
1,Buried Alive,,76878b19-2916-4f3f-bee5-20846bc9e2db,3,Black,Black,{2}{B},Sorcery,,,8203c621-a1a0-4865-8c9a-0d4064c86107
1,Buried in the Garden,,507073ca-4f97-4fcb-b570-233f096bf0fd,4,"White,Green","White,Green",{2}{G}{W},Enchantment,Aura,,f1f0eab3-681b-4c2d-b590-555951920880
1,Buried Ruin,,e910cf59-f7aa-44b1-bb8a-c2211179137c,0,,,,Land,,,3644f316-f9a3-46c9-9b1e-747f86cf4ead
1,Buried Treasure,,4c9c45b6-dedd-4481-a06a-c83ace2f18fa,2,,,{2},Artifact,Treasure,,56f5ed8d-ef53-4766-9ef3-1e24a10e267b
1,Burner Rocket,,267c93bd-1313-4c7b-bd6f-91e329932dea,2,Red,Red,{1}{R},Artifact,Vehicle,,0d07eb9f-46f4-466d-acb6-609437c34f13
1,Burnished Hart,,a9a97d2d-a5b7-4424-a703-c43ed887c888,3,,,{3},"Creature,Artifact",Elk,,893fed41-c144-433f-af88-bc7d419b7fb3
3,Burn the Accursed,,ff4d4e6b-564d-46da-8e32-09ed08c8ddc5,5,Red,Red,{4}{R},Instant,,,b5aae42b-3fde-4f10-b85e-882c528badef
1,Burst Lightning,,aec5d380-d354-4750-931a-6c91853e2edc,1,Red,Red,{R},Instant,,,ac2086fe-98ee-4280-9c7c-c5c2d6548a8b
1,Burst of Speed,,dc8c7aa0-2067-4513-a658-ed866279e671,1,Red,Red,{R},Sorcery,,,91e33674-b13a-41de-8998-4b57016ae42f
1,Bushwhack,,712a0640-d9c8-46fc-b38b-bf20a40fa902,1,Green,Green,{G},Sorcery,,,c61374e5-a7f6-455e-a40b-a481751b536b
1,Butcher of Malakir,,1c428841-6ac7-4ca6-a3ff-2541a1444893,7,Black,Black,{5}{B}{B},Creature,"Vampire,Warrior",,a85197ab-dc94-4b72-9716-8dbdbbe90ff8
1,"Butterbur, Bree Innkeeper",,f3fd9ff1-278b-4e6a-b30b-90250d8b5762,4,"White,Green","White,Green",{2}{G}{W},Creature,"Human,Peasant",Legendary,ec136f6f-015b-4200-97b6-a2c1bf39e135
1,Buzzard-Wasp Colony,,42d83229-0555-4361-8964-4b525c825843,4,Black,Black,{3}{B},Creature,"Bird,Insect",,29fd050c-dd1d-4e1b-b3cc-f7d8d18e4dcb
1,Bygone Colossus,,4bb8f2ef-4398-4a07-9130-5005356a3b4a,9,,,{9},"Creature,Artifact","Giant,Robot",,1bd584d5-4e11-428c-b51e-462e4292b07f
1,Cabaretti Courtyard,,9dda1e1c-b330-42e0-8547-97e2afc7615f,0,,,,Land,,,65424bea-fd53-4f85-9757-0b91a6d40ba4
1,Cackling Prowler,,1bd8e971-c075-4203-8d83-c28f22d4f9b9,4,Green,Green,{3}{G},Creature,"Rogue,Hyena",,898da62e-d29a-4ddc-be69-2ddec54614f5
1,Calamitous Cave-In,,8341ddd9-aac1-4773-b8ce-51e35f696263,4,Red,Red,{3}{R},Sorcery,,,558135b3-babc-40b6-9d9d-57ab0965ee3d
1,Calamity Bearer,,a15edad1-ff68-4f20-95f6-99fe549bea98,4,Red,Red,{2}{R}{R},Creature,"Berserker,Giant",,b3f7c4ac-b788-4307-9bc3-d99ce310e07c
1,Calamity's Wake,,013bed2b-25db-4dfc-9283-e80c9ac6c841,2,White,White,{1}{W},Instant,,,a6436330-f35a-4d31-9230-03e0c62f9e7e
1,Caldaia Strongarm,,58b431d2-33c1-49d8-b45d-690c174bb456,5,Green,Green,{4}{G},Creature,"Human,Warrior",,e0e6938b-7abf-4f69-a3d6-82a58912bff4
1,Caldaia Strongarm,,58b431d2-33c1-49d8-b45d-690c174bb456,5,Green,Green,{4}{G},Creature,"Human,Warrior",,e0e6938b-7abf-4f69-a3d6-82a58912bff4
1,Call a Surprise Witness,,f5148def-cf1a-460e-8dfd-856103940892,2,White,White,{1}{W},Sorcery,,,9038a457-ce01-4f6d-9e2b-5220f08b4290
1,Call Damage Control,,de1ed886-c33b-4cfd-8442-944cec654a8b,2,Green,Green,{1}{G},Sorcery,,,49a32f34-01a9-4f25-bf38-b4d46ca67b2d
1,Call of the Ring,,a92a2c5a-e450-494a-b23b-7ac0a6c50535,2,Black,Black,{1}{B},Enchantment,,,9fcb920c-b8d7-4a79-a335-f63050182cca
1,Callous Deceiver,,628d3058-d32e-438c-9a86-3e9c2be73c4a,3,Blue,Blue,{2}{U},Creature,Spirit,,e446bfa6-54b8-4dfa-98d3-023d12b7543d
1,Callous Inspector,,f22610e9-6b14-4914-bb67-bd6723bec9aa,1,Black,Black,{B},Creature,"Human,Soldier",,5d950fd4-8956-4b1a-ab0f-ab31bcffce4e
1,Call to the Feast,,cf31f32f-bbca-4e70-93ca-f74c20202939,4,"White,Black","White,Black",{2}{W}{B},Sorcery,,,30536d1f-8b1a-474f-a508-d3426480a532
1,Cancel,,fd994a26-65ff-43be-8d52-476e887d3ed2,3,Blue,Blue,{1}{U}{U},Instant,,,7d00fb28-ea6c-49a9-b4af-ffb38860a9a7
1,Candlegrove Witch,,482c0eab-326b-41db-9be6-f98d15bbd0af,2,White,White,{1}{W},Creature,"Human,Warlock",,95f47e9b-0290-4ec4-a1ba-bc5a432ffab2
1,Candlekeep Inspiration,,33464767-45f3-42b8-8d83-33b090eead93,5,Blue,Blue,{4}{U},Sorcery,,,32d666ff-4d6b-4c60-8d3d-5bdae2d475fa
1,Candlestick,,5aeae6fb-3834-4891-924e-3d1fb3e19e09,1,Blue,Blue,{U},Artifact,"Equipment,Clue",,2f7b46c1-3d82-4fd9-9882-589315cab47b
1,Cankerbloom,,02272f89-dd8e-4a07-8bd4-b33ad4e12888,2,Green,Green,{1}{G},Creature,"Fungus,Phyrexian",,d5b80895-621a-40df-bf48-6c7295658f21
2,Canopy Spider,,0ae7fabb-dcb6-4c21-87ee-2893b63814be,2,Green,Green,{1}{G},Creature,Spider,,37f3733e-cc4e-4d84-b29b-d474f6e254a2
2,Canopy Vista,,b76f2de1-ea17-40b0-8d90-4c4369516eff,0,,"White,Green",,Land,"Plains,Forest",,dcb7e046-f01b-497c-88e5-57794eb30ce5
1,Cantankerous Keepers,,fae46a70-a6d3-4584-859d-6c7425fb1508,6,Green,Green,{5}{G},Creature,"Soldier,Elf",,77c97dad-17cc-4a28-a48b-907c044d9034
1,Canyon Crawler,,30a30bfb-f0f3-425b-b37d-20079ee27046,6,Black,Black,{4}{B}{B},Creature,"Beast,Spider",,bac94fc9-808b-4dc9-b405-408dd2aa6194
1,Canyon Crawler,,30a30bfb-f0f3-425b-b37d-20079ee27046,6,Black,Black,{4}{B}{B},Creature,"Beast,Spider",,bac94fc9-808b-4dc9-b405-408dd2aa6194
1,Capital Guard,,91cbed11-3b5c-4e7a-9b13-125c1fe5f22f,2,Red,Red,{1}{R},Creature,"Human,Soldier",,aff20717-265d-4214-a8f5-f520bb243cb5
1,Captain Ripley Vance,,d640bc10-51ce-48e9-bceb-c3e69d7eae31,3,Red,Red,{2}{R},Creature,"Human,Pirate",Legendary,eefeeab1-b9f2-451a-9250-eb7b54d00fc1
2,Captain's Call,,0c7ed7e0-0e80-44d3-a7af-b4c321239df8,4,White,White,{3}{W},Sorcery,,,46418fe4-065c-4dfa-b796-eee02c14f351
1,Captain's Call,,ac907330-492d-4705-bb8a-1fdb080632e1,4,White,White,{3}{W},Sorcery,,,46418fe4-065c-4dfa-b796-eee02c14f351
1,Captain's Call,,ac907330-492d-4705-bb8a-1fdb080632e1,4,White,White,{3}{W},Sorcery,,,46418fe4-065c-4dfa-b796-eee02c14f351
1,Captivating Gyre,,a2bd5c34-fa7e-4fa8-a5b1-c3aa928cc834,6,Blue,Blue,{4}{U}{U},Sorcery,,,41011f09-ad8a-4eea-aa52-d20a219bc94c
1,Carnivorous Canopy,,7b43ba43-f7ae-4e00-b797-2360c3ccd839,3,Green,Green,{2}{G},Sorcery,,,b3360259-19df-43c6-95a9-e76770f2fb77
1,Carom,,a65cd601-af87-4543-8e82-16156a74012d,2,White,White,{1}{W},Instant,,,05775dea-d7f0-4e0b-af4d-ba8d320dc4c0
4,Carrion Feeder,,88042031-64af-4f84-85d5-95992b43aa6c,1,Black,Black,{B},Creature,Zombie,,a1cc5e37-b09a-4b7f-afd5-77c1c35aa425
1,Carrion Locust,,6759acb8-82c0-479f-86f3-f22ca7a2006c,3,Black,Black,{2}{B},Creature,"Horror,Insect",,04e5ecda-9646-4bc3-addf-cca471553fbe
1,Cartographer's Hawk,,12d0b07f-9823-45b7-89bb-0a2a71833d46,2,White,White,{1}{W},Creature,Bird,,ac8cf699-f67b-44da-bb79-eb95cfc0026d
1,Cascade Bluffs,,51e0191b-9cd3-466c-8ff8-94c7872746f5,0,,"Blue,Red",,Land,,,f1603384-4361-49c9-98aa-7785fc3504c4
1,Case of the Burning Masks,,29ee07df-215f-45a6-9a5a-708143d73e45,3,Red,Red,{1}{R}{R},Enchantment,Case,,7c1eb874-97f3-463f-bf4e-4d82dcc16e69
1,Case of the Gorgon's Kiss,,0d7ead0e-477b-4b3d-b6bf-b2598ddc6f04,1,Black,Black,{B},Enchantment,Case,,a89f9072-cf06-429f-a9b8-c11b5731ddd3
1,Case of the Stashed Skeleton,,4b120cbe-f0af-46c5-863f-03ecadf0435c,2,Black,Black,{1}{B},Enchantment,Case,,64219e17-1302-4a43-85d2-8a6214448890
1,Cast into the Fire,,2ef878cb-27b6-47d8-ad11-bd20529b0e7e,2,Red,Red,{1}{R},Instant,,,b24ed296-e17d-4e36-8a86-a370868b0136
1,Castle Ardenvale,,878fcea5-9a59-4b98-80b8-67e95f35f949,0,,White,,Land,,,f8f4fc60-725d-46d8-8e8f-e68e00d20589
1,Castle Embereth,,ba88da8e-6405-4c02-9c98-a4db6e6194f5,0,,Red,,Land,,,91fbb25b-8521-483f-88b0-77778d25f7fd
1,Cat,,30b76845-4e3d-488e-bf8f-904b3410cbd6,0,White,White,,"Creature,Token",Cat,,6788478d-e157-4483-be09-9edb3f841431
1,Cat-Gator,,ec83a825-79e6-42a4-919c-3bc498ff4433,7,Black,Black,{6}{B},Creature,"Fish,Crocodile",,349e6b9e-40a8-49bc-9cd3-4a22f5363fa5
1,Cathar Commando,,98cbc1c2-b76e-4da3-aa43-00e10b2ce532,2,White,White,{1}{W},Creature,"Human,Soldier",,774dce79-67e0-4820-8013-c7a7347993ce
1,Cathar's Shield,,61c18ffa-ffff-4dc4-9db0-d5f183c35e17,0,,,{0},Artifact,Equipment,,b270d091-ea4c-4dfd-9c50-48b45bbc396e
1,Cat-Owl,,d7df3391-dbe5-4eb4-85c1-037c5f3ea971,4,"White,Blue","White,Blue",{3}{W/U},Creature,"Bird,Cat",,ba6840a6-b6fd-4b91-ac1a-a61b7b15849a
1,Caught in the Crossfire,,3a2fd0c4-509e-49c2-ad57-f772efcbc207,2,Red,Red,{R}{R},Instant,,,d262f3e1-b5bc-4dab-86c2-cd89c2419e54
1,Cauldron Familiar,,9a539a23-8383-4525-82dd-acfe1d219fe9,1,Black,Black,{B},Creature,Cat,,a7dc2e62-1c50-4ed7-b71f-2d782a447a5e
1,Caustic Caterpillar,,f03d4e0d-bddd-4835-91b8-11c2f15e54c3,1,Green,Green,{G},Creature,Insect,,45d35128-76e6-43f9-8d23-41f7506c3a71
1,Cavalcade of Calamity,,8a81e889-490b-4aeb-8e84-ea9a390bb8fe,2,Red,Red,{1}{R},Enchantment,,,e29be33c-e5b0-428d-a057-b1cd61127557
1,Caves of Koilos,,f755f54a-e5e7-4056-a677-520d40e1daf7,0,,"White,Black",,Land,,,33de01e9-ce5a-42d4-afcb-343cd54a6d80
1,Cease // Desist,,cb59130a-a134-4383-b983-e4b526d11fb4,8,"White,Green,Black","White,Black,Green",{1}{B/G} // {4}{G/W}{G/W},Instant,,,ba4d644f-1931-4fc4-aed5-681a476a5a58
1,Celebrate the Mountain-king,,42fbd61d-e1a6-465d-b1a3-f5ee0869d3af,4,White,White,{3}{W},Enchantment,,,d51136fa-3c13-48a5-83fd-51fe00010a4b
1,Celebrity Fencer,,5afb5c5c-06e0-4b11-ad07-aef7be6e2cd4,4,White,White,{3}{W},Creature,"Elf,Druid",,39f7e59e-28dd-477e-be38-3fa515838ca4
1,Celestial Ancient,,5d80e221-a996-428f-817a-c86e4b3f73d0,5,White,White,{3}{W}{W},Creature,Elemental,,41797e0c-94bb-42a1-81ed-ed8c6af79e80
1,Celestial Flare,,6c8d1320-0f1a-4c66-86c9-9f8da0f1d9ef,2,White,White,{W}{W},Instant,,,efdaa3eb-e5d1-4438-b21d-2ec0fff44721
1,Celestial Unicorn,,f2d68812-8862-4e34-a992-7d6bbadaf316,3,White,White,{2}{W},Creature,Unicorn,,be030639-cbc9-416b-b0ca-1a76439791d8
1,Cemetery Recruitment,,e3897e9f-363d-42f9-85b1-28143b223b08,2,Black,Black,{1}{B},Sorcery,,,07792d72-d5db-41b9-871c-e720e12ce659
2,Centaur Courser,,e8b67ee8-3189-4426-8b1a-b540267768fd,3,Green,Green,{2}{G},Creature,"Warrior,Centaur",,2f5bf099-2e01-4e1c-9ebf-0ce0ac66939e
2,Centaur Courser,,bae6eb55-4bf9-4418-b667-a9a761f91ef9,3,Green,Green,{2}{G},Creature,"Warrior,Centaur",,2f5bf099-2e01-4e1c-9ebf-0ce0ac66939e
1,Ceremonious Rejection,,08c5ed8e-4804-4042-8a1d-ad24c6846816,1,Blue,Blue,{U},Instant,,,6aa5aa3d-fb46-47e5-bcf1-51a28e0f9974
1,Chain Reaction,,5d996ee5-4a4d-4f1e-9db7-a0f55f73acab,4,Red,Red,{2}{R}{R},Sorcery,,,086b2564-9114-4ba2-94fd-b490f98f38a7
1,Chainweb Aracnir,,874afaad-546a-4cb2-ad01-2b4a4862b219,1,Green,Green,{G},Creature,Spider,,c45423ad-1920-46f7-bcc1-ecade5880821
1,"Chameleon, Master of Disguise",,dcc50ba7-c4be-4c20-a1fc-466194aab7c2,4,Blue,Blue,{3}{U},Creature,"Human,Shapeshifter,Villain",Legendary,1ce239f2-79ad-4a30-8e8f-f985045f78dc
1,Champion of Lambholt,,dcb2e0d6-3181-4d3d-a3b4-3896288b2e0e,3,Green,Green,{1}{G}{G},Creature,"Human,Warrior",,c549b0fd-1e08-4873-952e-a14dc45a0fd2
1,Champions from Beyond,,d1031ce5-063f-4c38-a6a9-abc15d254dfc,2,White,White,{X}{W}{W},Enchantment,,,57e4a1c0-4218-4a07-88e7-d6083884c2b6
1,Chandra's Outrage,,edbfe793-6644-43ed-bbe1-e122c01c5e53,4,Red,Red,{2}{R}{R},Instant,,,47437865-0032-4f47-b0ab-034cc841bb84
1,Changeling Outcast,,08151d00-513a-4957-aa16-01c0f0245112,1,Black,Black,{B},Creature,Shapeshifter,,a61ef0cc-1da9-49f9-b0dc-01cf9f6205be
4,Channel,,e42eb95f-638d-410c-a830-a414fb2494ec,2,Green,Green,{G}{G},Sorcery,,,d1b815d1-2848-40d4-a555-66822d1becbc
1,Chaos Warp,,73ca9629-b1e3-49d6-ae10-908b9e4e67ce,3,Red,Red,{2}{R},Instant,,,07a0cba9-8768-4fd9-a3d5-b0f83b4bf8e8
1,Charge of the Mites,,42060b9d-de58-485e-817a-1e64839943aa,3,White,White,{2}{W},Instant,,,fa47c190-d66a-41b0-aa08-21036cda4223
1,Charge of the Mites,,42060b9d-de58-485e-817a-1e64839943aa,3,White,White,{2}{W},Instant,,,fa47c190-d66a-41b0-aa08-21036cda4223
1,Chart a Course,,233beaac-37a4-4824-8f31-438b6bfe794b,2,Blue,Blue,{1}{U},Sorcery,,,05878e49-93ad-4144-9c50-a0bb86126c2e
1,Chart a Course,,98291778-2ec2-47e2-ac99-5f8cfbb3cf24,2,Blue,Blue,{1}{U},Sorcery,,,05878e49-93ad-4144-9c50-a0bb86126c2e
1,Chase Inspiration,,06f9f257-c7ef-44b7-8b2b-f038fba900af,1,Blue,Blue,{U},Instant,,,9c055ef0-1164-4a9f-80de-23405423aed5
1,Chasm Skulker,,13cf5b23-9427-4313-8af8-abf2f3800948,3,Blue,Blue,{2}{U},Creature,"Horror,Squid",,69facbc7-3859-4716-b627-5199571fb3cf
2,Cheeky House-Mouse // Squeak By,,1f3013bf-9647-4bdb-a638-d299ae00f88e,1,White,White,{W} // {W},Creature,Mouse,,db70ddae-0ac1-47f2-9158-8448e337a08f
1,Cheering Crowd,,5fbce72f-e9a1-4d9f-b9b3-24dbafeef841,2,"Green,Red","Red,Green",{1}{R/G},Creature,"Human,Citizen",,e11839d5-99fe-4cc8-802e-be669ad274ee
1,Child of the Volcano,,e964f026-9cbf-4fa2-acdc-60d19b88f183,4,Red,Red,{3}{R},Creature,Elemental,,701c8624-70d8-49df-84b1-d7b2a8e83552
1,Children of Korlis,,1a6cbece-f9d8-4c40-b72b-dfdb86430ff2,1,White,White,{W},Creature,"Human,Cleric,Rebel",,d44a8f89-b9c0-4e8a-9179-baa0c448a3c9
1,Chocobo Kick,,ff8c8be0-8223-499c-8704-cb68e0a42ce2,2,Green,Green,{1}{G},Sorcery,,,aa00c18b-8719-4095-940a-8e35a57b46c2
1,Choking Miasma,,ba537452-3dab-4ecd-b65f-9e311a130d31,3,Black,"Black,Green",{1}{B}{B},Sorcery,,,158aaeab-1646-4160-9615-bc8747620a03
1,Chord of Calling,,0a7695cc-7b6b-499d-9f5a-729082fc72e9,3,Green,Green,{X}{G}{G}{G},Instant,,,6789a170-f2c5-4fc0-8a45-2b2361e67410
1,Chorus of Might,,214dc9c1-154d-4c35-845d-dd2928f1e142,4,Green,Green,{3}{G},Instant,,,0765c18b-25a0-4f79-aa1e-7adba7f5c91e
1,Chromatic Lantern,,69d76fe8-3ef1-491f-a69f-560f11611e42,3,,,{3},Artifact,,,539f5396-d99a-417d-a84c-dff7930b5900
1,Chromatic Star,,117fded3-1157-41a3-b37a-e76dcd1b5447,1,,,{1},Artifact,,,fedbd40b-e3a5-449c-a8a3-b42e9da191a9
1,Chthonian Nightmare,,ce5dd2c1-b6e0-4914-b5c9-7dd451c29e22,2,Black,Black,{1}{B},Enchantment,,,c7a360f5-725e-4864-93cc-87f96f95975e
2,Cinder Glade,,f502721a-22f4-4c91-a85a-67628b9efbbb,0,,"Red,Green",,Land,"Mountain,Forest",,dfac0258-e148-4d7d-8ded-fc2466d9caa6
3,Cindering Cutthroat,,b2ea10dd-21ea-4622-be27-79d03a802b85,3,"Red,Black","Black,Red",{2}{B/R},Creature,"Assassin,Lizard",,46e8bec0-1a09-4e6e-b78a-7ba161686ca9
1,Circle of Confinement,,f346860f-a70a-4bc6-b7a2-9a2c74d9c4d8,2,White,White,{1}{W},Enchantment,,,d1cd7a93-4b83-4755-90bc-17cb64bfb131
4,Circle of the Land Druid,,1e84fc74-5b33-423a-82c7-983320fce7a3,2,Green,Green,{1}{G},Creature,"Druid,Gnome",,b6cc351e-6afd-4427-998d-e06e430cd0e6
1,Claim the Precious,,121c12c4-83ea-463e-8fdf-30718968a2bd,3,Black,Black,{1}{B}{B},Sorcery,,,8b0a0991-2327-45ea-b47f-c31db367fa1d
1,Clamavus,,127e9c03-f8de-497e-b94d-d6c484cab7fd,5,Green,Green,{4}{G},Creature,"Human,Artificer,Tyranid",,d772b16b-31db-48aa-8bb6-da32f45eebe4
1,Claws of Valakut,,c85fb3ef-be24-4ea4-9f0e-0bb73f8baf90,3,Red,Red,{1}{R}{R},Enchantment,Aura,,94b86278-bfa6-4be4-8114-09b6c6c85724
1,Clay-Fired Bricks // Cosmium Kiln,,8aece300-656b-4e0d-a45f-aa7feaff0a4e,2,White,White,,Artifact,,,90e1bcef-53af-4c08-b713-bf10dfcbd577
1,Cleansing Nova,,167d2e51-eb69-488c-a6b6-042a7b0e1744,5,White,White,{3}{W}{W},Sorcery,,,aff34f28-f707-4458-8af3-1bd5b13a6b10
2,Cleansing Wildfire,,492d77e5-acc6-41b8-8930-f39d69234919,2,Red,Red,{1}{R},Sorcery,,,993b92f4-4160-4171-9e67-90dc935030fe
1,Clear Shot,,4f362332-3682-4638-bc8b-6984f48e3464,3,Green,Green,{2}{G},Instant,,,0b8defd2-8530-47d7-a0c6-27aa5162dff6
1,Clear the Mind,,a7da6982-9e57-41d2-a052-f2a3bb646436,3,Blue,Blue,{2}{U},Sorcery,,,141c33be-7a25-4981-b62c-efee8e8ec91d
1,Cleaving Reaper,,b59dadef-74e5-47c7-a3e0-51075ddb82b1,5,Black,Black,{3}{B}{B},Creature,"Angel,Berserker",,70c268af-3fb4-42b8-a87a-d06d33c1c641
1,Cleric Class,,47ce8b7e-d8e1-489a-a69e-99089eeb8739,1,White,White,{W},Enchantment,Class,,f0ead7f5-5c82-40fd-8e89-3e3c5d31fbad
1,Clever Concealment,,41d45a8a-ea1d-4fbc-86d2-5d6340f3b639,4,White,White,{2}{W}{W},Instant,,,42bb7ea9-f6e4-4551-8d93-3b1eae84b865
1,Clever Impersonator,,c0516453-3e6a-4b7f-8df6-72a6e207169a,4,Blue,Blue,{2}{U}{U},Creature,Shapeshifter,,d4ec0df9-a4a3-48cf-a0aa-b1aea5c49142
1,Cliffhaven Kitesail,,eebf8f67-49d0-42de-a5cc-ad13d19d2c55,1,,,{1},Artifact,Equipment,,68fb8f21-4403-4829-8826-f2418664197e
1,Cliffhaven Vampire,,5544247d-1f8f-443f-a4c4-d8461db28a79,4,"White,Black","White,Black",{2}{W}{B},Creature,"Vampire,Warrior,Ally",,1915a311-209b-4628-8122-af3055a78fed
1,Clifftop Retreat,,5f6b7995-faf8-4fba-8be8-12ee71bd53bf,0,,"White,Red",,Land,,,d7faa3c8-46cf-46b2-bfa4-89000307cf18
1,"Clive, Ifrit's Dominant // Ifrit, Warden of Inferno",,9a069e96-2786-493d-aca8-f70611435dbe,6,Red,Red,,Creature,"Human,Warrior,Noble",Legendary,ceba3d03-be5a-4dd7-b829-7db216a0f44e
1,Clone,,b59fde1a-8d41-4f09-a4a1-4a15aaa704c7,4,Blue,Blue,{3}{U},Creature,Shapeshifter,,42226b87-0746-4ebf-9fd0-108d508462af
1,Cloudcrown Oak,,e742366f-e726-406e-bcbe-51a3bfd0151e,4,Green,Green,{2}{G}{G},Creature,"Warrior,Treefolk",,63c52071-e3a7-4236-9dcb-e5ea68240dc2
1,Cloudkin Seer,,e2111753-a930-403f-9d94-a86dfcb069da,3,Blue,Blue,{2}{U},Creature,"Wizard,Elemental",,09bd4e1c-9861-481f-80dc-4de955c8d3af
1,Cloudshift,,35b06c8f-5f08-43bd-a548-2a98ba30fd41,1,White,White,{W},Instant,,,6879f5ce-7a1b-4606-bad1-885779b0d456
2,Clue,,5adbbaa4-b1e3-4c5f-a1c7-aa294f838c54,0,,,,"Artifact,Token",Clue,,496e1083-c792-40a4-adf4-fec1d559cd5e
1,Coastal Piracy,,1bdc8ac7-a9aa-4323-84c9-fa0cade02bd1,4,Blue,Blue,{2}{U}{U},Enchantment,,,8a05ec32-7b0c-4f23-a4f7-413301c2a70a
1,Cobbled Wings,,24abd762-e533-491a-97b6-aed40c214e9d,2,,,{2},Artifact,Equipment,,8d8682f3-9ef3-4aa7-9ea6-8a2ce09bff6f
1,Coerced to Kill,,2dc9f352-5076-4b5f-9815-cf47abb63d5b,5,"Black,Blue","Blue,Black",{3}{U}{B},Enchantment,Aura,,3a007dbd-18fd-44d1-a305-7cc8dd6231eb
1,Coiling Oracle,,55a6ba2a-b372-4b15-9a1e-09b41316eab7,2,"Green,Blue","Blue,Green",{G}{U},Creature,"Elf,Druid,Snake",,69fd4ddf-9ed8-4c56-bef3-9944daf05e4f
1,Coiling Stalker,,8297592c-3036-434a-9dbb-5f0af804dd13,2,Green,Green,{1}{G},Creature,"Snake,Ninja",,54dc1c02-2d71-465b-a285-d6d11113991c
1,Collateral Damage,,fb738362-b0b4-4811-9fbf-5f45c852c822,1,Red,Red,{R},Instant,,,b89dd47e-0f65-41f0-ad23-cefc61e68978
1,Collected Company,,cfa7b456-7e83-4587-a875-9b35fde318c2,4,Green,Green,{3}{G},Instant,,,0bbcb563-09b3-499d-a9cc-3a6d7501dd81
1,Colossal Dreadmask,,98164430-64c1-465f-b786-45753c965f44,6,Green,Green,{4}{G}{G},Artifact,Equipment,,1244902e-1a4e-4d3c-9a55-9be4602e3d2d
2,Colossal Dreadmaw,,80d4ce4f-8255-419b-9e7f-544d9798e5c8,6,Green,Green,{4}{G}{G},Creature,Dinosaur,,08c7db90-c0cf-4482-b7ee-bb033e5996d2
1,Colossal Skyturtle,,f40bd797-4d12-4098-a1a8-d7e5b7b82ac9,7,"Green,Blue","Blue,Green",{4}{G}{G}{U},"Creature,Enchantment",Turtle,,871e4c4e-8105-4cb9-b1cd-53c5f8e64494
1,Combat Celebrant,,0be1c60b-511b-4d88-93d3-7910c082245a,3,Red,Red,{2}{R},Creature,"Human,Warrior",,5e15ff93-99a0-4000-918e-4bd2c257188d
1,Combat Research,,6c44738c-706f-40b2-a09d-b21cd0889049,1,Blue,Blue,{U},Enchantment,Aura,,fbfd7f38-be9a-49bf-8769-79e1e7e8dfdc
1,Combat Thresher,,74dfabfd-e13b-4512-a733-abe514be6404,7,,White,{7},"Creature,Artifact",Construct,,0c460bdd-460b-4312-9ed2-32f3809a7d36
1,Combustible Gearhulk,,c80e620e-bece-4c48-9dd6-7bcdacabf521,6,Red,Red,{4}{R}{R},"Creature,Artifact",Construct,,3494a575-f68e-4e78-9f6b-142cd8a0edea
1,Combustion Man,,86f7399d-6876-4e85-ba34-ff1f97dc144a,5,Red,Red,{3}{R}{R},Creature,"Human,Assassin",Legendary,533b107c-fd66-45ef-b74e-e6bd9b75ea8f
1,Combustion Technique,,fdcca576-2ef2-44cc-9944-a92bd146444a,2,Red,Red,{1}{R},Instant,Lesson,,522a04ff-cbfe-47b0-bd29-ef6fc27a6905
1,Comeuppance,,b63d828d-4f62-424b-969a-00dcc4651b56,4,White,White,{3}{W},Instant,,,01f29158-2dc9-4b9d-b726-add5d3fd5782
1,Coming In Hot,,4f6eb966-67af-4b18-8899-4a99a5179aa3,1,Red,Red,{R},Instant,,,9666729d-3a06-43f9-a957-d5cc4d25b974
1,Command Bridge,,247670d2-a7cd-4ed7-9c77-704c7962b815,0,,,,Land,,,87c8e1ed-258a-4a89-bcc6-211405e49692
1,Commandeer,,e473db8a-ee0e-4753-aaab-76eda5808075,7,Blue,Blue,{5}{U}{U},Instant,,,ad7d854b-d303-40eb-acd6-03a8023e05e7
1,Commander Liara Portyr,,9ac8b247-455e-4a3f-9f88-b20918c36cc3,5,"White,Red","White,Red",{3}{R}{W},Creature,"Human,Soldier",Legendary,fcc7ed01-ff64-4ffe-9b83-daa4132fd92d
1,Commander's Sphere,,a01c16a5-bc50-406f-9ab1-e8346acffbca,3,,,{3},Artifact,,,0b67c4e2-f88b-4e01-85a1-9d5f5b8db13b
1,Command the Dreadhorde,,de7ec307-45e0-4853-85fe-9ce859b188c2,6,Black,Black,{4}{B}{B},Sorcery,,,198d31e4-1ae1-4bf9-a05a-7fa45c0aeddb
2,Command Tower,,952cb8cb-633c-468f-8ef5-54ff91ddfb22,0,,,,Land,,,0895c9b7-ae7d-4bb3-af17-3b75deb50a25
1,Command Tower,,86424491-a372-40c4-bfb5-faa2b2d41d4c,0,,,,Land,,,0895c9b7-ae7d-4bb3-af17-3b75deb50a25
1,Command Tower,,6d28946e-a478-4e0b-b39b-ec0236ddc9a5,0,,,,Land,,,0895c9b7-ae7d-4bb3-af17-3b75deb50a25
1,Commune with Spirits,,a35ff4dd-bad3-4496-82b3-8253f48af06d,1,Green,Green,{G},Sorcery,,,68f8ed23-024e-414f-bbb2-ab73fbe21b69
1,Compass Gnome,,10e1030e-2b95-4807-9111-e495a2fc8813,2,,,{2},"Creature,Artifact",Gnome,,b64051c0-e791-4fcb-b79f-4287e1b06468
1,Compassionate Healer,,88d5f8fd-d4de-4e64-9b74-e53719ffbcdc,2,White,White,{1}{W},Creature,"Human,Cleric,Ally",,6ef464bd-2ed0-4f99-af4a-ebf276f55384
1,Concealed Courtyard,,c8769e97-aee8-4466-a9d7-0f4245ae4a97,0,,"White,Black",,Land,,,2d899466-b1eb-4901-b626-1f2fb09b786d
1,Concealed Weapon,,38e31fa6-a445-47c6-a73f-135087f6d760,2,Red,Red,{1}{R},Artifact,Equipment,,104565b1-2db8-4c01-ae3d-14087768be45
1,Conclave Mentor,,a328a93a-e720-46d5-a190-cc65d1c90cea,2,"White,Green","White,Green",{G}{W},Creature,"Cleric,Centaur",,a2fe5937-212c-4e71-8d6e-f408b38100aa
1,Conclave Tribunal,,9d9fda5d-df8f-45d6-b8f0-33f903c4bf83,4,White,White,{3}{W},Enchantment,,,e938ee4c-d5df-4d93-bd61-9e518fb1dc30
1,Concordia Pegasus,,55f32ff8-3b49-4ce8-96a0-ba0d99477de1,2,White,White,{1}{W},Creature,Pegasus,,93c35f9e-3346-4269-b1af-df9f216bfd7a
1,Condemn,,58d4f5a0-b2d0-4a60-b1e1-bb2140abfd6d,1,White,White,{W},Instant,,,377d31b5-0a48-4d5b-91bd-b5a62d4f7899
1,Conduit of Worlds,,8380eb8d-d1c3-4f96-b3b9-54845188c1d1,4,Green,Green,{2}{G}{G},Artifact,,,ed14be15-8f8d-4fe3-a147-f5da8ed873bf
1,Confounding Conundrum,,95e37936-913e-4b16-a5a8-8aed733d702d,2,Blue,Blue,{1}{U},Enchantment,,,f86b9a01-62fc-4120-8914-5054ed48d37e
2,Confusticate and Bebother,,9de48690-e5ae-495a-addf-305f1db7ec21,3,Blue,Blue,{2}{U},Instant,,,7a7d9887-3cc4-4fb9-9109-1315903ace45
1,Connecting the Dots,,8e02731a-8698-4b41-99c3-f0a19fc31430,2,Red,Red,{1}{R},Enchantment,,,a29e2c70-8909-465b-9cec-1a7037250313
2,Consider,,a211d505-4d40-4914-a9da-220770d6ddbc,1,Blue,Blue,{U},Instant,,,4c9bcba6-87b5-4fb3-97ee-6fe5b739337d
1,Construct,,277c8c56-11a6-4aff-aaee-b9572cc7c6ef,0,,,,"Creature,Artifact,Token",Construct,,ebddf9b8-fd1a-4a6b-bec8-3a63485e36c0
1,Consuming Tide,,5865f0f1-28a6-49ac-b61e-135845075d1f,4,Blue,Blue,{2}{U}{U},Sorcery,,,24cd8f54-c1d4-4040-93bf-a7b9b719ac30
1,Contagion Clasp,,7fafcefa-d33c-4d73-b3b7-2930f28b845e,2,,,{2},Artifact,,,43f2d81e-aa01-4fa9-9046-6a27a05dbd2d
1,Contaminated Landscape,,e2312c49-1627-47ad-8113-78a999a97d8d,0,,"White,Blue,Black",,Land,,,28196fd9-00c9-4cd0-b603-0eec8511ec79
1,Contested Game Ball,,71cb7776-a6af-4efb-b536-6b9b4f3d3874,2,,,{2},Artifact,,,876c9620-216c-45dd-b8a6-b9e0cba63e3d
1,Contraband Livestock,,d59299b0-91d9-4131-b8d9-614088e1ccaf,2,White,White,{1}{W},Instant,,,fbafe993-8118-40cc-9cb7-ee3f62a2c888
2,Convenient Target,,2d2cf2ae-9152-41c4-9dc4-a19da5812869,1,Red,Red,{R},Enchantment,Aura,,2f214dcf-9601-4ccb-bdac-2f9b9f6dff99
2,Copper Longlegs,,f8855fbf-4f1e-4c44-9653-bbbfc3f2fafd,2,Green,Green,{1}{G},Creature,"Spider,Phyrexian",,066f6a3d-5e7b-40a4-b348-6dfb5d5239de
1,Coral Atoll,,b92121b6-b12e-4fe3-9afb-f2c77c2796ac,0,,Blue,,Land,,,3f347ebf-e0d2-4ae0-ad84-df7a460404e0
2,Coral Merfolk,,97a74ccf-8165-4db1-a87c-52c2d8ea0058,2,Blue,Blue,{1}{U},Creature,Merfolk,,4ed27607-21a8-4bc3-997e-6d2242313f6d
1,Cori Mountain Stalwart,,b6cbf54e-f30e-4e7b-b17c-217fa424971c,3,"White,Red","White,Red",{1}{R}{W},Creature,"Human,Monk",,322a2d97-cf71-4bfc-b52d-f642f2d0dcbd
1,Cori-Steel Cutter,,490eb213-9ae2-4b45-abec-6f1dfc83792a,2,Red,Red,{1}{R},Artifact,Equipment,,46b1a169-bc32-47bf-b379-fa0c3d13878f
2,"Cormela, Glamour Thief",,221ac34a-94ed-4c49-afad-b19cac541731,4,"Red,Black,Blue","Blue,Black,Red",{1}{U}{B}{R},Creature,"Vampire,Rogue",Legendary,3cd9bac9-0abc-43d8-9f84-94f965f7a2e0
1,"Cormela, Glamour Thief",,221ac34a-94ed-4c49-afad-b19cac541731,4,"Red,Black,Blue","Blue,Black,Red",{1}{U}{B}{R},Creature,"Vampire,Rogue",Legendary,3cd9bac9-0abc-43d8-9f84-94f965f7a2e0
3,Cornered by Black Mages,,688fcf8a-0a44-416a-8086-83acf9a6fe69,3,Black,Black,{1}{B}{B},Sorcery,,,68a58e0b-1506-492e-8ca3-016e520c10ba
1,Cornered by Black Mages,,688fcf8a-0a44-416a-8086-83acf9a6fe69,3,Black,Black,{1}{B}{B},Sorcery,,,68a58e0b-1506-492e-8ca3-016e520c10ba
1,Corpse Knight,,7aa3f166-c5d1-40f0-9b23-352424b8e13a,2,"White,Black","White,Black",{W}{B},Creature,"Knight,Zombie",,0c77b805-728d-4ae4-88a9-223f4b7b52e0
1,Corrupt,,c92ea561-80da-4fe1-ad87-ce47d9eb80bc,6,Black,Black,{5}{B},Sorcery,,,a88a1c53-7de3-423a-a95a-24ed5666ab96
1,Corrupt Court Official,,4692610e-d64c-438e-b5ad-0cf67fd57f1f,2,Black,Black,{1}{B},Creature,"Human,Advisor",,ec84201d-757f-4a7a-b3a2-85ccd5ee81ae
1,Coruscation Mage,,dc2c1de0-6233-469a-be72-a050b97d2c8f,2,Red,Red,{1}{R},Creature,"Wizard,Otter",,88bb91b5-2ccd-4ce9-8cd4-e54d63c12abf
1,Cosmic Hunger,,b8eef541-6851-4312-ad2b-74f45c7ede6c,2,Green,Green,{1}{G},Instant,,,fe84ce0b-cd25-41ee-82c1-8ab03df5791b
1,Cosmic Rebirth,,7fcb225c-d18f-4b84-b2fc-91ed84ec30aa,3,"White,Green","White,Green",{1}{G}{W},Instant,,,add60aad-2532-4f59-bfb9-f0168c2adda6
1,Costly Plunder,,c3f1f41e-98fc-4f6b-b287-c8899dff8ab0,2,Black,Black,{1}{B},Instant,,,8cdfd9df-4783-4138-a286-828a97f516aa
1,Council's Judgment,,4005e82f-0b30-4165-87e2-51250c00adb0,3,White,White,{1}{W}{W},Sorcery,,,acf4d685-a718-42f7-9a7a-dee069ae8db2
1,Countermand,,07815e32-0b64-4c2b-84e6-a72336c45cf5,4,Blue,Blue,{2}{U}{U},Instant,,,43402a6c-9fba-4a80-90b3-14bac05c574b
1,Counterspell,,b975289d-d8b8-46b4-8c60-d6ed4b594519,2,Blue,Blue,{U}{U},Instant,,,cc187110-1148-4090-bbb8-e205694a39f5
1,Courage in Crisis,,b836b0a9-c38b-423a-bf22-c9041acf1952,3,Green,Green,{2}{G},Sorcery,,,41b929ad-0c44-4e50-84d3-13b318035543
1,Courageous Goblin,,8db6819c-666a-409d-85a5-b9ac34d8dd2f,2,Red,Red,{1}{R},Creature,Goblin,,c107e271-5741-4a84-bfc4-3bc322972d0d
1,Courser of Kruphix,,dc63d2ea-a980-466e-9ebb-f28008f84c3d,3,Green,Green,{1}{G}{G},"Creature,Enchantment",Centaur,,46779609-4fa7-4fd2-b5b4-7d4d749339e6
1,Cracked Earth Technique,,cfcd77b0-0081-4146-880f-71c51e78bfad,5,Green,Green,{4}{G},Sorcery,Lesson,,d5314006-afe0-4cdc-88f0-ff1f7d85fba9
1,Crackling Drake,,73957e3b-504d-4ac7-a69c-0b81cb9af402,4,"Red,Blue","Blue,Red",{U}{U}{R}{R},Creature,Drake,,c8b4eba6-88ce-42d7-a235-5a4765a4a981
1,Cragplate Baloth,,ab62382d-2dc9-4a60-b031-c845ebad0357,7,Green,Green,{5}{G}{G},Creature,Beast,,3f599e15-cbc5-4170-b6b4-efd16aa222ac
1,Cranial Plating,,90ea95d0-9f95-462b-a080-22a5da7b2e97,2,,Black,{2},Artifact,Equipment,,75564721-e4e9-463a-b49e-f0c7cd6f53a7
1,Cranial Ram,,62993aa2-4804-43cc-910a-c51e794f8508,2,"Red,Black","Black,Red",{B}{R},Artifact,Equipment,,e958b3c5-0666-4a99-a933-e5cb8b0da9da
2,Crashing Drawbridge,,b7d7108f-635c-423b-988a-bc8fc4c6edef,2,,,{2},"Creature,Artifact",Wall,,328d5ef0-b25e-4f2a-80fe-35c6ae419e8a
1,Crashing Wave,,9fd02eb4-1ef5-4a14-89a8-b25e720e8016,2,Blue,Blue,{U}{U},Sorcery,,,c8d3936f-4c08-4ffe-83c9-7ed26fb8f9cd
1,Crash Through,,8257c205-00cd-4d41-bd58-098575ea2343,1,Red,Red,{R},Sorcery,,,41c15160-ee8c-42e3-bc6c-593b8c8ae335
1,Crawl from the Cellar,,ed6c8942-d43e-4456-ac98-3220cb954c65,1,Black,Black,{B},Sorcery,,,16c99713-f19e-4b25-9b03-6a8d8203adfe
1,Crawling Chorus,,aace4c44-7250-414b-aac4-df042a1e2e1d,1,White,White,{W},Creature,"Horror,Phyrexian",,99ba0d4f-b2bf-48ea-95d6-b6b85ee077ab
1,Creakwood Liege,,9a05c8f9-e810-498d-ab51-632661dd000d,4,"Green,Black","Black,Green",{1}{B/G}{B/G}{B/G},Creature,Horror,,1e67b4eb-e5d2-4368-8284-4ba5c4c42455
1,Creepy Puppeteer,,0bd17b9f-fd93-47d4-9cc4-cd333d0004f5,4,Red,Red,{3}{R},Creature,"Human,Rogue",,7bb3c3b8-25b7-4c48-aa41-dcdcebbc3d5e
1,Creosote Heath,,c5523dac-7aa0-4486-89c8-3b22a1411f26,0,,"White,Green",,Land,Desert,,c116b787-5f7e-47ef-a694-58709770dd32
2,Creosote Heath,,c5523dac-7aa0-4486-89c8-3b22a1411f26,0,,"White,Green",,Land,Desert,,c116b787-5f7e-47ef-a694-58709770dd32
1,Creosote Heath,,c5523dac-7aa0-4486-89c8-3b22a1411f26,0,,"White,Green",,Land,Desert,,c116b787-5f7e-47ef-a694-58709770dd32
1,Crippling Fear,,7d9bd181-b99f-477e-bcfb-9b78cbf51224,4,Black,Black,{2}{B}{B},Sorcery,,,e7a7ba65-ad14-41d5-889b-9bbeae9ab3f7
1,Crop Rotation,,523414cb-f8db-407a-808a-01454e03d8b9,1,Green,Green,{G},Instant,,,28b46183-c62f-47b1-9fee-3ba148202cab
1,Crossroads Village,,64db46d4-f91f-49cc-971c-b8e19f0c4ea9,0,,,,Land,Town,,b26cfeb0-7bbe-4d93-8eed-e832f175a80c
1,Crowd-Control Warden,,cdf0578f-4966-4ecd-81e1-83ae13126f13,5,"White,Green","White,Green",{3}{G}{W},Creature,"Soldier,Centaur",,439e59ab-0350-4729-9352-60e697eaa78d
1,Crowd's Favor,,536b8104-9d8d-444b-8535-62bcbe279de2,1,Red,Red,{R},Instant,,,7a23915f-8bce-4aad-8395-0c736450a62d
2,Crude Bent Blade,,fa8fd3c4-bd00-485d-80b1-2b67f5786fce,3,Black,Black,{2}{B},Artifact,Equipment,,eec81460-899d-4b4c-b33c-ce2ca704df17
1,Cruel Celebrant,,87ead6ac-b1c5-4852-8413-7fa43c6cfc57,2,"White,Black","White,Black",{W}{B},Creature,Vampire,,3ee78cfc-0e9e-4737-a7e2-b42f94228040
1,Cruel Grimnarch,,e3f571b5-ce50-4856-a151-fe6610d27bca,6,Black,Black,{5}{B},Creature,"Cleric,Phyrexian",,4c27b7cd-dcbf-45a7-9e15-a6d8dfd3a087
1,Cruel Revival,,245aba23-2abb-4084-b4cb-d06e46de2108,5,Black,Black,{4}{B},Instant,,,836d074a-8888-42a0-8dce-11ffce00d2f5
1,Cruel Ultimatum,,539e00a6-6cb0-4960-8a45-52d70b575f5a,7,"Red,Black,Blue","Blue,Black,Red",{U}{U}{B}{B}{B}{R}{R},Sorcery,,,01294ac9-1a06-4ee8-b3b1-db1f07c9d94e
1,Crush,,a29d5e01-6f83-4749-8340-774054bd2956,1,Red,Red,{R},Instant,,,ad4dda1e-2236-45bf-b2f3-f63e790d837d
1,Crush Dissent,,94c70f23-0ca9-425e-a53a-6c09921c0075,4,Blue,Blue,{3}{U},Instant,,,3ece897d-5b52-4fca-9f97-d7e864134c0b
4,Cryogen Relic,,7bfb33b6-e2bf-498f-8c58-ae21a840cf75,2,Blue,Blue,{1}{U},Artifact,,,106e9c0d-67a2-4db7-97d9-03e1ea1b40b5
3,Cryptic Serpent,,7f1af32a-dba2-4c2f-b0ee-9c83849fda53,7,Blue,Blue,{5}{U}{U},Creature,Serpent,,0f26c04a-9bf7-4cbd-a95f-73ee4a3b1af1
1,Cryptic Serpent,,bad1b1ee-cb01-4f2c-993c-d88f75ebda19,7,Blue,Blue,{5}{U}{U},Creature,Serpent,,0f26c04a-9bf7-4cbd-a95f-73ee4a3b1af1
1,Cryptic Spires,,309a6684-ecb3-491c-899a-3aa15a51130b,0,,,,Land,,,6d6a25fb-0432-4c7d-b0e6-e787ddc71218
1,Crypt Incursion,,c3b71cc5-0a81-4cab-bae3-49335c04aaaa,3,Black,Black,{2}{B},Instant,,,ce00e0d0-c6f4-4fe8-97c3-7279b06d8fdb
1,Crypt of Agadeem,,18adafe6-de67-4101-8b39-b53ab695ec4a,0,,Black,,Land,,,4fe8af73-c84a-44bd-9739-ee5c8b027874
1,Crystal Grotto,,6f6f9d3d-600d-43f3-a915-612e5d53aaa1,0,,,,Land,,,f15fb0cc-8e96-4f03-94d0-b51410415afd
1,"Crystal Skull, Isu Spyglass",,b10fa72b-6742-4b65-8654-ac70b6240e38,4,Blue,Blue,{2}{U}{U},Artifact,,Legendary,b1f8eb7b-7e01-4bf8-a557-64e16a6052af
1,Cuboid Colony,,6384d135-7780-4d75-9e95-71bce506948e,2,"Green,Blue","Blue,Green",{G}{U},Creature,Insect,,20f3388f-0931-4a09-bcda-96deb01e1787
1,Culling Ritual,,bccb063c-6bd5-411f-86ce-9a7c054e34d3,4,"Green,Black","Black,Green",{2}{B}{G},Sorcery,,,15e5136e-ed15-49a8-b027-e09436673fb4
1,Cult Conscript,,fed77513-94ab-44e2-b9a1-30ba927cd6ee,1,Black,Black,{B},Creature,"Warrior,Skeleton",,e5762815-5fc3-4ae7-abee-69f27c5e4e90
2,Cultivate,,b3896717-1e46-4aa2-88b7-1c4fe76edde1,3,Green,Green,{2}{G},Sorcery,,,8b755881-a72d-4e21-a369-d2924eb4585a
1,Cultivate,,5a108064-8143-4b20-a5a2-eeb3b80af82f,3,Green,Green,{2}{G},Sorcery,,,8b755881-a72d-4e21-a369-d2924eb4585a
1,Cunning Coyote,,5b4ac6ea-c67b-4f90-be4f-aa25882f5794,2,Red,Red,{1}{R},Creature,Coyote,,a38eba6a-db90-48ac-bb49-889a7fd90ce9
1,Cunning Maneuver,,0ff7c993-ba29-43b0-9639-7c4bc0292fa2,2,Red,Red,{1}{R},Instant,,,96335212-ec57-4beb-bab1-11c8eaa62119
1,Curiosity,,96056dc1-b989-4c87-8ad9-7a9dd99dd7fc,1,Blue,Blue,{U},Enchantment,Aura,,223fa044-d387-4884-bf4e-75f1b61c6a46
1,Curious Farm Animals,,2402d759-84b6-41d2-ad78-9333974e9222,1,White,White,{W},Creature,"Bird,Boar,Ox,Elk",,e451b5aa-5832-42b3-8d72-f67e126a529f
1,Curious Obsession,,7f998c62-30c9-4fc3-a045-5becc04f9e3e,1,Blue,Blue,{U},Enchantment,Aura,,22a23706-a5fe-46f3-b845-6f58d558c723
1,Cursed Courtier,,3d2d5a71-d6e1-4c96-9a53-0e370047a56e,3,White,White,{2}{W},Creature,"Human,Noble",,17916cf9-1e6c-41bd-96ce-2b050d828838
1,Cursed Mirror,,6768daa5-41b0-49e1-b71a-63f733b4dc3d,3,Red,Red,{2}{R},Artifact,,,4d67e2a7-4aa7-44cc-853b-500d7aac046d
1,Cursed Ronin,,b8f24fe9-22c4-4e53-9d7a-3cbf5533ac9b,4,Black,Black,{3}{B},Creature,"Human,Samurai",,23e98711-0b3f-446d-abcc-9b0378178feb
1,Curse of Clinging Webs,,5e2d349e-fe5f-4627-84b7-2f01982603d2,3,Green,Green,{2}{G},Enchantment,"Aura,Curse",,d063f1d4-eb6b-40fa-97b7-f15ea53397fb
1,Curse of Exhaustion,,b737a959-e974-4b2a-8dca-a257da6084b0,4,White,White,{2}{W}{W},Enchantment,"Aura,Curse",,6659fae5-09d9-4095-8de3-643afd6ad3be
1,Curse of Opulence,,e23db9d3-d11f-4b2c-8349-687bc0e9d4c2,1,Red,Red,{R},Enchantment,"Aura,Curse",,ba0d3df2-3acf-46d7-8d64-8d67d1579adc
1,Curse of the Swine,,96a3dc1b-3819-4b6b-ba5f-725ccf43dd61,2,Blue,Blue,{X}{U}{U},Sorcery,,,5669ea7c-c4fc-494c-896b-4bce9b494817
1,Curse of the Werefox,,89148458-1fd6-48ef-a2d9-7b434c9723ec,3,Green,Green,{2}{G},Sorcery,,,64b41b54-ca22-41df-8bd3-dc4f7832fbb7
1,Curse of Verbosity,,ff611add-0b1b-4008-a78b-e793ccb38260,3,Blue,Blue,{2}{U},Enchantment,"Aura,Curse",,c6f76fa7-095e-4bfe-a38c-5c4531880880
1,Cut a Deal,,0d846a4d-da81-41e0-89a9-6685c821dbb4,3,White,White,{2}{W},Sorcery,,,8b5cffd5-5db3-4151-9275-d91387554412
1,Cut In,,8ea4d40a-7657-4ff8-9fc2-915b99432275,4,Red,Red,{3}{R},Sorcery,,,9b205900-ec39-455e-900b-615ece08a07f
1,Cyberdrive Awakener,,19bf6b74-b236-42eb-8c88-d715cece6357,6,Blue,Blue,{5}{U},"Creature,Artifact",Construct,,126a5d0b-e7d6-458e-87af-47d845678014
1,Cycle of Renewal,,233f4a05-057b-48f4-8f56-8d4a060a40e4,3,Green,Green,{2}{G},Instant,Lesson,,77eda626-5cef-496d-b291-cfa1ee6fc1fb
1,Cyclone Summoner,,b2d40071-cadf-48de-a8ed-d55adbfab632,7,Blue,Blue,{5}{U}{U},Creature,"Wizard,Giant",,2088e791-9ce5-4e97-a4ce-f51adaa3f42b
1,Cystbearer,,b6c10302-f0b3-4076-ae5c-a8c8c09a7d41,3,Green,Green,{2}{G},Creature,"Beast,Phyrexian",,81704164-bad9-4e52-9b69-3d49e92fe284
3,Daggersail Aeronaut,,5a46b090-8b03-4498-840e-cf130510892c,4,Red,Red,{3}{R},Creature,Goblin,,7c0ef3b7-b368-4a5b-8cbe-bf1f47610f74
2,Dai Li Indoctrination,,eca652b8-44f1-4bd9-b4bf-036eeead13aa,2,Black,Black,{1}{B},Sorcery,Lesson,,5591efbc-1b2c-489a-b4f3-935c9b6bd71a
1,Daily Bugle Building,,669bbcb1-0981-40e7-905e-b94e74bc4861,0,,,,Land,,,483e0c6c-8131-486c-b482-cc3396c9786b
1,Dance of the Tumbleweeds,,caf0e715-befb-4904-82e6-d3f8c7fbd454,2,Green,Green,{1}{G},Sorcery,,,7c57d4aa-d221-4b36-a544-9fa89d63ffbe
1,Dance with Calamity,,69f34a40-30f8-4fdd-bb21-79171ba2f00d,8,Red,Red,{7}{R},Sorcery,,,615b4189-e800-408b-99e0-71ae7089b937
1,"Dargo, the Shipwrecker",,5cd87cf8-4d5d-4aba-8dfa-800b1fb3799b,7,Red,Red,{6}{R},Creature,"Giant,Pirate",Legendary,a2414a2d-0fd8-4084-8762-ace48f70c853
1,Daring Discovery,,d95018a4-be10-4c46-b14d-4b1eba838bc0,5,Red,Red,{4}{R},Sorcery,,,a9564593-b5a6-4a83-be1e-2af8caf647d7
1,Daring Escape,,3d09dbcd-188b-4b52-943e-947cbf2c0002,1,Red,Red,{R},Instant,,,c777002d-dcd4-4d75-8175-5440a8bb118e
1,Dark Banishing,,21b6d545-2bef-4230-99ac-ee9bc3e9a53d,3,Black,Black,{2}{B},Instant,,,0df450be-9bd2-45be-ae59-fa8d19f6a391
1,Dark Bargain,,71cbedc6-482e-42de-b310-22d3a955ad7e,4,Black,Black,{3}{B},Instant,,,2f872417-3dbe-40ec-ac91-e3132c0b7514
1,Dark Heart of the Wood,,e3d3df64-1e90-4aef-86ae-0062aa23ff30,2,"Green,Black","Black,Green",{B}{G},Enchantment,,,c44f40da-867e-4237-b4b1-ed6feb1f37b7
1,Dark Ritual,,c4d24ff3-315d-44cd-8c27-d8ad6972e027,1,Black,Black,{B},Instant,,,53f7c868-b03e-4fc2-8dcf-a75bbfa3272b
2,Darksteel Citadel,,c5d0e808-d67b-4ea3-9c04-d20269fe692c,0,,,,"Artifact,Land",,,8dc067bf-f78f-4ac4-b6e7-b305c42cf0bc
1,Darksteel Mutation,,afa4c889-0577-4173-9f85-42a7bf675aaf,2,White,White,{1}{W},Enchantment,Aura,,05a4f8ff-49da-42af-add5-6248c4b0644b
1,Darkwatch Elves,,212a807f-d5d0-4787-b390-3351783a1ae4,3,Green,Green,{2}{G},Creature,Elf,,55ad9924-f217-4844-8a82-48746186bc53
1,Darkwater Catacombs,,622e89db-4717-40cb-bac8-ccdca6c06be8,0,,"Blue,Black",,Land,,,4869a530-757f-4364-8d8e-4dc8001f433c
4,Dauntless Survivor,,52b1b4a2-52a7-4fcd-aa96-f7d9e459657b,2,Green,Green,{1}{G},Creature,"Human,Warrior",,8371dee1-5f4a-410a-8b7c-e4110cdbe9bd
2,Dawning Angel,,4f3d90ef-6f70-4897-85c1-4e1beeb33363,5,White,White,{4}{W},Creature,Angel,,a7d88510-d2ce-4dd6-938c-964cc74ff7d7
1,Dawn of Hope,,de36ecaa-62e0-4f1c-b07f-837a786dc897,2,White,White,{1}{W},Enchantment,,,d7a38484-2acc-49a6-b32d-d54dddb14d31
1,Dawntreader Elk,,127c969b-1c9a-4265-af0e-5b9dbe136064,2,Green,Green,{1}{G},Creature,Elk,,de6d0248-79f6-48df-bdca-8ce207b2ec08
1,"Daxos, Blessed by the Sun",,f5770e8a-045d-42bc-b6aa-17b89488c9d4,2,White,White,{W}{W},"Creature,Enchantment",Demigod,Legendary,9d3c7c96-056f-408e-a834-fa45a430d3d4
1,Daybreak Combatants,,8697a861-0f67-4ed3-bed8-f264fc78565e,3,Red,Red,{2}{R},Creature,"Human,Warrior",,fbb3f959-ded7-4570-bacf-0e1394dbef80
1,Day of Black Sun,,d0e24797-3e45-4c2b-b4b0-1ef44d42eaee,2,Black,Black,{X}{B}{B},Sorcery,,,dc857129-533c-41d1-8e8b-1c0443030d69
1,Daze,,bbac85b3-1b40-49c7-8f79-bde83d4a0791,2,Blue,Blue,{1}{U},Instant,,,70486bee-6ee7-41ea-b834-8caf4699302b
1,Dazzling Denial,,8739f1ac-2e57-4b52-a7ff-cc8df5936aad,2,Blue,Blue,{1}{U},Instant,,,6d56bd32-f47a-4e54-a88e-b69d16283ea4
1,Deadly Brew,,87d33e48-90fc-4aac-b09a-68050bc053b5,2,"Green,Black","Black,Green",{B}{G},Sorcery,,,b831d3f8-07ce-4172-ba29-213cac414c9a
1,Deadly Complication,,7c68981c-037c-42e7-9b7f-6f07edab5f2e,3,"Red,Black","Black,Red",{1}{B}{R},Sorcery,,,c53c75a0-c248-4e76-8d28-f7e53b2dcc49
1,Deadly Dispute,,b22ef77b-67a3-45d3-9d18-12b7b124cbf4,2,Black,Black,{1}{B},Instant,,,457af74a-02b3-4659-846d-63e482667f34
1,Deadly Precision,,4661daf6-d960-4278-8946-70948efaf99d,1,Black,Black,{B},Sorcery,,,d23ca3d2-0731-4df4-a3c6-69ddf0c58601
1,Deadly Recluse,,c82cc190-7ec0-4493-b3dc-dad0cbffa2f8,2,Green,Green,{1}{G},Creature,Spider,,6b941291-1802-4ced-9869-39fa43825550
1,Dead Reveler,,909a0a38-2c22-4b49-8938-1a8162c077e6,3,Black,Black,{2}{B},Creature,Zombie,,5cee3505-0291-4f1b-9e5f-2909a31acd8e
1,Deafening Silence,,6072d9b0-d3c7-46f4-bd24-095bb13c4dea,1,White,White,{W},Enchantment,,,6284ef01-d17d-4584-aecb-1b841ae638e5
1,Deathbloom Gardener,,88dee3d1-0496-40ea-b208-7362a932f531,3,Green,Green,{2}{G},Creature,"Elf,Druid",,0c7f9701-c39e-4f14-844a-15f2e3c41ca9
1,Deathcap Glade,,78897104-80e1-4d8a-9958-145b40f679e8,0,,"Black,Green",,Land,,,f6d24565-5b32-4eff-b2e0-6e2c25516ff0
1,Deathcap Marionette,,ccc9d22c-dfce-4136-aed8-a5fe9bb852f2,2,Black,Black,{1}{B},Creature,Fungus,,6c4247d0-6dc8-4139-bbf5-c83dfdc7be1f
1,Deathcult Rogue,,a4c186d2-e631-4811-83ea-fdb54e730a5d,3,"Black,Blue","Blue,Black",{1}{U/B}{U/B},Creature,"Human,Rogue",,fa8ae8ac-4ad2-4cda-9f6b-4ec634526658
1,Death Kiss,,537b9888-70c5-4bee-8f26-d1457fdf1167,6,Red,Red,{5}{R},Creature,Beholder,,42410e81-f4a6-4501-82e4-6e745934976c
1,Deathreap Ritual,,4ee2c16c-4985-478d-bf68-fdd1e33cdb7e,4,"Green,Black","Black,Green",{2}{B}{G},Enchantment,,,b26e3596-5b28-4eb6-b3e2-03f63d8c6d49
1,Debt to the Deathless,,610e5a91-857b-4121-8b75-dbbea27aa0aa,4,"White,Black","White,Black",{X}{W}{W}{B}{B},Sorcery,,,6130f22d-7901-4f9f-b777-27bb0dacc063
1,Decanter of Endless Water,,518bbc36-58ea-44c4-a857-75a3aff058f5,3,,,{3},Artifact,,,8ae98ef8-8f52-4877-a08c-1fae5514184e
1,Deceptive Landscape,,ba863744-929b-43f3-a773-342ba3437b18,0,,"White,Black,Green",,Land,,,1831fe12-dbe0-437f-8fc8-f01bbb701fe1
1,Decisive Denial,,54ee0802-62c1-46ac-907e-82ace59fbddb,2,"Green,Blue","Blue,Green",{G}{U},Instant,,,2d0bd780-b754-44a3-894c-a9c8aa711f05
1,"Deekah, Fractal Theorist",,186e15a7-d97e-40df-adaa-96d9bd64f3ca,5,Blue,Blue,{4}{U},Creature,"Human,Wizard",Legendary,6b071146-2f83-4fda-a55a-46fcb74e6f28
1,Deem Inferior,,cc0835c7-58ca-4f16-984a-c590ce6a229a,4,Blue,Blue,{3}{U},Sorcery,,,f0bd4a29-ac13-4d4f-8479-e0e80f8d846f
1,Deep Water,,9dd6a230-6bc0-499c-b7fd-4aaa2569f98f,2,Blue,Blue,{U}{U},Enchantment,,,cf9ef041-5396-4f18-8233-42d667db0888
1,Defacing Duskmage // Vandal's Edit,,c35a1c6f-1656-4619-9ab8-40044c857a7f,2,"White,Black","White,Black",{W}{B} // {1}{W}{B},Creature,"Warlock,Dog",,27c366cf-00d7-47d4-9577-736bfc4a3b81
1,Defensive Maneuvers,,58f9eb25-4140-4ecf-bcaa-1b193d884007,4,White,White,{3}{W},Instant,,,812701c3-c9b7-4877-bf2e-c37e0f551c45
1,Defile,,5bcb4398-edd1-41a7-a496-b12bce22ceb6,1,Black,Black,{B},Instant,,,49dddec0-d958-4810-8c6e-225fc8118c8f
1,Deflecting Palm,,c5bda1a7-537f-4a80-95a0-c45eb127969b,2,"White,Red","White,Red",{R}{W},Instant,,,dc5dffc8-fac5-4956-bac4-1ad2cc16f6be
1,Delver of Secrets // Insectile Aberration,,6904ea20-e504-47da-95a0-08739fdde260,1,Blue,Blue,,Creature,"Human,Wizard",,edd531b9-f615-4399-8c8c-1c5e18c4acbf
1,Delver of Secrets // Insectile Aberration,,abff6c81-65a4-48fa-ba8f-580f87b0344a,1,Blue,Blue,,Creature,"Human,Wizard",,edd531b9-f615-4399-8c8c-1c5e18c4acbf
2,Delver of Secrets // Insectile Aberration,,6904ea20-e504-47da-95a0-08739fdde260,1,Blue,Blue,,Creature,"Human,Wizard",,edd531b9-f615-4399-8c8c-1c5e18c4acbf
1,Demolish,,3abaf8fe-5fab-442c-b219-45137f9ae112,4,Red,Red,{3}{R},Sorcery,,,08c6d2fd-d9ae-4f95-bb9d-7e16b1039814
1,Demonic Junker,,4aad569e-4acb-4416-9d4f-64e6991de3ed,7,Black,Black,{6}{B},Artifact,Vehicle,,88075828-a76e-412d-b738-182f50e3a133
1,"Denethor, Ruling Steward",,fa8654cf-431c-427b-b78f-0e48f6007e9e,3,"White,Black","White,Black",{1}{W}{B},Creature,"Human,Noble",Legendary,1b82312c-f748-4c36-8934-ecbcfc10cc7d
1,Deny Entry,,9c6a20a8-7869-4b5d-aa22-acf232cc2d41,3,Blue,Blue,{2}{U},Instant,,,a7dad8fe-b0b8-4c6d-ad11-76b402952799
1,Deploy to the Front,,aa5f9580-4ee8-49bc-9524-44072d6b3a8b,7,White,White,{5}{W}{W},Sorcery,,,135cb4af-f4b6-455b-8fea-84fcef78ee03
1,Depopulate,,c53c1898-9107-4bf8-b249-d0502fb9596d,4,White,White,{2}{W}{W},Sorcery,,,4a83c2fa-f2d2-4b86-8407-4269f127936d
1,Derelict Attic // Widow's Walk,,2cae24c1-53f1-4f3f-8795-b634c46a17c4,7,Black,Black,{2}{B} // {3}{B},Enchantment,Room,,993b7b94-ed06-422d-9c7e-52a74ce9d045
1,Descent into Avernus,,faadf72f-b2d5-4271-8d5c-a586acf63453,3,Red,Red,{2}{R},Enchantment,,,1313da2f-92bb-4862-9153-373972cc1520
1,Deserter's Disciple,,14f2ed5a-042b-4cce-82ad-cfb4bd511d98,2,Red,Red,{1}{R},Creature,"Human,Ally,Rebel",,73ca3132-d849-4cf9-beba-75ba09789332
1,Desert's Due,,35e899e4-e2de-44cf-b6f4-cace8d3770cb,2,Black,Black,{1}{B},Instant,,,909eacf3-05ce-4c2b-97a8-49b6ea597b64
1,Desperate Farmer // Depraved Harvester,,467c566e-7f6a-40c9-8fd7-da6ae96df56c,3,Black,Black,,Creature,"Human,Peasant",,60d591f6-6d84-45d2-9d78-a2ef07a3e403
4,Desperate Ritual,,c8bdb92a-7bdb-434b-8cc0-873969faf566,2,Red,Red,{1}{R},Instant,Arcane,,3620ab8f-b693-4225-bb96-5ca3cb3fa465
1,Destined Confrontation,,d4605cf7-03bc-4a7f-b50a-49b83b09b54d,4,White,White,{2}{W}{W},Sorcery,,,9703140f-36ee-4427-a390-c1dbdb9e4ee9
1,Destiny Spinner,,cfcde60c-7dbf-41e1-98c5-7be993913a84,2,Green,Green,{1}{G},"Creature,Enchantment",Human,,7dd189f8-a23f-4b43-b0ef-fb174a9664ba
1,Devilish Valet,,45d3fc69-6c5e-4ede-9f8d-c1cee096a78a,3,Red,Red,{2}{R},Creature,"Warrior,Devil",,e1e0dc37-20c9-4236-ae01-e0891ce83afb
1,Devoted Druid,,22589a81-3ea8-4e78-98c9-c015e7539cf9,2,Green,Green,{1}{G},Creature,"Elf,Druid",,cb814e16-acf7-41d5-a357-1323dcc369f3
3,Devoted Druid,,22589a81-3ea8-4e78-98c9-c015e7539cf9,2,Green,Green,{1}{G},Creature,"Elf,Druid",,cb814e16-acf7-41d5-a357-1323dcc369f3
1,Diabolic Edict,,4eabbed2-1399-4cf1-9eba-b53c56caced4,2,Black,Black,{1}{B},Instant,,,058917c1-21ab-488a-9f9c-591c55f3c596
1,Diabolic Tutor,,06750380-a9a9-4ab4-a03b-d4d35a31132a,4,Black,Black,{2}{B}{B},Sorcery,,,14589b6b-1814-46f9-a364-83cc15dacac2
2,Diamond Pick-Axe,,4ae30fa7-3d1d-417f-80d7-a668236cb2c1,1,Red,Red,{R},Artifact,Equipment,,542e7d60-3fc8-46e2-8786-f7c8b3d4c979
1,Dictate of Kruphix,,b5e4087b-e692-4eb2-bb59-ff2a001d6dd4,3,Blue,Blue,{1}{U}{U},Enchantment,,,be74a4c1-d569-4203-b28a-3e2ac6a82990
1,Dictate of the Twin Gods,,61d6f304-680c-43ad-9686-61d8b0a0ad14,5,Red,Red,{3}{R}{R},Enchantment,,,3d960d33-623a-4415-ae00-f8cffbc15f5a
1,Didact Echo,,3c068b2e-17cc-4fb8-bd79-b775a4713d74,5,Blue,Blue,{4}{U},Creature,"Cleric,Spirit",,8151668c-6459-41b5-9e57-bb47c3876b81
1,Dimir Aqueduct,,93b04b69-817a-4567-98b3-d188b36a59ea,0,,"Blue,Black",,Land,,,378a1d57-e2f1-4b84-9692-1564602e9e99
1,Dimir Signet,,95de0112-3560-413c-91a9-a2b29d6488f6,2,,"Blue,Black",{2},Artifact,,,7d881c57-0bd9-4c57-aa4a-b10808b86143
1,Dina's Guidance,,775c1e50-08a4-413f-ab0f-f1c2a79cfe94,3,"Green,Black","Black,Green",{1}{B}{G},Instant,,,a9abed25-9256-4fc7-8afb-edb4286e18f4
1,"Dina, Soul Steeper",,6ae992b6-506b-4667-884f-4f7fc075b71e,2,"Green,Black","Black,Green",{B}{G},Creature,"Druid,Dryad",Legendary,2121bcb4-f5fe-447f-9112-c7e5b5c45baf
1,Diregraf Ghoul,,5cf2d355-404e-4c21-9bc2-973d09a845a5,1,Black,Black,{B},Creature,Zombie,,6048fc70-0dcc-4b54-977d-16e240225f82
1,Diresight,,fada29c0-5293-40a4-b36d-d073ee99e650,3,Black,Black,{2}{B},Sorcery,,,a7b12df9-fddd-4cd4-8c09-d54a47867ab6
1,Dire-Strain Rampage,,0f4a7c01-95ca-43bf-bc53-875cfb4bffa1,3,"Green,Red","Red,Green",{1}{R}{G},Sorcery,,,55281479-9d30-4f3e-afd0-66b0df5de68c
1,Dirgur Focusmage // Braingeyser,,7bdabeba-0cfb-4953-b725-50a48164a044,3,Blue,Blue,{2}{U} // {X}{U}{U},Creature,"Djinn,Monk",,655ee0db-1913-464f-bd06-072c6bf446bd
1,Discerning Peddler,,73b359bf-afd8-439d-a4d2-985db1ad368c,2,Red,Red,{1}{R},Creature,"Human,Rogue",,a6584af7-583d-4d89-9b46-d61be8236413
1,Disciple of Freyalise // Garden of Freyalise,,a8e9ea5a-5e10-4b77-baef-0352ff035483,6,Green,Green,,Creature,"Elf,Druid",,2699005b-a471-429f-a9d8-fbf2077ee2fd
1,Disembowel,,149576b0-d571-4f70-a58b-847ae4fb0173,1,Black,Black,{X}{B},Instant,,,6fa90258-3c9f-4723-880f-31871c0772e0
1,Disenchant,,658c5caa-d739-4d30-a512-43ac4de900cb,2,White,White,{1}{W},Instant,,,a7e97fa9-4b72-4548-b854-5be5f18a6f1a
1,Disenchant,,8a51270d-9143-46f5-a5d1-4ff3bf20ce34,2,White,White,{1}{W},Instant,,,a7e97fa9-4b72-4548-b854-5be5f18a6f1a
1,Disfigure,,16d1f9cb-bc2d-41c5-91ba-664ddf0e74db,1,Black,Black,{B},Instant,,,77eafe49-b9c5-461d-89c5-cec217dd2974
1,Dismantling Wave,,a06bc946-8625-4a87-8695-ecf236df95bc,3,White,White,{2}{W},Sorcery,,,25012c1f-c069-43d7-b930-a3a5a7eb1389
3,Dispel,,bceab6b3-6b64-4964-a501-ce806a6c13ad,1,Blue,Blue,{U},Instant,,,6d7be242-a072-40ce-b540-95880506cccd
2,Dispel,,08d4a8d7-c136-472f-8146-a1100701ca4f,1,Blue,Blue,{U},Instant,,,6d7be242-a072-40ce-b540-95880506cccd
1,Display of Power,,295b8595-5b4e-4fc8-8249-486d36e15f67,3,Red,Red,{1}{R}{R},Instant,,,99140891-face-4015-aacd-1309e87d8f9f
1,Disrupt Decorum,,50359328-9378-448d-9817-805503186a55,4,Red,Red,{2}{R}{R},Sorcery,,,9b084cd4-cc21-4f3a-9ac5-1e1160a31aa6
1,Dissection Practice,,ddbf1242-6832-475e-9a77-65dd9b4bb32a,1,Black,Black,{B},Instant,,,73905f94-9665-4d82-8927-725d2c4fc4bd
1,Distortion Strike,,315f1cf8-7bde-4592-a14e-ef9e2e3e7ac0,1,Blue,Blue,{U},Sorcery,,,4c7f3fbf-6b68-492f-893d-853c73cfa463
4,Divination,,cb3b35b8-f321-46d8-a441-6b9a6efa9021,3,Blue,Blue,{2}{U},Sorcery,,,273b339c-964b-4a18-8eb5-ceb8abcdfd9e
1,Divine Visitation,,3800216f-5b35-4cfa-bcdb-d70e9b368d18,5,White,White,{3}{W}{W},Enchantment,,,5917216f-5b42-41fa-8976-401bdbeb782e
1,Dizzy Spell,,6e0db10d-fb6d-44df-9ff2-6f1e0e8f8209,1,Blue,Blue,{U},Instant,,,7de04284-dcaa-4b63-a734-fcfe2698f83c
1,Djinn of the Fountain,,f55606da-de3e-4375-925b-cc16b03b6365,6,Blue,Blue,{4}{U}{U},Creature,Djinn,,dcf28f91-1bf4-48be-a3d0-e061f443fd9e
1,"Doc Ock, Sinister Scientist",,de16ad65-c8c3-48c0-9d13-5af91b4e6f01,5,Blue,Blue,{4}{U},Creature,"Human,Scientist,Villain",Legendary,dbaa70e6-26de-4ce9-9543-e652cbe387c1
1,Dogpile,,9624ed7b-9f45-483c-a2cc-6089605f988f,4,Red,Red,{3}{R},Instant,,,a4364218-f746-42ff-8495-bf8ca69c3b62
1,Dog Umbra,,8d4ba710-eddb-40ca-b2fe-0e4e778aab9c,2,White,White,{1}{W},Enchantment,Aura,,e475c96f-6cf8-4139-92fd-f68ecaae4893
1,Dog Walker,,a6e0adb7-a030-4dcc-9284-cd91c7598a22,2,"White,Red","White,Red",{R}{W},Creature,"Human,Citizen",,10d24900-cd40-4c98-bb1e-b9e66113f703
1,Don't Make a Sound,,b5f42e59-7315-41cb-9c41-346e44f0c5fb,2,Blue,Blue,{1}{U},Instant,,,f28a373b-4a8d-40a5-ace1-3bbd8489ad36
1,Don't Move,,c55e5f0d-8a4b-4b6f-ab43-1268b6fac74e,5,White,White,{3}{W}{W},Sorcery,,,23cf095c-d43e-4a80-9bc5-f0f46ff885c4
1,Doom Blade,,685a74bb-f158-4d0e-b840-222ecbf107d4,2,Black,Black,{1}{B},Instant,,,59e7f2ae-4535-4191-98be-3e65b6b2befa
1,Doomed Dissenter,,a1f70ee8-7e59-43d6-a7b2-29cb5cd1d8b3,2,Black,Black,{1}{B},Creature,Human,,11cb509d-21af-48f1-b355-135ebd3e4bd1
1,Doomed Traveler,,a8ed737f-dbda-455c-a240-5fca57caeb64,1,White,White,{W},Creature,"Human,Soldier",,a30907c0-fbde-4fd3-a8c7-f304305fcea7
1,Doomed Traveler,,5a4573af-feba-4c9d-b24b-3d15888a5ce2,1,White,White,{W},Creature,"Human,Soldier",,a30907c0-fbde-4fd3-a8c7-f304305fcea7
1,Doomed Traveler,,652c3bbb-cac8-47ad-81de-41e954e17a29,1,White,White,{W},Creature,"Human,Soldier",,a30907c0-fbde-4fd3-a8c7-f304305fcea7
1,Doomsday,,5f824a13-08ef-4545-a689-41c1c8371eea,3,Black,Black,{B}{B}{B},Sorcery,,,721eb5a2-d7cf-4db0-8013-ef3f596c52a5
1,Doppelgang,,a2daec58-78ed-4da5-b3b0-b04f12b0acbd,2,"Green,Blue","Blue,Green",{X}{X}{X}{G}{U},Sorcery,,,d04c6375-25dd-4882-b8b3-a3b0d3081f32
2,"Dori, Bearer of Friends",,d2f60ad0-c887-4585-85f8-afcf72fb80d0,3,Red,Red,{2}{R},Creature,"Warrior,Dwarf",Legendary,58acd6b2-730c-4472-a34a-f2784977aca8
1,Double Major,,c3d35413-8742-4443-8859-93c91112978d,2,"Green,Blue","Blue,Green",{G}{U},Instant,,,ece44a82-dcf0-4439-bdd9-a09c99a6f159
1,Down in the Valley,,c8aa5179-475b-4cc8-b21e-205b475eb4cf,3,Green,Green,{2}{G},Enchantment,Saga,,e3491542-569e-48a8-b625-fa7c4aa2792a
1,Dowsing Device // Geode Grotto,,3d715e9f-223d-462e-8ce3-eebbaf1cd021,2,Red,Red,,Artifact,,,2f4374f6-c695-4a5d-a6d6-0e41eaa587ca
1,Dragonfly Swarm,,16be5cc4-b15a-4c5e-8a6e-05c87b519127,3,"Red,Blue","Blue,Red",{1}{U}{R},Creature,"Dragon,Insect",,83abf1d0-04e4-49e5-bf63-59f77829ffd1
1,Dragon Fodder,,41f4777d-ea0e-408c-961e-eef7b3ffe51d,2,Red,Red,{1}{R},Sorcery,,,d0d2c45b-b6e3-4999-bdab-976e8f0d6617
1,Dragon Mage,,5195abc4-cfa7-45dd-aa96-2e56f818a17b,7,Red,Red,{5}{R}{R},Creature,"Wizard,Dragon",,eab71e4e-27c3-4c41-b95f-259c1d14b97a
1,Dragon Moose,,fd61f469-5377-4bc1-a42b-dd66ca4ede1d,4,Red,Red,{3}{R},Creature,"Dragon,Elk",,4a678c6f-5a93-4a3b-80fd-4c0d0f9040c9
1,Dragonsguard Elite,,658ec634-3eb2-4967-b938-d20d31ab77e3,2,Green,Green,{1}{G},Creature,"Human,Druid",,9bc966b3-1b6e-4bea-ab1d-321bc03d2bc7
1,Dragonskull Summit,,243ae383-f77d-4942-ae73-61f991131e03,0,,"Black,Red",,Land,,,63398c02-6fb1-481d-9d9f-81063532fbc0
1,Dragonstorm Globe,,7f50aa6e-ce6a-4479-9725-202926245f2c,3,,,{3},Artifact,,,f6de5bd7-7704-4a0c-a27a-9e565e49f5e9
1,Drag to the Underworld,,91852444-9361-4588-a44f-fb90ba1b30e5,4,Black,Black,{2}{B}{B},Instant,,,746dc1d8-f245-47be-abd5-50ca6ac0d1af
1,Drain Life,,b9d10677-36f0-4339-a2c3-213e8ee1c51d,2,Black,Black,{X}{1}{B},Sorcery,,,e75ba79f-4cc2-4ede-8641-559ab94e7e36
1,Drake,,5c3a91bf-daa1-4bba-a052-d868700c610c,0,Blue,Blue,,"Creature,Token",Drake,,9e266374-80f1-458a-9417-16220d2a013a
1,Dramatic Reversal,,2ad14406-4504-4951-83f0-82c298964d6c,2,Blue,Blue,{1}{U},Instant,,,da46904c-8fb8-44c2-b2ab-775a1cc12ec3
1,Drawn from Dreams,,5677cd48-de9f-4827-94d7-8a2301945742,4,Blue,Blue,{2}{U}{U},Sorcery,,,77acdc13-e1b5-4a6c-9be1-b987e8256f10
2,Dread Return,,34a87901-98bb-41dd-b566-bcb510c20022,4,Black,Black,{2}{B}{B},Sorcery,,,352b64d2-2ae5-44ee-a64f-94932ef545d3
2,Dread Return,,721aff76-9f80-4ec2-ae29-2dc8494a1a06,4,Black,Black,{2}{B}{B},Sorcery,,,352b64d2-2ae5-44ee-a64f-94932ef545d3
1,Dreamdrinker Vampire,,961a3a53-344b-44d5-bc8e-f43437e6b558,2,Black,Black,{1}{B},Creature,Vampire,,5b4e1163-09aa-4597-9a41-e1e384975056
1,Dream Fracture,,1a5c7858-a57d-449d-8c1f-420d9129c17e,3,Blue,Blue,{1}{U}{U},Instant,,,c5843d13-855f-41dd-ac13-3c7f7e18bb39
1,Dream Harvest,,a4ebc0e7-02d7-4d38-9376-a39963e6d3fa,7,"Black,Blue","Blue,Black",{5}{U/B}{U/B},Sorcery,,,70b9497f-0dd6-4b66-9675-57c7041fe3c0
1,Dreamroot Cascade,,4852abd7-98fa-4f5c-936d-b1355e7b0978,0,,"Blue,Green",,Land,,,dd8538e6-cd5f-4a88-aff5-eb5e76ce8ddb
1,Dreamshackle Geist,,1b81d90b-708a-48c9-a478-e3b0a3d7e982,3,Blue,Blue,{1}{U}{U},Creature,Spirit,,aa40d270-63d7-4022-ade9-67c1ab65ef70
1,Dreams of Steel and Oil,,261ac92e-c61a-4c11-aa6a-9ae1cb703e5c,1,Black,Black,{B},Sorcery,,,8c308ebf-df5e-4f47-9b97-5c31944fe91c
1,Dream Trawler,,ea1072d6-afda-4282-8dff-06a76ceb447d,6,"White,Blue","White,Blue",{2}{W}{W}{U}{U},Creature,Sphinx,,661b2159-4040-4a44-b182-46085416ebd9
1,Dredger's Insight,,148400a0-7819-4551-9815-9357eed1db4d,2,Green,Green,{1}{G},Enchantment,,,3f21c1c6-7992-4036-ad3e-b599153e54fe
1,Drider,,bbc06a88-1eb6-4edb-8f03-d8274560cc41,5,Black,Black,{4}{B},Creature,"Elf,Spider",,1db76752-31ed-4a16-986a-d0852ba7d812
2,Drift of Phantasms,,d722c22d-3cab-48b5-96cd-0874060ac9a4,3,Blue,Blue,{2}{U},Creature,Spirit,,6ee51134-c4ad-4101-8ce2-23dde9359cd4
1,Drix Fatemaker,,1beb7566-305e-4091-bdc4-cf4c789ac05a,4,Green,Green,{3}{G},Creature,"Wizard,Drix",,583102f8-7232-4fbb-a715-087448536bb2
4,Drossforge Bridge,,5b46b8d8-723a-4752-b97d-29ef83bd294c,0,,"Black,Red",,"Artifact,Land",,,44b83535-fdbf-4307-bf53-ca20470a768d
1,Drowned,,951b6c10-cbba-44b6-aae2-2c386b7ebacb,2,Blue,"Blue,Black",{1}{U},Creature,Zombie,,3da87e58-6a4b-48c3-873c-bc654277d4df
1,Drowned Catacomb,,2d3a1881-aa9c-4b0e-8350-e033b0367035,0,,"Blue,Black",,Land,,,819fc966-434e-470f-91e9-a38df974ad17
1,Drown in Ichor,,bf148ef4-0ed7-4fbe-8ab6-01dd3981c8d3,2,Black,Black,{1}{B},Sorcery,,,e4912bc3-bee9-4a2f-a13e-3a99018f8a65
1,Drown in Sorrow,,4512357b-0d08-4996-9301-5853eae1ea64,3,Black,Black,{1}{B}{B},Sorcery,,,5c93ec85-f87f-4121-9fbf-61fd598d1e65
1,Drownyard Lurker,,7faf5812-2067-4386-bb83-150723d67d02,7,,Blue,{7},Creature,"Eldrazi,Trilobite",,7cf5c3dd-5c07-4eaf-8227-6f4e7f9b134d
1,Druid Class,,09278e95-eaae-4cd4-a0d8-a2d15b0abb58,2,Green,Green,{1}{G},Enchantment,Class,,dcbcbf42-4654-487a-acad-21f2606d229b
1,Dualcaster Mage,,ea4814b8-9aea-4e44-aec1-d585473f5d1c,3,Red,Red,{1}{R}{R},Creature,"Human,Wizard",,8eb7c0a5-6190-40de-b473-2d1daa3bbe28
1,Dub,,dca49646-970a-4b91-9cae-5dbdef9f7727,3,White,White,{2}{W},Enchantment,Aura,,e3ca6b70-01d2-44e9-937a-a2d50bbf9d10
1,Due Diligence,,076d9f76-a247-4727-9e0f-a0289c51059e,3,White,White,{2}{W},Enchantment,Aura,,d412150d-3c70-44cf-97cd-965c438e7303
1,Duelist's Heritage,,fefef556-dd3c-49b9-a6f5-8b86af64416e,3,White,White,{2}{W},Enchantment,,,5cdc4654-b8c5-4599-a1d2-9e9d5f6509cb
1,Dúnedain Blade,,3d5f92bf-e4e7-487a-834c-964fdd6ad674,2,White,White,{1}{W},Artifact,Equipment,,4b418846-6426-448a-b4cb-ce631e0a99a2
1,Dúnedain Rangers,,630e1e36-2f5d-44d4-9ff2-19ae75295016,4,Green,Green,{3}{G},Creature,"Human,Ranger",,7de2a364-4383-437a-b6d6-55e4721a0141
2,Dunland Crebain,,695c05ab-e46e-46c7-bd2e-ef0b2307e449,3,Black,Black,{2}{B},Creature,"Bird,Horror",,9dd755a5-0bef-4bde-92fa-14ef2a1a1410
1,Duress,,f7201d43-ae2e-4faa-a508-8555079c3bc7,1,Black,Black,{B},Sorcery,,,33d405ea-7a9a-4970-b70f-9c05d90dd6f0
1,Duress,,c0a72721-2a4a-4d48-a7b0-2370b90b8619,1,Black,Black,{B},Sorcery,,,33d405ea-7a9a-4970-b70f-9c05d90dd6f0
1,Duress,,6e533c49-35a5-4c78-a27c-d3e6f9355d37,1,Black,Black,{B},Sorcery,,,33d405ea-7a9a-4970-b70f-9c05d90dd6f0
1,Duress,,3557e601-9b71-4ce9-9047-1a8baa72e574,1,Black,Black,{B},Sorcery,,,33d405ea-7a9a-4970-b70f-9c05d90dd6f0
1,Dusk Legion Zealot,,3190cea3-fbea-464f-999b-4b4473be745e,2,Black,Black,{1}{B},Creature,"Vampire,Soldier",,ea2dce18-195e-4681-a687-f9819edaf9fc
1,"Duskmantle, House of Shadow",,2d3c85e2-58a5-4469-85ea-7e89268f310c,0,,"Blue,Black",,Land,,,67b2cd0c-ecc8-4129-b1ac-820c9924190c
1,Dusk Rose Reliquary,,a5f231ef-4167-4b0a-b54c-a098b2eb2f6f,1,White,White,{W},Artifact,,,dca7102e-c020-4fdc-9b59-f186e3e615a5
1,Duskshell Crawler,,1af03fc3-5eb6-404e-96d9-e291a1e11ec3,2,Green,Green,{1}{G},Creature,Insect,,e54ad5a1-e79d-42db-a3e9-5caecae62c9f
1,Duskwatch Hunter,,3685c783-d837-4466-a960-ab3098db64c3,3,"Green,Black","Black,Green",{2}{B/G},Creature,Wolf,,6283e5ca-9924-478b-89a5-36924accb9aa
1,Duty Beyond Death,,2e92640d-768b-4357-905f-bea017d351cc,2,White,White,{1}{W},Instant,,,67e6ce99-4883-4713-9822-cb2334765b5b
1,Dwarven Mattock,,92c6f09d-b525-4e8c-a87c-a74df9dc3b1e,2,,,{2},Artifact,Equipment,,f75bb13b-41fc-4614-b35e-f456069ce9c6
1,Dwarven Mauler,,bd0f0415-43af-4f5d-8999-853c5d42780d,1,Red,Red,{R},Creature,"Warrior,Dwarf",,70538676-2ffb-4cad-827e-b55e81088678
1,Dwarven Priest,,7e1e0f13-35a6-4a5e-8666-47bc5c275be7,4,White,White,{3}{W},Creature,"Cleric,Dwarf",,6a077a9b-d725-4b14-957f-1586db2adf59
3,Dwarven Provisioner,,1f9a61a1-454e-4d5b-a6dd-1a79fe9dedf3,2,White,White,{1}{W},Creature,"Dwarf,Citizen",,8fcab221-8737-4357-b8ee-bad9421739a3
1,Dwynen's Elite,,89d94c28-ea2e-4a3d-935f-6b2d9f2efc7a,2,Green,Green,{1}{G},Creature,"Warrior,Elf",,3d4a7dd3-9258-4bd1-adc4-08f0205e196a
1,Dynamite Diver,,5a4f96f6-dd91-4357-ae19-1c35db2c2bcb,1,Red,Red,{R},Creature,"Goblin,Pilot",,5f9ef763-22aa-4d43-b084-ef02465b489c
2,Eagle's Rescue,,12c8f2cc-ac9d-4cf6-9025-efe366b4e07f,4,"White,Blue","White,Blue",{2}{W/U}{W/U},Enchantment,Aura,,95e1c368-b58a-4e69-9583-587560ad558d
1,Earthbender Ascension,,590a58ab-5e98-4031-8aa6-ce396dc1429f,3,Green,Green,{2}{G},Enchantment,,,f8966fd5-2926-4ba0-b7d6-cfea40cd4e05
2,Earthbending Lesson,,eccd63b3-3a3a-4661-9d6e-fb8152429bdb,4,Green,Green,{3}{G},Sorcery,Lesson,,5e113f0f-4469-4276-82e1-0a804f3de444
1,Earthen Ally,,d7a0f2d9-efa4-4a53-a24b-36694457bd1c,1,Green,"White,Blue,Black,Red,Green",{G},Creature,"Human,Soldier,Ally",,913bca28-faf9-42e6-a8c0-469cd9bc0208
1,Earth Kingdom General,,8688fce5-74b1-41e1-a59a-05a3878a75cb,4,Green,Green,{3}{G},Creature,"Human,Soldier,Ally",,e43c31ee-1bac-4f96-8b74-334b3238ab73
1,Earth Kingdom Soldier,,2d543d35-945a-4ffa-beb7-7c5d4f894f79,5,"White,Green","White,Green",{4}{G/W},Creature,"Human,Soldier",,4289f2d4-3db2-4dd1-9c18-af3f78309844
1,Earth Kingdom Soldier,,2d543d35-945a-4ffa-beb7-7c5d4f894f79,5,"White,Green","White,Green",{4}{G/W},Creature,"Human,Soldier",,4289f2d4-3db2-4dd1-9c18-af3f78309844
1,Earth Rumble,,62730505-56f1-4043-a8b9-4fb7bc508b47,4,Green,Green,{3}{G},Sorcery,,,f04a7763-5fba-42e5-a45a-b3dc2daba902
1,Earth Rumble,,a584b8b2-ee2c-44eb-94de-b8dc44c59a30,0,,,,Card,,,87444b1a-fbd8-46bf-af77-9d68355b1e1f
2,Earth Rumble Wrestlers,,74fca0b8-12e1-405f-b999-160d65fe0ade,4,"Green,Red","Red,Green",{3}{R/G},Creature,"Human,Warrior,Performer",,1de17747-27e8-40bb-b6f7-6d5402d4705c
2,Earth Village Ruffians,,56d4e0b7-232f-4953-84a3-e6f17781aa45,3,"Green,Black","Black,Green",{2}{B/G},Creature,"Human,Soldier,Rogue",,0380e99c-18f9-4472-8223-bb208e5f0963
2,Easterling Vanguard,,e860dd40-07c5-47c3-92a8-1ee95a953c2f,2,Black,Black,{1}{B},Creature,"Human,Warrior",,149887fa-6b2d-495e-b3e0-b2ac7d3dc838
1,Eastfarthing Farmer,,26bb65ba-d605-4b79-a700-4a08ec5a90b4,3,White,White,{2}{W},Creature,"Peasant,Halfling",,4b1603f3-a246-449b-a109-99adb49e5ea4
1,East-Mark Cavalier,,9be412c0-45d4-4856-a8cf-63a5a822dc5c,2,White,White,{1}{W},Creature,"Human,Knight",,884d08bf-7e97-40cc-864e-445ae0bd1646
1,Ebony Rhino,,81db749e-a1df-4615-9449-94731fa23a9f,7,,,{7},"Creature,Artifact",Rhino,,3d2b5201-c2bf-4753-89ad-543795740216
1,Eccentric Farmer,,f21024b7-b157-4c18-b05c-ba5d3f5b4eb9,3,Green,Green,{2}{G},Creature,"Human,Peasant",,b51a852c-ccde-4d23-a3f3-a002f7eacdab
1,Eccentric Pestfinder // Turn Stones,,508e1dd7-edbd-4b76-90bc-ff58c55b58a3,4,"Green,Black","Black,Green",{2}{B}{G} // {B}{G},Creature,"Druid,Troll",,dfaa02d4-4f3c-4e5d-b9e5-283a45395a53
1,Echo of Dusk,,319a457c-89b7-47f6-a13c-20bb50d41138,2,Black,Black,{1}{B},Creature,"Vampire,Spirit",,fd0980ae-eabf-45da-98e7-23d81bfa185a
1,Eclipsed Steppe,,d890999a-dcc7-479e-b0f0-60388c737043,0,,"White,Black",,Land,"Plains,Swamp",,6216635f-8e6e-40a3-9659-ef6352ab92ce
1,Edgewall Pack,,acda9d02-00fc-49e2-a9f3-176e9c0a8c5f,4,Red,Red,{3}{R},Creature,Dog,,ef702a1a-4ace-43e0-8e86-dcceb0b1e4d5
1,"Edric, Spymaster of Trest",,2183cfb3-6bf5-4fbc-b535-a42ba954e8a3,3,"Green,Blue","Blue,Green",{1}{G}{U},Creature,"Elf,Rogue",Legendary,9a1de7e4-9930-4db3-a8f3-d146d0abf38b
1,Eel-Hounds,,05a50445-6d0f-423d-b27b-b2b0611f85d5,4,Green,Green,{3}{G},Creature,"Fish,Dog",,25432a3a-bcfd-4c43-b662-07676e9b3fdd
1,Eerie Soultender,,335f3146-743c-4a25-86b5-c45e9c66eb15,3,Black,Black,{2}{B},Creature,"Cleric,Spirit",,a3e4d14b-818a-4a4b-8462-1de9ad844941
1,Eidolon of Blossoms,,8dbb2112-85b9-49cf-9ed5-9273829c34f1,4,Green,Green,{2}{G}{G},"Creature,Enchantment",Spirit,,77ccbea1-70af-4194-adad-39a904221c75
1,"Elas il-Kor, Sadistic Pilgrim",,552fbde6-515d-457e-81c9-d67157eaaf37,2,"White,Black","White,Black",{W}{B},Creature,"Cleric,Kor,Phyrexian",Legendary,a4d33e21-d3fe-4d5b-903c-b75e859d6f7f
1,"Elas il-Kor, Sadistic Pilgrim",,1c3f0ffe-cf51-4c30-8cd5-9e3c7e92c019,2,"White,Black","White,Black",{W}{B},Creature,"Cleric,Kor,Phyrexian",Legendary,a4d33e21-d3fe-4d5b-903c-b75e859d6f7f
1,Eldrazi Conscription,,33965c48-a7ce-4a04-8251-8eeb2d908c0b,8,,,{8},"Enchantment,Kindred","Aura,Eldrazi",,3635e4e5-e655-45f4-a444-39756f55129a
1,Eldrazi Spawn,,1e820258-933f-4ad2-b63b-c6cd7f5bddf3,0,,,,"Creature,Token","Eldrazi,Spawn",,3aaf906a-e749-4e86-ac79-97650b92f271
1,Eldritch Evolution,,efcb00e5-2caa-45c8-ad19-05d45c683d16,3,Green,Green,{1}{G}{G},Sorcery,,,0f77c0c9-4dc4-489a-b547-e93287c4d1a5
1,Electric Revelation,,d06023c5-8cb8-4d67-bba6-8dd5201a25dd,3,Red,Red,{2}{R},Instant,,,c92af0f4-e5f1-4731-a781-b2ca360867a7
4,Electrify,,60bee89d-d916-4095-830f-6270f8c4f0d8,4,Red,Red,{3}{R},Instant,,,da952213-9a3c-4e13-bc5a-55d1e5dbaa5b
1,Electrodominance,,85e29bdc-938e-4132-813e-70c5e922efaf,2,Red,Red,{X}{R}{R},Instant,,,4a59d86e-405d-4c70-b2a5-c64f5cecfd9e
1,Elemental,,462bb611-5a02-441c-ae8a-911b75436864,0,Red,Red,,"Creature,Token",Elemental,,1a6c2152-71ca-46be-ab83-c84633442257
1,Elemental Bond,,8efbc925-54ac-4dda-82af-9091b1cf2fda,3,Green,Green,{2}{G},Enchantment,,,d9a7e5a6-3e41-4fc6-987a-18fe1b9d67dd
1,Elephant,,2be112a9-0c95-4b38-a94f-cfb87791f06e,0,Green,Green,,"Creature,Token",Elephant,,079c46cc-feb0-4998-8593-c8b739afdb82
1,Elephant-Rat,,0568f28f-e830-4a7a-91d3-43e78bb86c8f,2,Black,Black,{1}{B},Creature,"Rat,Elephant",,84557d9d-ee22-46c9-8f4a-62a440fb302f
3,Elf Warrior,,1e050305-6f8b-4261-a4b4-c9fa1dc99b0f,0,Green,Green,,"Creature,Token","Warrior,Elf",,dac8a765-6845-4b57-bb79-4ec463436f92
1,Eliminate the Impossible,,486f1cc2-c162-448e-91a9-577d7d796584,2,Blue,Blue,{1}{U},Instant,,,c78d4cec-6764-4cce-96d2-a2d85a57b218
1,Elite Interceptor // Rejoinder,,2970683e-e69c-42cb-a067-34abd56fb42b,1,White,White,{W} // {1}{W},Creature,"Human,Wizard",,d97de156-5a6d-4dc6-953e-d4bad63cbad2
1,Elite Interceptor // Rejoinder,,2970683e-e69c-42cb-a067-34abd56fb42b,1,White,White,{W} // {1}{W},Creature,"Human,Wizard",,d97de156-5a6d-4dc6-953e-d4bad63cbad2
1,Ellivere of the Wild Court,,45851394-b8f3-4713-8239-afcb387d47c5,4,"White,Green","White,Green",{2}{G}{W},Creature,"Human,Knight",Legendary,97f9b82f-b3cf-44ff-9abc-2d92d7cbaa27
1,"Elrond, Lord of Rivendell",,308465a9-2143-49f2-b9d0-a09272dd1b62,3,Blue,Blue,{2}{U},Creature,"Elf,Noble",Legendary,099ae8f2-5c84-43ab-aaa1-ea69f2bba784
1,Elsha of the Infinite,,c0728027-a1ec-4814-87c4-10c3baced0e0,5,"White,Red,Blue","White,Blue,Red",{2}{U}{R}{W},Creature,"Djinn,Monk",Legendary,da339200-ed26-42e4-b24f-b96bc4daef7c
1,"Elsha, Threefold Master",,eee11606-5902-41d3-aec6-d6a3da01091b,3,"White,Red,Blue","White,Blue,Red",{U}{R}{W},Creature,"Djinn,Monk",Legendary,d8ccbd72-6429-43cb-a0a9-ab56e97a2d53
1,Elven Farsight,,73d135b2-d2b8-499c-84d9-824370c19ccc,1,Green,Green,{G},Sorcery,,,04b35e95-2963-4a0a-bd1c-d516cda2dd37
1,Elvenking's Harper,,9c50656d-c74a-4e90-9ef7-afa237682516,2,Blue,Blue,{1}{U},Creature,"Elf,Bard",,7d070a95-49ea-4aea-b512-dbb0006a00ee
1,Elven Passage,,dd1fd2ab-2565-4798-a832-fc849df82f74,0,,,,Land,,,97a2cd39-6b54-496b-b3ac-dab9dfed7edc
1,Elvish Mystic,,d618c3ea-f823-4fe0-8e11-65d5965528d3,1,Green,Green,{G},Creature,"Elf,Druid",,3f3b2c10-21f8-4e13-be83-4ef3fa36e123
1,Elvish Vatkeeper,,b3227c07-9ef2-46a6-9b4f-bbd6ef12f4a5,3,"Green,Black","Black,Green",{1}{B}{G},Creature,"Elf,Phyrexian",,b881d61c-d7cf-49af-bed7-3bc657ea1208
1,Elvish Visionary,,367ef35a-528b-407c-8b8d-679109662bae,2,Green,Green,{1}{G},Creature,"Elf,Shaman",,c6a3a882-a127-4590-93d7-679ef4313efe
1,Embereth Veteran,,bc7130b8-3168-421f-912a-46ed5b769807,1,Red,Red,{R},Creature,"Human,Knight",,2c232056-9dd6-4a78-be08-3bff19daa88d
1,Emblem of the Warmind,,03ab2a41-315b-439c-b02c-f12335fc903a,2,Red,Red,{1}{R},Enchantment,Aura,,86e88219-0f8e-405d-8439-c3b4acf11330
1,Empty the Warrens,,06462b57-1b0e-4c9c-9531-c14b9f2d5a3b,4,Red,Red,{3}{R},Sorcery,,,3a59c882-8bb8-49ba-862f-125020dd5bec
1,"Emrakul, the World Anew",,b914bfd9-5be3-4459-a68a-9b3ea2747bbc,12,,,{12},Creature,Eldrazi,Legendary,33300e69-29f6-41e4-92ab-82d8b018b217
1,"Emry, Lurker of the Loch",,c977d89a-bfd1-4e98-9d95-3e41c53dd188,3,Blue,Blue,{2}{U},Creature,"Wizard,Merfolk",Legendary,da3e7d3d-2ca0-40c3-9602-fca37c92f507
1,Enchanted River's Grasp,,ad40a4b9-9fab-49c1-8e9f-6e0776966833,3,Blue,Blue,{2}{U},Enchantment,Aura,,fcc9f3bc-0bc3-4189-a4d0-9698594b99a8
1,Enchantress's Presence,,3f50538b-f866-4e75-8856-2ad8af635011,3,Green,Green,{2}{G},Enchantment,,,795b096a-2bce-4588-a2c9-abc5ea40dc0c
1,End Hostilities,,80a53ed7-a7b7-40d8-9239-cf6f205dbc59,5,White,White,{3}{W}{W},Sorcery,,,7b2e2c4b-b8fd-440c-8a79-de6532022745
1,Endless One,,00b3c10a-799f-4922-bb0a-44981b13203b,0,,,{X},Creature,Eldrazi,,7a51780a-fa28-4ee0-94c7-4330800ca9cb
1,End of the Hunt,,0809b51a-6a05-4f18-9bf4-1b8382da648f,2,Black,Black,{1}{B},Sorcery,,,74b8182e-54be-444a-97b1-84fc5fd3c290
1,"Endrek Sahr, Master Breeder",,123490fb-5908-45f2-b376-7959ccdf9c3e,5,Black,Black,{4}{B},Creature,"Human,Wizard",Legendary,47a0079f-3544-45bc-a32a-bd93844c8c43
1,End the Festivities,,bec748e6-7245-4a71-aeee-cefed8346948,1,Red,Red,{R},Sorcery,,,09618da4-6e2d-4047-96d7-0576c0754e7d
1,Enduring Bondwarden,,eb0680eb-ceca-44d9-9654-78ea2ccfce17,1,White,White,{W},Creature,"Human,Scout",,c17d4818-5825-4bff-8fc5-5fd740cc0c70
1,Enduring Courage,,f46ac55f-d68e-4d5d-af0a-3879f97f705e,4,Red,Red,{2}{R}{R},"Creature,Enchantment","Dog,Glimmer",,b3de29cb-7d7d-4566-b5bf-37e571bd5d78
1,Enduring Tenacity,,d5756d4b-3068-412c-8643-880d3459151e,4,Black,Black,{2}{B}{B},"Creature,Enchantment","Snake,Glimmer",,98e698ae-1a69-469c-9cfb-0e3fedeb71d4
1,Energybending,,6c085441-e023-4032-89a0-d24ce5060ac3,2,,,{2},Instant,Lesson,,c4c1e49d-5f14-486c-acf2-1952512b12b2
1,Energy Tap,,9f67692d-9df6-4841-a36b-26c28110b63b,1,Blue,Blue,{U},Sorcery,,,106ae855-574b-411d-8689-cbb9eeb4f602
1,Engulfing Eruption,,f198c7e3-8a85-48f3-a7c2-93320fd4fb81,4,Red,Red,{2}{R}{R},Sorcery,,,27b4fee0-ae46-4d15-96cd-aff8f3009de8
1,"Ennis, Debate Moderator",,d2ef31b4-24fa-4443-9f05-c8e99c3522e5,2,White,White,{1}{W},Creature,"Human,Cleric",Legendary,97e1fcdf-04e8-40cf-b04a-8505d9b7cecc
1,Enraged Huorn,,a9b48836-6d37-46eb-8c41-a3eeecc72ae1,5,Green,Green,{4}{G},Creature,Treefolk,,8a7dbf4e-f121-40c5-a688-3398e04c1311
1,Enter the Avatar State,,a8f3d2cb-d073-4df8-8769-49612628a377,1,White,White,{W},Instant,Lesson,,4e552be1-0702-4e18-822f-98611f8a8e70
1,Enter the Enigma,,cf5479c7-9e46-4a57-abe7-8cc670de89e4,1,Blue,Blue,{U},Sorcery,,,67554654-e751-4679-9e92-f3588525ae4f
1,Enthusiastic Mechanaut,,fbfcbfed-74c7-4b1e-897c-44f25e45a4a5,2,"Red,Blue","Blue,Red",{U}{R},"Creature,Artifact","Goblin,Artificer",,c9722086-23e8-43dc-8a8c-541ff6962318
1,Entish Restoration,,cd4dbf80-187b-40e3-9e0b-526f78d9a34e,3,Green,Green,{2}{G},Instant,,,736017e2-bc33-49e8-812d-1639443fdb51
1,Entrancing Melody,,15732049-7e56-432f-881f-215e45b7a70e,2,Blue,Blue,{X}{U}{U},Sorcery,,,f9f82958-a7c6-4161-b0d8-fdbf7a3dd911
1,Entropic Battlecruiser,,cc59796b-9025-44b6-a188-cf6684ebffb9,4,Black,Black,{3}{B},Artifact,Spacecraft,,90c5ea2b-d004-4219-b60c-d51bc1a5ee6b
1,Ephemerate,,621e3239-b527-4154-bce6-b51241809fc5,1,White,White,{W},Instant,,,0fd57894-b917-41c8-a394-360d1d31b236
1,Epic Confrontation,,35ba6c05-a4c2-422b-a4cb-852b3aef77a5,2,Green,Green,{1}{G},Sorcery,,,31123cb5-2dd5-4f2b-a2fd-8f87095972c6
1,Epic Downfall,,3b4a6804-04f5-4467-bb1c-9466a47bc55f,2,Black,Black,{1}{B},Sorcery,,,ed5d6aba-0b8d-48b3-a84c-618f45fb67b1
1,Epicure of Blood,,40b03528-f4ec-4825-ba4c-c485cb4eab3a,5,Black,Black,{4}{B},Creature,Vampire,,bdb319a6-a1cd-44f5-999d-af1bb55b2fc4
1,Era of Enlightenment // Hand of Enlightenment,,74f43827-2b9b-4fc9-a6e2-c682dfbf14f7,2,White,White,,Enchantment,Saga,,a6d646e8-0d84-489b-a46a-3bd5b1141864
1,Erebor Flamesmith,,552730c5-e3a6-468f-91b2-82c272dda400,2,Red,Red,{1}{R},Creature,"Artificer,Dwarf",,6eb93545-a1a6-4447-82c5-421d8e9f023d
1,Erebos's Emissary,,5aa96f63-d5c3-47d3-a54d-a67883406fc5,4,Black,Black,{3}{B},"Creature,Enchantment",Snake,,dc39c52b-9bee-4cec-a970-1867314944ef
1,Eriette's Whisper,,dfed2acf-9ac8-447b-94f5-7db3a713c991,4,Black,Black,{3}{B},Sorcery,,,27ca3201-a374-4a9d-b0ba-93b391f36844
1,Eroded Canyon,,5c9d080f-28d7-41d6-a4e0-5b3e3a5ed770,0,,"Blue,Red",,Land,Desert,,852c6520-d148-4923-a312-05a9af821f24
2,Erosion,,5f4b6507-89ee-482e-aafd-8e05ada8f1ce,3,Blue,Blue,{U}{U}{U},Enchantment,Aura,,155ee24f-a458-4df4-86d5-5eb7396ebf45
1,Erstwhile Trooper,,351ee4ba-882d-48c1-837d-e9eccc5bc50d,3,"Green,Black","Black,Green",{1}{B}{G},Creature,"Soldier,Zombie",,a1640d9a-367f-4b90-bd4d-18f2c9244ccf
1,Ertai's Scorn,,6129b0d3-b50a-4a4b-9111-39f8fc6718dd,3,Blue,Blue,{1}{U}{U},Instant,,,76e6c0e7-593a-4b4a-9eb6-a912f9c3f26f
1,Escape Tunnel,,93ddde4f-d35e-4128-8f43-d0eadbd715de,0,,,,Land,,,0056fc91-4398-471c-b561-7ff99750ac8a
1,Esgaroth Garrison,,573f67b0-6ce8-4857-a703-4a5728640736,5,White,White,{4}{W},Creature,"Human,Soldier",,84597236-2cfc-4654-b126-a8ee252f4d14
1,Esgaroth Garrison,,573f67b0-6ce8-4857-a703-4a5728640736,5,White,White,{4}{W},Creature,"Human,Soldier",,84597236-2cfc-4654-b126-a8ee252f4d14
1,Essenceknit Scholar,,2a3cba55-3fae-4d45-ae03-4d662ec13718,3,"Green,Black","Black,Green",{B}{B/G}{G},Creature,"Dryad,Warlock",,dd757328-0593-4fc7-a099-e82f5c0677ff
1,Essence Leak,,9099b2e6-9ed8-4a9c-97ca-77cc47678228,1,Blue,Blue,{U},Enchantment,Aura,,cb02daf6-9013-4ccc-bf1f-773b757ac468
1,Essence Scatter,,b7ad4441-e300-4267-bedb-4ae6a64f59cd,2,Blue,Blue,{1}{U},Instant,,,46665089-aa3d-44c3-964d-6638dfbb5782
1,Essence Scatter,,49bd28e3-1612-41b3-88a0-bb5c1ee60ace,2,Blue,Blue,{1}{U},Instant,,,46665089-aa3d-44c3-964d-6638dfbb5782
1,Essence Warden,,ff09be4d-bbcc-4c25-9df2-b3df07fca955,1,Green,Green,{G},Creature,"Elf,Shaman",,6ca2a89e-7032-4864-b4e9-66f3178f90ab
1,"Etali, Primal Storm",,b6af9894-95b5-4c8e-902f-a9ba70f02e4a,6,Red,Red,{4}{R}{R},Creature,"Elder,Dinosaur",Legendary,078def07-ae5d-4591-8db6-d156834aab97
2,Etali's Favor,,6d4075a8-c15d-4078-bf4b-0f85c03fecec,3,Red,Red,{2}{R},Enchantment,Aura,,df98b93b-0aa6-4bea-9d8d-798ebc795b0b
1,Etched Cornfield,,f8900b89-0e10-4602-bba2-da8d60ea5885,0,,"White,Green",,Land,,,6ccca5c2-66c3-495a-8d9e-1a9805569e52
1,Etched Host Doombringer,,b2f1afa2-ca71-49cf-953b-d5dfc60c178f,5,Black,Black,{4}{B},Creature,"Demon,Phyrexian",,85c799e9-74d5-459e-b168-b95ed78cd4e9
1,Eternal Thirst,,14ab1802-1756-44cf-8cf5-ca69f24875f2,2,Black,Black,{1}{B},Enchantment,Aura,,a1b66fbf-14a3-4582-8414-53f432f96dad
1,Eternal Witness,,d4448f49-ebe8-43f1-958f-308c4c20a01f,3,Green,Green,{1}{G}{G},Creature,"Human,Shaman",,30b24e8e-3b0e-4d8e-90f3-f66eb7c1858c
1,Ethereal Armor,,19557197-521d-4900-a260-1a21e49113f5,1,White,White,{W},Enchantment,Aura,,dbba75f5-2404-4bd5-982b-f6c4effa5316
1,Eureka Moment,,e400c9b7-c789-49dd-9f72-b9d1df03fcca,4,"Green,Blue","Blue,Green",{2}{G}{U},Instant,,,0e2c11b2-d95f-4402-9a4a-afd3f7ffb8be
1,Eusocial Engineering,,011bd7d8-6d60-482a-91b7-d3f0aad13b71,5,Green,Green,{3}{G}{G},Enchantment,,,2f3f5a1c-8b88-4080-bd80-14db4d6c8c50
1,Evacuation,,854ccd5e-64af-40f6-a831-8d0cd4a0b204,5,Blue,Blue,{3}{U}{U},Instant,,,fdd94383-b573-439a-8e1c-925af887c5a6
1,Ever After,,9a530a54-2711-4858-bc88-559d90be4f05,6,Black,Black,{4}{B}{B},Sorcery,,,86be501c-6f05-4ce0-adb0-7adb135bfb93
1,Everflowing Chalice,,01c18d57-16a7-4cc0-b086-81c4b9a166c7,0,,,{0},Artifact,,,0a79237e-0811-4a8a-bd4d-db3ca91bff22
4,Eviscerator's Insight,,b00573bd-5bbb-4531-a0bb-a40f62b92b88,2,Black,Black,{1}{B},Instant,,,81a398ee-e534-43b7-88fe-45155d6aba3a
1,Evolution Sage,,d089c2c1-e304-4f28-8700-5b9b3029bdbc,3,Green,Green,{2}{G},Creature,"Elf,Druid",,b45fdeab-00cc-4422-af9f-66f30a880a7c
1,Evolution Witness,,4d89283e-9783-4006-9294-4ae0473d2ce6,3,Green,Green,{2}{G},Creature,"Elf,Shaman,Mutant",,0e07f1af-5ff6-4da5-8683-aea4cc390975
1,Evolving Adaptive,,13366c60-1200-4ad2-bbf4-77596121fcd2,1,Green,Green,{G},Creature,"Warrior,Phyrexian",,e350c2d5-0ca2-4b9c-b01f-a3c31cbf8d10
8,Evolving Wilds,,71afb548-691d-4c72-b369-85f9b451c71d,0,,,,Land,,,a75445d3-1303-4bb5-89ad-26ea93fecd48
4,Evolving Wilds,,e24ec4c1-5a28-450d-8e37-62a154749ee6,0,,,,Land,,,a75445d3-1303-4bb5-89ad-26ea93fecd48
1,Excalibur II,,d42e5fed-67ac-46d7-a5d4-78f661f3e8b4,1,,,{1},Artifact,Equipment,Legendary,bfb6651c-e0b3-4dbd-b26a-3eeb690985fc
1,Exchange of Words,,8c28cebf-f849-4353-9dd1-c62f05c15d0f,3,Blue,Blue,{1}{U}{U},Enchantment,,,a55ef412-257b-4ecd-9440-4545521be938
1,Exhibition Magician,,cbb4479f-3157-44b4-b18b-7553c7513118,3,Red,Red,{2}{R},Creature,"Human,Wizard",,758e68fd-76ba-467e-a756-c5daa7db16d5
1,Exhibition Tidecaller,,a58c364e-d0c5-41b9-8c8b-2e5a99468cc7,1,Blue,Blue,{U},Creature,"Wizard,Djinn",,d32c9439-4c97-412b-83cc-6d9acb48be3c
1,Exoskeletal Armor,,e111fcab-17f7-4a02-b4eb-606ba18812b3,2,Green,Green,{1}{G},Enchantment,Aura,,29358dcd-b26a-4720-9daa-7baa648e3540
1,Exotic Orchard,,a54b6832-9990-4144-99ef-990a9ad4c081,0,,,,Land,,,27b047e3-0d41-45e2-98e9-9391d7923a1e
2,Expanding Ooze,,bbdb095d-b826-4e3e-8c61-0d408e52d6b8,3,"Green,Black","Black,Green",{1}{B}{G},Creature,Ooze,,4feeb493-8db5-41d3-bd27-486052e61f28
1,Expedite,,59c65eb7-4353-45ce-9c2e-1791c2804ccf,1,Red,Red,{R},Instant,,,3501a839-eef5-44e4-8637-b5754780454e
1,Expedition Map,,8710f97d-28c7-4809-a4cd-81d08a7e3909,1,,,{1},Artifact,,,8fcf50cd-e6d0-4516-850f-d42ee75dcc3a
2,Expedition Map,,618eff8e-c1e6-488e-897c-891533608eab,1,,,{1},Artifact,,,8fcf50cd-e6d0-4516-850f-d42ee75dcc3a
1,Expedition Map,,c55bee97-593f-441f-b96c-a998d5212a55,1,,,{1},Artifact,,,8fcf50cd-e6d0-4516-850f-d42ee75dcc3a
1,Expel the Interlopers,,1094eef0-6c57-4bfa-a584-f708b87354fb,5,White,White,{3}{W}{W},Sorcery,,,744b7e93-c893-4770-a3bb-6a45b7f8e4f7
4,Experimental Synthesizer,,c47931c9-685d-4b83-8299-bc347224b4e8,1,Red,Red,{R},Artifact,,,11db299a-0918-46a3-b39b-16acc3f4e281
1,Experiment One,,3b551403-47dd-4c2b-95c8-0e2e674d6fcf,1,Green,Green,{G},Creature,"Human,Ooze",,8520ee67-439b-4f15-838b-420bacbb8b13
1,Exploration Broodship,,61596da3-2a0e-47d9-b707-8db4cce2479d,1,Green,Green,{G},Artifact,Spacecraft,,8a83ecee-092b-456c-803f-a9aaa17c4da9
1,Explore,,ab9dbf0b-2c1d-463c-b675-ff711c282e56,2,Green,Green,{1}{G},Sorcery,,,b8f566ea-8283-4afa-9ac8-737e26419283
1,Explore,,bd15599d-62a0-42e2-acf7-63d7220a4418,2,Green,Green,{1}{G},Sorcery,,,b8f566ea-8283-4afa-9ac8-737e26419283
1,Explorer's Scope,,ea3a9cdb-4842-44b3-8143-0fda31692600,1,,,{1},Artifact,Equipment,,a563ede9-b92f-4285-88f8-abcbdd017742
1,Explosive Derailment,,f0e3df9c-0a86-4e6f-a3c7-84a883328a3d,1,Red,Red,{R},Instant,,,b23dc81d-01bb-4bf0-9932-5d32a6b22cf7
1,Explosive Shot,,4ba682a6-1045-4ed6-ae95-bd5af8bd7224,2,Red,Red,{1}{R},Sorcery,,,a6081d17-599b-4fd2-bd68-55eca939213a
1,Expressive Iteration,,db54cb6f-25e0-4d5f-876e-a6aa66042d63,2,"Red,Blue","Blue,Red",{U}{R},Sorcery,,,c7aecca5-2f67-4245-ab2d-e723d8b23a67
1,Exsanguinate,,f11d7311-4066-4a5d-ba28-9857fa707a0b,2,Black,Black,{X}{B}{B},Sorcery,,,8164b1e8-3350-465e-8a17-75f57d326344
1,Exsanguinate,,3d9bb677-6b9a-4ccf-accc-b1a91be85b70,2,Black,Black,{X}{B}{B},Sorcery,,,8164b1e8-3350-465e-8a17-75f57d326344
1,Extinction Event,,f6bcf690-c532-4d2d-8458-78a5613a6090,4,Black,Black,{3}{B},Sorcery,,,0a11a3a8-ee5f-4caf-bf84-c8248e07c825
1,Extract a Confession,,256c8b6e-4031-458b-8eb9-bbfe58405a0c,2,Black,Black,{1}{B},Sorcery,,,96480e86-70a8-401d-abf8-a7d509311b73
1,Extraction Specialist,,b404d6c7-0b65-4c6a-b141-9dffbeb120db,3,White,White,{2}{W},Creature,"Human,Rogue",,4164034a-5e59-4e40-a150-2c1000b0bd0d
1,Extravagant Replication,,6a41dfae-bc7e-4105-8f7e-fd0109197ad8,6,Blue,Blue,{4}{U}{U},Enchantment,,,3a646245-b8b7-4f91-a312-d5eea9a9e49a
1,Eyeblight Massacre,,be00670b-64a8-428a-8db0-9119efddaa1b,4,Black,Black,{2}{B}{B},Sorcery,,,3b90dd70-798e-4dc4-99e7-b36d6823af2b
1,Eye of Malcator,,7cc4246b-ff59-44b2-acff-c0bb6e4cd6ac,3,Blue,Blue,{2}{U},Artifact,,,7270b5b6-a571-4e6d-91de-03f7cc035b3c
1,Ezuri's Predation,,ea020a19-2907-4627-8a3b-d481404f5aca,8,Green,Green,{5}{G}{G}{G},Sorcery,,,d0dd425b-fdba-41b4-b9e6-f5161610bd7e
1,Fabled Passage,,7c787c6b-b6c7-47a0-8f8d-761629f5568e,0,,,,Land,,,0c85b8f7-0bd0-4680-9ec5-d4b110460a54
1,Faceless One,,25564fba-5765-457b-8dd3-f26b877221b8,5,,,{5},"Creature,Enchantment",Background,Legendary,ef220170-c01a-4ca5-b887-f248c50227ee
1,Fact or Fiction,,74d189fc-48fe-40f5-ae56-34b4dfc068d0,4,Blue,Blue,{3}{U},Instant,,,437b2dab-15e0-4b9a-a204-58622d37a3b3
2,Fading Hope,,c2fb1fff-12be-4bd5-8dba-c36e84d49651,1,Blue,Blue,{U},Instant,,,64883ef2-c536-42e2-b52f-cfd1984fcdfd
1,Faerie,,276f075e-5fe5-4317-a31e-a19f65a963f4,0,Blue,Blue,,"Creature,Token",Faerie,,03fc0cae-a6d3-4fae-995d-038eb32c48ac
1,Faerie Artisans,,6a2fbd1c-21ad-4b79-b93a-4a5efdf52283,4,Blue,Blue,{3}{U},Creature,"Artificer,Faerie",,7dda40f2-7b5f-479c-86b6-8bc11fff9f4a
1,Faerie Vandal,,789c5c2b-3e51-4f6c-ac76-d276facf716f,2,Blue,Blue,{1}{U},Creature,"Rogue,Faerie",,b872f147-00eb-4cf8-af8c-4144356b2089
1,Faithful Watchdog,,b9afac99-a094-41a8-8323-90dec29691c4,2,"White,Green","White,Green",{G}{W},Creature,Dog,,139fb542-89fd-4b9e-87e6-ec925bcca93a
2,Faithless Looting,,dbf7f017-17a4-403e-8a8c-c76e36d55d9f,1,Red,Red,{R},Sorcery,,,3d6fa57a-aa53-4b5c-b8af-a7612c823117
4,Faithless Salvaging,,c6ed4077-4ed5-48fb-91c9-a9195d652978,2,Red,Red,{1}{R},Instant,,,0366ccfd-c717-4ea2-8176-86e184f920f4
1,Fake Your Own Death,,693635a6-df50-44c5-9598-0c79b45d4df4,2,Black,Black,{1}{B},Instant,,,ad01df89-29fe-44c7-a133-91425f8ff09c
2,Fallaji Archaeologist,,b0eab397-25a6-4377-8e12-e8acef9675cf,2,Blue,Blue,{1}{U},Creature,"Human,Scout",,bf037457-82e3-45fd-bc17-5bc25e66c15e
1,Family Reunion,,5c2cfbdc-8d40-4abb-afca-6c6d8e36185b,2,White,White,{1}{W},Instant,,,8972de18-2c49-4162-a285-264a44c0e675
1,Famished Foragers,,fdbe6937-ceda-4367-a101-562fd5e0e09d,4,Red,Red,{3}{R},Creature,Vampire,,e95f22dd-b89a-4836-86ad-5a9a1627af38
1,Fanatical Firebrand,,d1296316-7781-4e98-95e6-7020648be6a5,1,Red,Red,{R},Creature,"Goblin,Pirate",,d36e11f1-6ab3-4273-8114-a8fbbe21c1c3
2,Fanatical Strength,,4941fa74-c7b9-4468-8080-de8057d3d27b,2,Green,Green,{1}{G},Instant,,,b92e97f5-a307-471f-be06-afa4fcdab757
1,Fanatic of Mogis,,581eaadb-442b-40c9-b8f9-9e19d5eba824,4,Red,Red,{3}{R},Creature,"Minotaur,Shaman",,f19d06af-6caf-41d8-8d0a-d5d50bd67900
1,"Fandaniel, Telophoroi Ascian",,08c9bf6c-fc52-4565-96d1-951a314e59e5,5,Black,Black,{4}{B},Creature,"Wizard,Elder",Legendary,3909ff79-2103-407c-a812-a5a5a996fce2
1,Fanged Flames,,fcfac301-55db-49a7-9a0d-918c907703da,2,,Red,{1}{R},Sorcery,,,46515251-2172-4b0a-81ac-4c0120b73360
2,"Fang, Fearless l'Cie",,f73a5cbb-905f-4b99-8d23-9d1b6bd47ee8,3,Black,Black,{2}{B},Creature,"Human,Warrior",Legendary,04ac8b2c-95e9-40e9-8cc0-af9b075a94c0
1,Fang of Shigeki,,2dd0fef1-209f-4de5-a736-8f9bca2faa0a,1,Green,Green,{G},"Creature,Enchantment","Snake,Ninja",,9e187d43-ae75-4589-81fc-476ae95ba5b9
1,Fangs of Kalonia,,0ae8a77b-4001-4da2-b684-d0fab370a162,2,Green,Green,{1}{G},Sorcery,,,8d9bd4cc-564b-4fdf-9462-b4bb30583642
1,"Faramir, Prince of Ithilien",,8700923a-e9ff-4ced-87fe-1ab26554623a,4,"White,Blue","White,Blue",{2}{W}{U},Creature,"Human,Noble",Legendary,8a8c7c20-beb7-4352-99ea-7f64a30b9f52
1,Farewell,,d9afeade-c7a0-4c88-93c8-112774860e51,6,White,White,{4}{W}{W},Sorcery,,,4eb813fd-2d5a-4b02-8193-662681ef4e7d
1,Farideh's Fireball,,57a46987-f05a-4b83-af56-f18000874e65,5,Red,Red,{3}{R}{R},Instant,,,927d74c4-afe0-4856-9a02-c3fca9535c2f
1,Farmer Cotton,,25b49eaa-13e7-4f4e-b0dc-56ebd28a4a22,2,"White,Green","White,Green",{X}{G}{W},Creature,"Peasant,Halfling",Legendary,11f1d2b7-0c2b-40df-bf90-3c55b23449af
1,Farseek,,f9b69d33-96dd-4844-aefa-27a885cb2ffc,2,Green,Green,{1}{G},Sorcery,,,495e52e6-4c2b-4574-9474-eadbdcc8b4ac
1,Far Wanderings,,bd3a735a-5f51-41af-99d1-92296cec7b22,3,Green,Green,{2}{G},Sorcery,,,2ef797ef-c05f-4309-85c7-1bd151dac3fa
1,Fatal Fissure,,3343933d-4425-4ede-8d92-876bd0c6df60,2,Black,Black,{1}{B},Instant,,,202e45d6-8c7a-46db-85fb-634aa77b4097
1,Fateful Showdown,,a19d5bdd-7f45-4ff1-bd1a-ac4e87572bcb,4,Red,Red,{2}{R}{R},Instant,,,729b7ce8-7e7f-4db9-b3ce-67aba46a7b0d
1,Fauna Shaman,,b8b906eb-3223-474c-9b74-eda2c280f9c5,2,Green,Green,{1}{G},Creature,"Elf,Shaman",,35b8fa77-4e85-418b-b335-cd1af127075c
2,"Fear, Fire, Foes!",,37be98a4-0cba-46b4-be93-a9805fe77160,1,Red,Red,{X}{R},Sorcery,,,35a0e085-df04-454d-b4d3-42db387bbad0
2,Fearless Halberdier,,89f08297-f477-4330-a99e-3f0847c31364,3,Red,Red,{2}{R},Creature,"Human,Warrior",,2ef2f417-2061-4796-974a-92f800ef05e4
1,Fear of Being Hunted,,a0a5e716-68c1-4fa0-aa08-5b08114e08d8,3,Red,Red,{1}{R}{R},"Creature,Enchantment",Nightmare,,a23293cf-4352-4ce6-8a68-3b30f908e137
1,Fear of Falling,,0e814e48-cd9d-428f-90e2-74d97cb9c8f1,5,Blue,Blue,{3}{U}{U},"Creature,Enchantment",Nightmare,,00ba96e0-42a7-432a-a500-5e607d75a358
1,Fear of Immobility,,9220c8fa-6ef7-4bc1-acb9-fc54cc43e498,5,White,White,{4}{W},"Creature,Enchantment",Nightmare,,fb2600a8-0ba6-4888-ac8a-f206469d4c71
1,Feasting Hobbit,,17662301-7284-40d4-af51-45a496c0eac0,2,Green,Green,{1}{G},Creature,"Citizen,Halfling",,cca33482-0bc5-4fe4-89dc-ba33b2e93831
1,Feast of the Victorious Dead,,8a90d613-a327-4dc7-b0c1-0003fe0171ef,2,"White,Black","White,Black",{W}{B},Enchantment,,,7e4e1d13-db1a-48e5-9b5f-f3e71d10c23e
1,"Feather, the Redeemed",,be4e8bb8-fa07-4858-aafb-7eab7f01ddae,3,"White,Red","White,Red",{R}{W}{W},Creature,Angel,Legendary,aa219936-661b-4ccb-8741-78b70cff2b1a
1,Feed the Swarm,,2246c098-1071-4cc3-a60a-802406e2827b,2,Black,Black,{1}{B},Sorcery,,,5825997b-10d7-4a36-972c-a80ddd90b8ed
2,Feed the Swarm,,9f48e48d-6bc5-4f9c-9c3e-457cf6632cf5,2,Black,Black,{1}{B},Sorcery,,,5825997b-10d7-4a36-972c-a80ddd90b8ed
1,Feign Death,,32af7061-fca6-4a06-be3c-01881e6b96f7,1,Black,Black,{B},Instant,,,f718e507-296b-4f22-842b-5fb91322069b
1,Felidar Retreat,,541b9ee6-4008-4b92-a88f-ff9013048cdd,4,White,White,{3}{W},Enchantment,,,16629f59-bae8-4c19-bf50-443eb0ed6856
1,Fell Stinger,,27347849-6c07-42c0-bee4-74f93d7ad511,3,Black,Black,{2}{B},Creature,"Zombie,Scorpion",,18dd694f-e239-4603-85fd-b34b028ff6a4
2,Fellwar Stone,,5bf29f9d-0745-4aab-b7fc-7b04ba2eeaba,2,,,{2},Artifact,,,95560508-7ac9-4be9-8a3f-3c7d5b52807b
1,Fellwar Stone,,20086120-2e91-4989-b776-7bf6674b91ff,2,,,{2},Artifact,,,95560508-7ac9-4be9-8a3f-3c7d5b52807b
1,Fencing Ace,,994094f8-e175-4e2e-aa39-c096f0ed9e6a,2,White,White,{1}{W},Creature,"Human,Soldier",,2f810936-2ba6-4c2b-84a0-ff4c1deb026b
1,Ferrous Lake,,4105785e-cbaa-4017-ae93-ba5ac8f2fd4c,0,,"Blue,Red",,Land,,,62c15af0-40e1-407d-b056-7a3d909e3fdb
1,Fertile Ground,,091dda35-59e5-456d-8804-61513a610aed,2,Green,Green,{1}{G},Enchantment,Aura,,cf14d4e5-5965-45ad-97f7-26facf2884b5
1,Fertile Ground,,229a4a86-b9ce-415c-9343-db4211cac7b8,2,Green,Green,{1}{G},Enchantment,Aura,,cf14d4e5-5965-45ad-97f7-26facf2884b5
1,Fertilid,,d0f3d98c-4e6f-48ea-8fd1-9436bea1b6aa,3,Green,Green,{2}{G},Creature,Elemental,,21f1c6d7-8289-44b2-b88f-c09e202be200
1,Fertilid's Favor,,e0bbfb58-8b22-4e8d-991c-855c29964d94,4,Green,Green,{3}{G},Instant,,,e2da8c3e-6ffc-41dd-a68a-62e64f7e9c60
1,Festival,,e9357990-701a-4336-b545-ac5a24d89cad,1,White,White,{W},Instant,,,8e594801-4a8d-4dcd-b328-7eb3de65cf90
1,Fetid Heath,,16af23b7-db97-4dd0-84c2-c0095f6dbe96,0,,"White,Black",,Land,,,42bf259d-4bb9-49c3-b4ec-223dca62f4d6
1,Fever Charm,,830d1980-f460-4be2-9379-c3f74c8318f3,1,Red,Red,{R},Instant,,,d0b08a7b-8c9c-4440-9331-5a24917423ca
1,Fevered Visions,,3ee3fc2b-c2e4-421d-ac1d-6a111bb44f44,3,"Red,Blue","Blue,Red",{1}{U}{R},Enchantment,,,70763549-4b4e-4cb8-8c02-0639ba18bb1a
1,Field of Ruin,,d510eece-4f55-4198-83fe-5291a76ffdcc,0,,,,Land,,,f825c98f-a327-440b-8c0d-ebe02e23bfb7
1,Field of Souls,,018e48ee-cbd8-4ff8-92f6-c649e8e8df57,4,White,White,{2}{W}{W},Enchantment,,,4d7a5b14-8fce-41f2-a0d5-fff3d15f41f6
2,Field Research,,a48c3a2f-678b-4e70-a53f-258457d88d29,3,Blue,Blue,{2}{U},Sorcery,,,bb377cf8-29ee-489e-86a9-93f4dc2ae02e
1,Field-Tested Frying Pan,,1d770a59-1c54-407e-9c58-8d8b6f44c90a,3,White,White,{2}{W},Artifact,Equipment,,0c9e3e6a-0bab-4619-b135-d2dbe824b1f0
1,Fiendlash,,7ff6fab0-7872-445d-a514-774ecccd2355,2,Red,Red,{1}{R},Artifact,Equipment,,2d21dc80-2900-4dc3-9657-f17b50716481
1,Fiery Confluence,,bed7ef7f-bb40-4e1b-8635-e2226a05ac38,4,Red,Red,{2}{R}{R},Sorcery,,,3c22e031-4804-4c31-bd3c-c3f29d456b34
4,Fiery Finish,,3e38127d-63af-4d26-9ff5-358c8a61f39c,6,Red,Red,{4}{R}{R},Sorcery,,,afa3eb61-624c-4abe-bf1e-58fa3b4c14a6
4,Fiery Inscription,,8c321159-43e5-40fc-9f0c-4ecc4f6cfd20,3,Red,Red,{2}{R},Enchantment,,,111889d4-bcca-4b1f-ad48-3077e2f5136f
4,Fiery Temper,,61caf82d-e077-4931-a6ad-09fa7f04b36f,3,Red,Red,{1}{R}{R},Instant,,,f07bd49d-8e71-4d56-be2a-638514011318
1,Fight to the Death,,ee1475d1-4f24-4719-b7a5-c6e3a2a9d63e,2,"White,Red","White,Red",{R}{W},Instant,,,7f885ffc-7245-4f00-a903-6e088007c635
1,Filter Out,,a81a9eb1-240b-40fd-9282-0f5abec63449,3,Blue,Blue,{1}{U}{U},Instant,,,8c95d823-6bbd-4484-8f38-b1bb20403085
1,Final Showdown,,a5abbfdb-0460-4f78-be7f-d3e8a4b3afb5,1,White,White,{W},Instant,,,7e7ec3d6-a84f-4cc3-93f4-4d181d41e126
1,Final Vengeance,,648da934-71f6-4945-a08f-09698414417b,1,Black,Black,{B},Sorcery,,,cdba7f43-df9e-4bfb-9480-721c787ad051
1,Fireball,,967465c4-619a-4407-bffc-ffadb89726cd,1,Red,Red,{X}{R},Sorcery,,,aa7714b0-2bfb-458a-8ebf-37ec2c53383e
1,Firebender Ascension,,2929b702-03c6-4cf0-a3f7-61b27f4803be,2,Red,Red,{1}{R},Enchantment,,,96cc63af-69d1-4493-b241-0cb244a9e48a
1,Firebending Lesson,,fa940e68-010e-4b68-be8a-555d7068f7b4,1,Red,Red,{R},Instant,Lesson,,a9282f91-638e-414b-8b3d-9a99e30aec96
1,Firebending Student,,3b366f59-16fe-43cb-888d-1f93ef8fd332,2,Red,Red,{1}{R},Creature,"Human,Monk",,1ad3be51-f68b-46d6-b58e-400b50e384f1
2,Firebrand Archer,,fe0312f1-4c98-4b7f-8a34-0059ea80edef,2,Red,Red,{1}{R},Creature,"Human,Archer",,2e9289d6-dbc6-456d-88cf-d1f534e731d6
1,Firebrand Archer,,fe0312f1-4c98-4b7f-8a34-0059ea80edef,2,Red,Red,{1}{R},Creature,"Human,Archer",,2e9289d6-dbc6-456d-88cf-d1f534e731d6
1,Firebreathing,,6fbcc269-aaa3-42aa-9898-3f908aaae272,1,Red,Red,{R},Enchantment,Aura,,8603bf74-faab-4910-8e45-0f2e3b318efb
1,Fire Diamond,,81fa8865-c600-4d8d-976d-789cd565802e,2,,Red,{2},Artifact,,,97b477d8-2e05-475e-8ed6-7d680cb21cd9
6,Fire Elemental,,fcca2f76-3db9-472b-b78e-a87b81e31d0a,5,Red,Red,{3}{R}{R},Creature,Elemental,,3912d21e-1ebc-4a81-9dc9-f404248d564a
1,Fire Lord Azula,,bc6146bf-f0c6-4557-af6a-74c643d5fc01,4,"Red,Black,Blue","Blue,Black,Red",{1}{U}{B}{R},Creature,"Human,Noble",Legendary,2631130e-63e2-43a3-914a-648e76722203
1,Fire Lord Zuko,,e62d3bcc-7bb4-42be-90a9-caf3c1caa29d,3,"White,Red,Black","White,Black,Red",{R}{W}{B},Creature,"Human,Ally,Noble",Legendary,a129423d-c886-4120-96f7-c2517ea7eb83
1,Fire Nation Ambushers,,a20aaa6c-7032-43c1-9e7c-57cf8c8ecfd4,3,Black,Black,{2}{B},Creature,"Human,Soldier",,8ed27504-f86b-4ce5-9395-7029825176ab
1,Fire Nation Archers,,e83ee667-7726-42e9-9483-6cfc6f9ce638,4,Red,Red,{3}{R},Creature,"Human,Archer",,2e735849-1930-4f43-86b4-da660ade15bc
1,Fire Nation Attacks,,9cc10845-8989-46ca-a57a-fd728fca0729,5,Red,Red,{4}{R},Instant,,,399fba23-fc13-440b-ab67-192eede6ecab
1,Fire Nation Engineer,,5daba108-277d-46c8-ac35-7610f4786813,3,Black,Black,{2}{B},Creature,"Human,Artificer",,9a983666-376b-48a8-9f82-8d041d32ae93
1,Fire Nation Occupation,,3455d55e-aef5-4eb1-bcd9-1ff9d1ab3698,3,Black,Black,{2}{B},Enchantment,,,2a99c0d6-3200-44ff-8d4c-f7a38cecb05f
1,Fire Nation Palace,,c91ac3f2-9fcd-4b41-a168-ae7f70b67d3c,0,,Red,,Land,,,f2000fb8-39c6-4ad6-a020-5245faaa1eba
1,Fire Nation Raider,,ede1bbdb-c726-46e3-aaf1-b8cf2be2c341,4,Red,Red,{3}{R},Creature,"Human,Soldier",,b37e9bc5-6a2c-4f08-b856-3f8d0d16defb
2,Fire Nation Raider,,ede1bbdb-c726-46e3-aaf1-b8cf2be2c341,4,Red,Red,{3}{R},Creature,"Human,Soldier",,b37e9bc5-6a2c-4f08-b856-3f8d0d16defb
1,Fire Nation's Conquest,,b6fcdc4c-547a-4df4-93c8-911fd400c837,3,Red,Red,{2}{R},Enchantment,,,8893af49-2f90-4aed-bcaf-905bb9e8ed8f
1,Fire Nation Sentinels,,4a08c7c4-d20f-4c5b-a308-b8c84c9030a9,5,Black,Black,{3}{B}{B},Creature,"Human,Soldier",,4ba60296-5612-41ed-bf53-a061783ed3b9
1,Fire Nation Soldier,,58e59eba-3cf5-4ebe-8bc1-28568921650b,3,Red,Red,{2}{R},Creature,"Human,Soldier",,6a15fad7-8171-4bce-bb39-fe3a8175f8fa
1,Fire Nation Warship,,41ecc1de-353e-4131-b735-d2ce18c9c2d5,3,,,{3},Artifact,Vehicle,,987aab63-a889-400f-a3bd-feaef978b407
1,Fire of Orthanc,,9b5871c5-bb94-4803-93ba-cd1a630b00d6,4,Red,Red,{3}{R},Sorcery,,,407021e2-4072-4961-95be-f9309c341677
2,Fire Sages,,71a9fa44-306f-417a-a9d9-991aff95025c,2,Red,Red,{1}{R},Creature,"Human,Cleric",,08d1940a-ddc6-4b6d-b6c9-9d2aa470b906
1,Fireslinger,,de253d94-9968-47da-bb7a-9c8ebf50f4e0,2,Red,Red,{1}{R},Creature,"Human,Wizard",,0e5a5cee-d068-42cf-bf58-8e1360720be0
1,Fires of Mount Doom,,b9db8702-fc72-453b-afc8-62266f7cd1c2,3,Red,Red,{2}{R},Enchantment,,Legendary,f4944fde-2066-4aed-85c0-6e5e00a4bfe6
1,"Firja, Judge of Valor",,46f485c6-a2b2-4da3-8804-b2b816eba344,5,"White,Black","White,Black",{2}{W}{B}{B},Creature,"Cleric,Angel",Legendary,7d5dcf8c-ecda-49ae-980c-c8c9016252d9
1,First-Time Flyer,,ea22d29d-3a62-4ae2-91d5-21a678be9b48,2,Blue,Blue,{1}{U},Creature,"Human,Ally,Pilot",,cbbea4e2-4b36-4965-89b6-00d2a564f146
1,Fishliver Oil,,c3c4a1f4-0a8e-4e70-a2a8-ceebbca63b6c,2,Blue,Blue,{1}{U},Enchantment,Aura,,75457fe5-4ab6-42c4-98e5-8ed6e8bf122c
1,Fists of Flame,,45c118b4-7460-4a96-8a54-3c5974232203,2,Red,Red,{1}{R},Instant,,,e05abb6b-e9f4-4d9e-ad1e-7805ebc09914
1,Fists of Ironwood,,7193c00f-0398-485c-974d-346ee59cd4c7,2,Green,Green,{1}{G},Enchantment,Aura,,2f6a5278-23bf-47b2-a2b9-dfff7d96f3dd
1,Fix What's Broken,,c0cd1d71-8e4a-4e00-80cd-83aec231fa57,4,"White,Black","White,Black",{2}{W}{B},Sorcery,,,7f8f46c0-889a-4c9a-9bfa-2b43db608d55
1,Flameshadow Conjuring,,b473ee0c-b037-4968-9dda-82c2288e54f7,4,Red,Red,{3}{R},Enchantment,,,343460ea-7999-4d9e-b425-97fa1621f9d6
1,Flaming Fist,,ec122c9f-5513-4ba7-ae04-3c2060121d73,3,White,White,{2}{W},Enchantment,Background,Legendary,cdaefc96-4560-43bb-9514-bf87657bd481
1,Flare of Cultivation,,bda2fa87-81c0-41ac-8831-556ce392c058,3,Green,Green,{1}{G}{G},Sorcery,,,1766f1f4-0924-4436-8379-94030adcccc5
1,Flare of Denial,,71a98efb-9b0a-496b-ac21-8d70527ea544,3,Blue,Blue,{1}{U}{U},Instant,,,437cfd16-94bc-43ba-afd8-e9e9d028a4ca
1,Flare of Duplication,,497a10c6-131b-464e-95e4-e47708a24d48,3,Red,Red,{1}{R}{R},Instant,,,f586ecb8-310c-4f40-a766-6a7ca46a254d
1,Flare of Fortitude,,37b41b59-0296-443b-8a62-8d5c4641ef66,4,White,White,{2}{W}{W},Instant,,,4ff07b7c-e97a-4b57-bcf1-2f22c37a8bd6
1,Flare of Malice,,19efb9ce-62eb-4cbf-b01e-979f3fd09ba6,4,Black,Black,{2}{B}{B},Instant,,,4ce156f8-6b0b-41ce-9e8f-b2735c757406
1,"Flash Thompson, Spider-Fan",,44cf372b-f668-45e9-981e-4533295dcc74,2,White,White,{1}{W},Creature,"Human,Citizen",Legendary,f536a518-160e-4267-89da-3d34accc6d2c
1,Flaying Tendrils,,77899cb2-4d87-4c2d-99ae-1ae75bc5dc86,3,,Black,{1}{B}{B},Sorcery,,,cc2d016a-af44-427b-a25a-593274369449
1,Fleshbag Marauder,,4002b3a4-e00e-44ed-8989-d553e5d7d6c8,3,Black,Black,{2}{B},Creature,"Warrior,Zombie",,4b1bf05e-753e-4350-a913-894cf3cecc0c
1,Fleshgrafter,,01095217-bc33-4d71-bf10-2ead9f8ebd25,3,Black,Black,{2}{B},Creature,"Human,Warrior",,04b1fb9e-4aef-46d9-b163-f9beff198bad
1,Flexible Waterbender,,1447ebce-7e48-4b21-a39c-740920538bdd,4,Blue,Blue,{3}{U},Creature,"Human,Warrior,Ally",,8cf88fa8-2f47-4125-a59d-9c2b2d4765a7
1,Flight,,64f9c524-89ae-4776-a94d-ee89d57d3e36,1,Blue,Blue,{U},Enchantment,Aura,,6a4068b0-fb4f-429c-a94e-47849f3eb7ef
1,Fling,,cb28fe03-8269-41de-b766-42c3421aeaef,2,Red,Red,{1}{R},Instant,,,24227761-b50e-4b9e-93a2-e82d053b3e3d
1,Flooded Grove,,e3bec498-9149-4045-8931-8decbb87c526,0,,"Blue,Green",,Land,,,dc974eb4-72b9-4213-887b-8ee684b93420
1,Flood Plain,,84503325-1e80-4f29-819d-be1d5eb05bd7,0,,,,Land,,,9043d8d5-b38a-406f-a44c-49f579c644f0
1,"Flopsie, Bumi's Buddy",,082f4abc-c09f-42cf-977f-060875dfd411,6,Green,Green,{4}{G}{G},Creature,"Ape,Goat",Legendary,a8966245-501c-47e4-8ce0-849dcb532eb2
1,Flotsam // Jetsam,,c1500cbf-5619-465e-a97b-75e676ce789b,8,"Green,Black,Blue","Blue,Black,Green",{1}{G/U} // {4}{U/B}{U/B},Instant,,,b0c28b2b-a2dd-4b76-bb1c-cec55a0a6784
1,Flourishing Bloom-Kin,,5ddcb31e-9301-44f1-b138-0573fbf56a47,2,Green,Green,{1}{G},Creature,"Elemental,Plant",,66e74e8f-036e-4b26-a4a8-2365891765bc
2,Flourishing Hunter,,2abc54df-773d-4f46-b241-e1f42af8ab95,6,Green,Green,{4}{G}{G},Creature,"Spirit,Wolf",,d714dc46-2db2-439f-b558-2b69d5c36b46
1,Flow of Knowledge,,5ea316f3-4a68-4cd4-a388-da9d0455d0a9,5,Blue,Blue,{4}{U},Instant,,,b65f20de-52fa-4904-bbfe-7ba53ccd8ae5
1,Flowstone Infusion,,b57c3674-9a31-4418-b306-e6b0a2514d8f,1,Red,Red,{R},Instant,,,6c75b92a-4fc1-4f26-95be-1b92f462c111
1,Flutterfox,,769cddf0-2078-456b-a622-057571464fe7,2,White,White,{1}{W},Creature,Fox,,58805c22-29cc-4ab2-a95c-b1798eb7a90d
1,Flying Dolphin-Fish,,ccb61a51-cff6-4f88-ac17-f10852a27d06,2,Blue,Blue,{1}{U},Creature,"Fish,Whale",,59fa8323-bba9-4c51-833d-2ab966599b62
1,Flying Octobot,,ebadcd4a-f58f-4328-a765-0ea8d8028417,2,Blue,Blue,{1}{U},"Creature,Artifact","Villain,Robot",,5ef8925c-5f43-49ca-83f0-e2ca8e655600
1,Fog,,17d591ad-4f3d-4cc6-a888-e30b46ee0771,1,Green,Green,{G},Instant,,,27e9db49-7af7-4bef-ad4c-bf5dfb92030d
1,Foggy Swamp Spirit Keeper,,cd624be9-e960-4485-a8a9-2d5f2dd51777,3,"Black,Blue","Blue,Black",{1}{U}{B},Creature,"Human,Druid,Ally",,faecfb8d-2f63-4b98-a842-b11448f0d538
1,Foggy Swamp Vinebender,,78a75317-94f7-47a4-b4da-5a027fa73248,4,Green,Green,{3}{G},Creature,"Human,Ally,Plant",,82fefb82-a436-488d-8ecd-594686117e34
1,Foggy Swamp Visions,,3a46deaa-88f7-4eec-aa99-b85073847918,3,Black,Black,{1}{B}{B},Sorcery,,,16af0a22-833e-47c6-ac27-002702194595
1,Fog of War,,37096c19-32c9-448a-94e9-f5fe2d74e3a3,3,Green,Green,{2}{G},Instant,,,103ca069-0bfe-4976-bee1-75406273875d
1,Fog on the Barrow-Downs,,bb0cda3a-20d7-425a-89fe-b0a3cd7ced03,3,White,White,{2}{W},Enchantment,Aura,,66bee79a-7e47-4fc4-ba07-323cd2de6261
1,Footfall Crater,,f1b75aac-54e3-4181-bac5-5a142757ec05,1,Red,Red,{R},Enchantment,Aura,,ca4fdf89-a74e-4086-8109-b0f9dd91710e
1,Footlight Fiend,,73083658-5e25-4d06-acba-ce8f771b5e52,1,"Red,Black","Black,Red",{B/R},Creature,Devil,,77a5305a-2611-4a64-adb4-da131dcea233
1,Footlight Fiend,,8c604697-5c81-4329-9b16-f19bd90ba08c,1,"Red,Black","Black,Red",{B/R},Creature,Devil,,77a5305a-2611-4a64-adb4-da131dcea233
1,Foot Soldiers,,baff03f3-a8ca-4c35-ae71-43b5d237b519,4,White,White,{3}{W},Creature,"Human,Soldier",,a768ba13-4d1c-4dce-a4a6-86a39c069c3f
2,Foray of Orcs,,5fea0c66-c776-4dc7-a235-f3822521cacd,4,Red,Red,{3}{R},Sorcery,,,60bfcaef-9014-4707-b681-cc3920bf223e
1,Forbidding Watchtower,,5efb8c9c-3108-4a06-8ad9-a0dbe3cc5c02,0,,White,,Land,,,cabf7953-0fac-4dbb-b3ae-05e85e02b3fc
1,Foreboding Fruit,,c5f79ec4-3722-4fda-824b-e80dc7608d01,3,Black,Black,{2}{B},Sorcery,,,33a162f3-e781-494f-ab8f-12a84801a694
1,Foreboding Landscape,,57fb0fa7-0c5c-4a75-9461-c51403c30282,0,,"Blue,Black,Green",,Land,,,bcfe1653-e602-4d38-abe7-bfcc7f203f9d
2,Forecasting Fortune Teller,,023e7ad4-6af0-4f29-a716-27a313974227,2,Blue,Blue,{1}{U},Creature,"Human,Advisor,Ally",,a5a05edd-2a30-414b-b766-f0651d5783f5
1,Forensic Gadgeteer,,97d08a15-e61c-4421-a541-c68a4f87cb74,3,Blue,Blue,{2}{U},Creature,"Artificer,Vedalken,Detective",,9d5917d5-4fb3-4f37-9278-e08c1f73aae5
1,Forest,,5f533364-0f91-4e49-aaeb-83c4c1f6d316,0,,Green,,Land,Forest,Basic,b34bb2dc-c1af-4d77-b0b3-a0fb342a5fc6
1,Forest,,46196e8f-9339-4f00-b9cf-cab8f9abc80e,0,,Green,,Land,Forest,Basic,b34bb2dc-c1af-4d77-b0b3-a0fb342a5fc6
1,Forest,,47eb96ec-a417-4dbc-82d2-6317372dda11,0,,Green,,Land,Forest,Basic,b34bb2dc-c1af-4d77-b0b3-a0fb342a5fc6
1,Forest,,e5da22bf-bc8a-4810-b273-1e33a6b37323,0,,Green,,Land,Forest,Basic,b34bb2dc-c1af-4d77-b0b3-a0fb342a5fc6
1,Forest,,4fce7045-4572-4e9e-8853-2a5dcfc989ac,0,,Green,,Land,Forest,Basic,b34bb2dc-c1af-4d77-b0b3-a0fb342a5fc6
1,Forest,,baf8a774-65f3-431e-b084-328ff1000895,0,,Green,,Land,Forest,Basic,b34bb2dc-c1af-4d77-b0b3-a0fb342a5fc6
1,Forest,,7ca91ba8-c08d-4239-b9f2-d6c960466456,0,,Green,,Land,Forest,Basic,b34bb2dc-c1af-4d77-b0b3-a0fb342a5fc6
27,Forest,,7df94d2c-7c1f-4461-8f70-c2bd4ebb95be,0,,Green,,Land,Forest,Basic,b34bb2dc-c1af-4d77-b0b3-a0fb342a5fc6
27,Forest,,0a854256-e8f3-4715-aec2-3af3b8e8fd28,0,,Green,,Land,Forest,Basic,b34bb2dc-c1af-4d77-b0b3-a0fb342a5fc6
26,Forest,,2581a074-00ab-4a2d-8699-25dcd8c76393,0,,Green,,Land,Forest,Basic,b34bb2dc-c1af-4d77-b0b3-a0fb342a5fc6
1,Forest,,05683891-cdd4-4401-b7d5-0ef17e79c699,0,,Green,,Land,Forest,Basic,b34bb2dc-c1af-4d77-b0b3-a0fb342a5fc6
8,Forest,,c5cbd941-53ab-4b02-b96c-a9af7767e606,0,,Green,,Land,Forest,Basic,b34bb2dc-c1af-4d77-b0b3-a0fb342a5fc6
9,Forest,,e99aacd5-c692-4de8-b565-d5092598295d,0,,Green,,Land,Forest,Basic,b34bb2dc-c1af-4d77-b0b3-a0fb342a5fc6
8,Forest,,c318bae5-5d3f-4e91-adfe-13c182511ef7,0,,Green,,Land,Forest,Basic,b34bb2dc-c1af-4d77-b0b3-a0fb342a5fc6
7,Forest,,a305e44f-4253-4754-b83f-1e34103d77b0,0,,Green,,Land,Forest,Basic,b34bb2dc-c1af-4d77-b0b3-a0fb342a5fc6
7,Forest,,e3bc9d0c-0d86-44a4-a548-a2054361a4ed,0,,Green,,Land,Forest,Basic,b34bb2dc-c1af-4d77-b0b3-a0fb342a5fc6
1,Forest,,a4c99f1b-f304-42d5-bbea-32283b01d43b,0,,Green,,Land,Forest,Basic,b34bb2dc-c1af-4d77-b0b3-a0fb342a5fc6
1,Forest,,a305e44f-4253-4754-b83f-1e34103d77b0,0,,Green,,Land,Forest,Basic,b34bb2dc-c1af-4d77-b0b3-a0fb342a5fc6
1,Forest,,7b6c2532-be5a-4f1f-893c-36bcda2a699d,0,,Green,,Land,Forest,Basic,b34bb2dc-c1af-4d77-b0b3-a0fb342a5fc6
1,Forest,,c4fec728-8e3f-427d-81ab-e06114910223,0,,Green,,Land,Forest,Basic,b34bb2dc-c1af-4d77-b0b3-a0fb342a5fc6
1,Forest,,6cb8f264-cc26-476e-a3b7-53638dce7395,0,,Green,,Land,Forest,Basic,b34bb2dc-c1af-4d77-b0b3-a0fb342a5fc6
1,Forest,,8c13cafb-3078-4856-a5b0-c38aace8a34a,0,,Green,,Land,Forest,Basic,b34bb2dc-c1af-4d77-b0b3-a0fb342a5fc6
3,Forest,,818442df-fb81-4f1c-bcf2-fbd6b05912ed,0,,Green,,Land,Forest,Basic,b34bb2dc-c1af-4d77-b0b3-a0fb342a5fc6
4,Forest,,aea5c36b-c107-4daf-bedb-507b4cd64724,0,,Green,,Land,Forest,Basic,b34bb2dc-c1af-4d77-b0b3-a0fb342a5fc6
4,Forest,,ec8de02c-7954-4424-8b95-a21d8e104bd4,0,,Green,,Land,Forest,Basic,b34bb2dc-c1af-4d77-b0b3-a0fb342a5fc6
4,Forest,,d4558304-7c17-4aa0-bd50-cdd95547f1a7,0,,Green,,Land,Forest,Basic,b34bb2dc-c1af-4d77-b0b3-a0fb342a5fc6
4,Forest,,a4df3e89-610c-4f42-a93a-e694342307cc,0,,Green,,Land,Forest,Basic,b34bb2dc-c1af-4d77-b0b3-a0fb342a5fc6
4,Forest,,3279314f-d639-4489-b2ab-3621bb3ca64b,0,,Green,,Land,Forest,Basic,b34bb2dc-c1af-4d77-b0b3-a0fb342a5fc6
3,Forest,,43e7e6ec-9bfe-4062-a538-2a748d2eed1f,0,,Green,,Land,Forest,Basic,b34bb2dc-c1af-4d77-b0b3-a0fb342a5fc6
3,Forest,,56caba21-b773-4245-b3f8-3ae62725c14f,0,,Green,,Land,Forest,Basic,b34bb2dc-c1af-4d77-b0b3-a0fb342a5fc6
3,Forest,,00feb2af-b363-4377-98b1-6a07df7f1acd,0,,Green,,Land,Forest,Basic,b34bb2dc-c1af-4d77-b0b3-a0fb342a5fc6
4,Forest,,42352899-f2f2-4dea-863b-8d685e63b454,0,,Green,,Land,Forest,Basic,b34bb2dc-c1af-4d77-b0b3-a0fb342a5fc6
8,Forest,,ea3cc8ba-ab54-46d3-9c3a-91678fd8d381,0,,Green,,Land,Forest,Basic,b34bb2dc-c1af-4d77-b0b3-a0fb342a5fc6
6,Forest,,32df22d3-9b65-4b43-80d9-e4c43575ec74,0,,Green,,Land,Forest,Basic,b34bb2dc-c1af-4d77-b0b3-a0fb342a5fc6
6,Forest,,c1e46627-3cf3-4aca-97ba-80f9e919608c,0,,Green,,Land,Forest,Basic,b34bb2dc-c1af-4d77-b0b3-a0fb342a5fc6
6,Forest,,b52ff177-bafe-4e0a-a6c3-2cf012b1319f,0,,Green,,Land,Forest,Basic,b34bb2dc-c1af-4d77-b0b3-a0fb342a5fc6
5,Forest,,07264de1-4322-4adb-8f08-c0aa236747c7,0,,Green,,Land,Forest,Basic,b34bb2dc-c1af-4d77-b0b3-a0fb342a5fc6
6,Forest,,cbe793e4-c034-4a22-929d-d743c0255bf1,0,,Green,,Land,Forest,Basic,b34bb2dc-c1af-4d77-b0b3-a0fb342a5fc6
1,Forever Young,,7873c1f9-572c-4740-82f8-cf3cbc7318d0,2,Black,Black,{1}{B},Sorcery,,,31f32afa-5b2a-4218-ae7b-642e1cac3911
1,Forge Boss,,5052247d-ef72-47f0-973d-2be98bf754c1,4,"Red,Black","Black,Red",{2}{B}{R},Creature,"Human,Warrior",,c234d2ab-21d5-41a9-9ab8-47a8bd53a686
1,Forgotten Ancient,,6d79e492-993e-4305-bff2-b45f6b2536c8,4,Green,Green,{3}{G},Creature,Elemental,,2ef75cf3-30dc-4852-a6d1-1d6391fad022
1,Forgotten Creation,,27f82ee6-b8cd-4dce-b213-3910302f30e9,4,Blue,Blue,{3}{U},Creature,"Horror,Zombie",,c26964c7-4259-4281-b450-f0c2ed34b37c
1,Forlorn Flats,,963c100e-4e12-438f-b5ae-14391406dff6,0,,"White,Black",,Land,Desert,,ebb3e2ff-2214-4e11-88fb-e0fa84288cf1
1,Forsaken Miner,,1679f74d-00f8-436c-9f8c-aa3f843a546c,1,Black,Black,{B},Creature,"Skeleton,Rogue",,d37e0127-6f68-438e-8b9e-a71bb3c34733
1,Forsaken Monument,,516d5db4-92c2-4bf1-b3aa-f10ac3490bba,5,,,{5},Artifact,,Legendary,7777fab1-df3f-467f-b9e2-46dd2bd2166e
1,Forsake the Worldly,,cca4e95e-f14e-4cfa-918a-cfb15f912293,3,White,White,{2}{W},Instant,,,f60fb81a-969a-476c-a227-5231bbed4ad4
1,Fortress Crab,,324681da-a28e-47ec-9810-5678de53e494,4,Blue,Blue,{3}{U},Creature,Crab,,075fd933-689c-4199-85bd-e7994d936145
1,Forum Familiar,,b06a243d-acc8-42cd-926c-98a4cc96ab21,1,White,White,{W},Creature,Cat,,7ea0012b-b90b-43d6-bb5b-e4e92452bea7
1,Found Footage,,b12eb087-762e-4e7d-a6e0-f48df603b7c7,1,,,{1},Artifact,Clue,,ad37551c-9d20-4902-8190-6a0aa32a7947
1,Foundry Inspector,,cca62547-7dd3-4bb7-be5f-92c4fa51904d,3,,,{3},"Creature,Artifact",Construct,,18f22960-87ec-43cd-82ea-ec5cabf49ad3
1,Fractal Mascot,,cf5b19e3-eed1-4b36-9756-660ffb3baa08,6,"Green,Blue","Blue,Green",{4}{G}{U},Creature,"Elk,Fractal",,cca3f3e8-15a7-4ad8-893a-d3570178a800
1,Fragmentize,,5bf09deb-2607-4eb0-94a7-9584e771fdfb,1,White,White,{W},Sorcery,,,f025c1da-734e-4cbb-99d8-9d700d6edbde
1,Frantic Scapegoat,,3ae07b33-dcee-41aa-9886-38336d2aff7a,1,Red,Red,{R},Creature,Goat,,d181310f-404b-4f26-8024-b7b537d1fd90
1,Frantic Search,,a34c89af-ad2c-4d2e-87d9-76df6ca5d73f,3,Blue,Blue,{2}{U},Instant,,,16e015b2-f8a3-4b1a-80be-58a8f5fb5e8c
1,Frenzied Goblin,,d5592573-2889-40b1-b1d5-c2802482549a,1,Red,Red,{R},Creature,"Goblin,Berserker",,6ac470a1-c2be-4971-a5ca-10bb189ebe4d
1,Frilled Sandwalla,,73c755ff-3fbb-4128-9357-0874eb61ff4c,1,Green,Green,{G},Creature,Lizard,,3315aa42-d3ae-425e-9c12-191d26e67a0a
2,Frilled Sea Serpent,,e0aa62c0-d24b-4bce-9f2b-d42402b0830c,6,Blue,Blue,{4}{U}{U},Creature,Serpent,,6dc534e8-e22b-4e3c-aa30-c6e4c84f698c
1,"Frodo, Adventurous Hobbit",,328df403-7428-4b17-bdd1-9759fc0f32d8,2,"White,Black","White,Black",{W}{B},Creature,"Scout,Halfling",Legendary,58ee8c10-7be8-4889-944d-13cae0a4166d
1,Frodo Baggins,,741a266c-b2e9-4981-93ef-843cea95ca76,2,"White,Green","White,Green",{G}{W},Creature,"Scout,Halfling",Legendary,d4dd6edf-1e9e-46fa-92b5-5df9aa0e4338
1,"Frodo, Determined Hero",,83d1b37c-a8c6-4690-8701-3395397711e7,2,White,White,{1}{W},Creature,"Warrior,Halfling",Legendary,ae50be07-c8bc-45db-b47d-701c5d9ee633
1,"Frodo, Sauron's Bane",,7d86dc2e-6f0c-4714-9d30-5d099d3b895c,1,White,"White,Black",{W},Creature,"Citizen,Halfling",Legendary,8be62f5c-0ab2-4869-97a2-d8a69a3fde95
1,Frogify,,b69cbb20-3c4e-480b-a330-9c6d6b39d12f,2,Blue,Blue,{1}{U},Enchantment,Aura,,32249228-e300-4865-b977-5e1f285d02f2
1,Frog-Squirrels,,73f4c4b7-5c05-48a5-adb2-ca850df8cd03,2,Green,Green,{1}{G},Creature,"Squirrel,Frog",,b8563788-debc-4f97-adf4-b186bf3960e2
1,Frontier Warmonger,,233e1a27-c8d6-46de-a128-89791e7f2e9b,4,Red,Red,{3}{R},Creature,"Human,Warrior",,9cb741ae-14d6-4a8d-bfad-703abfe3682c
1,Front Porch Sentries,,07bfc803-e11b-47ab-9f25-0ace7e174200,2,Black,Black,{1}{B},Creature,"Goblin,Soldier",,b39f03cf-3d1a-42ad-903f-e3b3542878b0
1,Frost Lynx,,64e1a5af-442f-4fcf-be99-6f62176be36c,3,Blue,Blue,{2}{U},Creature,"Elemental,Cat",,9400e348-b0c6-4aa3-b92c-1fbc8bc3baf9
4,Frost Trickster,,fd79c9cc-0a8c-4d88-96e2-cb177134a18d,3,Blue,Blue,{2}{U},Creature,"Wizard,Bird",,1663d54f-4f39-4a03-aac2-e2923cbb7de8
1,Full Steam Ahead,,084748d8-7169-4e86-a69c-631c6d7d3a1e,5,Green,Green,{3}{G}{G},Sorcery,,,65e64c50-4757-4e8e-8043-bc61a5f21750
1,Fumigate,,50a2bca4-8bac-4b8d-970e-1f438c9ee6bb,5,White,White,{3}{W}{W},Sorcery,,,b17ea905-0696-4e58-b564-557e87236e27
1,Furnace Hellkite,,1f9d91b5-7c09-4a9c-9dc8-fdd4c049009c,7,Red,Red,{5}{R}{R},"Creature,Artifact",Dragon,,647980b2-088c-43a4-bdc4-5865f03a4fc4
1,Furnace Skullbomb,,cb530f9d-cf35-48a7-8711-f74b3d9a35a7,1,,Red,{1},Artifact,,,77e0c121-724c-43a0-84e3-1800e2d94a34
1,Fury of the Horde,,5eaaca68-47e1-49f8-bf2e-c0eaad721e86,7,Red,Red,{5}{R}{R},Sorcery,,,c90e2db7-6973-4243-9645-265fd3bc8546
1,Fuss // Bother,,269a031e-0b89-40e1-b11b-ae870d72161c,9,"White,Red,Blue","White,Blue,Red",{2}{R/W} // {4}{W/U}{W/U},Instant,,,88e9006a-cfdf-40f3-80d5-23465f3dceca
1,"Fynn, the Fangbearer",,837e18d9-a5a6-4a0c-a604-9374d5b0dea4,2,Green,Green,{1}{G},Creature,"Human,Warrior",Legendary,c0b1fba1-4338-4671-934b-098689ad2085
1,Gadget Technician,,3b489a54-ee43-4962-be7b-16e0e28800e0,4,"Red,Blue","Blue,Red",{2}{U}{R},Creature,"Goblin,Artificer",,d7f777ae-6122-4af9-b962-7574bc8e2691
1,Gaea's Gift,,5503186a-46fe-4956-8ae3-5ab3343f8a93,2,Green,Green,{1}{G},Instant,,,2cb95721-56c8-4008-8055-579a5a97fc8b
1,Gaea's Will,,488996b2-06c8-4866-bf0d-4664640c2be1,0,Green,Green,,Sorcery,,,87efff06-b6cb-4a8f-937b-e50e367fd896
1,Galadhrim Bow,,9df34f21-798f-440d-8b09-ec5b5c0b8c12,3,Green,Green,{2}{G},Artifact,Equipment,,92225b59-4f39-4175-ad0d-88e96f4d906a
1,"Galadriel, Gift-Giver",,8229264e-af6c-4f1f-b86a-257889ace9ce,5,Green,Green,{3}{G}{G},Creature,"Elf,Noble",Legendary,d0c0a2ef-27b4-4186-8538-6ba5d35d85bb
2,"Galion, Elvenking's Butler",,985bd676-58c4-42c7-a570-1b413e9aa94c,4,Green,Green,{2}{G}{G},Creature,"Elf,Advisor",Legendary,9efb3aa4-0023-4e0e-8bd4-f4dff1b3be66
4,Galvanic Blast,,e3ba390c-26d4-4086-ab7e-db5e61bd9db9,1,Red,Red,{R},Instant,,,d211c03a-03cd-40c5-b7c8-ada352fd01a6
1,Galvanic Iteration,,f6e94518-e177-4209-8a97-74c61bf51937,2,"Red,Blue","Blue,Red",{U}{R},Instant,,,c51ed6e3-813b-49c4-b1de-7f92a77f8f6e
1,"Gandalf, Friend of the Shire",,cc9cfcc7-be64-4871-8d52-851e43fe3305,4,Blue,Blue,{3}{U},Creature,"Wizard,Avatar",Legendary,7f7c917b-f940-4f43-bafa-31f50a6d9d6f
1,"Gandalf, Spark Starter",,ccf2923e-5358-4e40-bc64-2953ac2d1692,6,Red,Red,{4}{R}{R},Creature,"Wizard,Avatar",Legendary,cd1a9d87-4c91-4456-8d88-19e0d6e0b200
4,Gandalf's Sanction,,8ebf2a25-9bee-4146-af83-f22aab6db2a8,3,"Red,Blue","Blue,Red",{1}{U}{R},Sorcery,,,6696d2e4-28ee-4ba7-8710-c1b735745270
1,Gandalf the Grey,,d0ff7dea-1ed2-4987-b42a-6d1d8c493f5a,5,"Red,Blue","Blue,Red",{3}{U}{R},Creature,"Wizard,Avatar",Legendary,dfd12e3c-2b2a-4461-a08d-09d4e6c4626e
2,"Gandalf, Wandering Wizard",,1f8403a2-849c-4a59-b0ed-c8803995028d,5,Blue,Blue,{4}{U},Creature,"Wizard,Avatar",Legendary,c996bc53-184d-4dc3-8244-e8d9528516a0
1,"Gandalf, White Rider",,b422ce26-06fb-4748-9c01-32c4be914a77,4,White,White,{3}{W},Creature,"Wizard,Avatar",Legendary,7a80212a-aae3-483b-abb6-7271a62dff8a
1,"Garnet, Princess of Alexandria",,b883df14-8d7b-4f6a-9a6a-2f71f5b6ddda,2,"White,Green","White,Green",{G}{W},Creature,"Human,Cleric,Noble",Legendary,8c709873-84b5-46c2-bb29-85b041a6df88
1,Garruk's Uprising,,87ce6efc-6d40-4b69-8268-8c35c1b0b5bb,3,Green,Green,{2}{G},Enchantment,,,3127ae9b-a7a7-43ec-89d7-688f8445b33d
1,Gather Courage,,bf059c8d-6e61-41ca-ac79-3bf82fa2d4b3,1,Green,Green,{G},Instant,,,ae033eb6-47ec-4b9e-9cdb-6d023aca07d1
1,Gathering of Darkness,,2ce066be-e5ad-4b93-8245-1b5018990d03,4,Black,Black,{3}{B},Sorcery,,,85e1556d-c4da-4979-a5db-4ce3842c7797
1,Gather the White Lotus,,96e2b3d0-f060-4f3c-9d12-a0444b202008,5,White,White,{4}{W},Sorcery,,,db69c3c9-d809-4361-8055-8c2dd4c6dd67
1,Gaze of Granite,,a7b250ab-efe1-42bf-81ac-fd94d6140782,3,"Green,Black","Black,Green",{X}{B}{B}{G},Sorcery,,,103d9ad0-d655-4bd5-a899-e9f8869e333d
1,Gelectrode,,83fa9c4a-7027-4ddd-93e0-3c5dcaa8e48b,3,"Red,Blue","Blue,Red",{1}{U}{R},Creature,Weird,,8039df5c-b26b-4277-8226-4c08a5a69fbb
1,Generator Servant,,5ea15262-c00f-4865-bb6a-37ccb2ef62bd,2,Red,Red,{1}{R},Creature,Elemental,,68ac061a-e4a3-46df-9169-62f6a8481584
1,Generous Ent,,85d22d5d-3875-42ff-b51e-c6e21db201f5,6,Green,Green,{5}{G},Creature,Treefolk,,b6859c7a-4c4d-4652-938f-ecedce29d506
2,Generous Ent,,85d22d5d-3875-42ff-b51e-c6e21db201f5,6,Green,Green,{5}{G},Creature,Treefolk,,b6859c7a-4c4d-4652-938f-ecedce29d506
1,Generous Ent,,85d22d5d-3875-42ff-b51e-c6e21db201f5,6,Green,Green,{5}{G},Creature,Treefolk,,b6859c7a-4c4d-4652-938f-ecedce29d506
1,Generous Gift,,ac9f5e80-2034-407b-a9ac-1c9d5880799d,3,White,White,{2}{W},Instant,,,fae37e28-e137-4177-b973-fa8b4dd8f409
1,Generous Visitor,,d1066ccd-a932-4d05-98da-11ae4675364e,1,Green,Green,{G},Creature,Spirit,,0629747e-8dd8-4150-95ee-9d860264ccb0
1,Genesis Chamber,,f0a66ded-c697-4bab-8abf-464185f32a70,2,,,{2},Artifact,,,150ab025-5cc3-4468-a724-bbba8838445d
1,Genesis Hydra,,46f57176-a0ee-4772-9231-7ea0a016de73,2,Green,Green,{X}{G}{G},Creature,"Plant,Hydra",,4345c359-b9d6-43c8-997f-e00746e6e318
1,Genesis Wave,,d46f7ddb-f986-4f1f-b096-ae1a02d0bdc8,3,Green,Green,{X}{G}{G}{G},Sorcery,,,e2487868-f386-438e-a73f-b494f6d35fac
1,Geode Rager,,f6ba7b25-02bd-4e01-9920-ec84e89250b3,6,Red,Red,{4}{R}{R},Creature,Elemental,,3969d1d6-0aed-4fa8-aa09-d9be50576fb4
1,Getaway Barrel,,e4819aa6-5d28-4a37-942d-89523e30c4e1,4,Red,Red,{3}{R},Artifact,,,7ddbf891-7f80-44e9-b94c-70c1da0b91ed
1,Geyser Leaper,,4d25428d-e5a5-43c4-8544-43120ed1c4d5,5,Blue,Blue,{4}{U},Creature,"Human,Warrior,Ally",,dfdcb451-a597-46fe-893c-49e6dbda5f71
1,"Ghalta, Primal Hunger",,6a9c39e4-a8cf-42dd-8d0e-45634b335546,12,Green,Green,{10}{G}{G},Creature,"Elder,Dinosaur",Legendary,b0b6be0c-41cf-4757-9f0e-87227b6ba6b3
2,Ghastbark Twins,,d470e441-3520-4669-aaa5-f0c57829352a,7,Green,Green,{5}{G}{G},Creature,Treefolk,,bdd0d01d-b9f2-4c3f-9b3b-04e122013de5
1,Ghor-Clan Rampager,,c29ec0aa-1da9-4464-ac0e-c45079908070,4,"Green,Red","Red,Green",{2}{R}{G},Creature,Beast,,ec7a9e7f-742b-4344-983e-73372c6a1760
1,Ghostly Flicker,,dc143ba3-2a58-4980-9fa0-a05a9e9ed082,3,Blue,Blue,{2}{U},Instant,,,ad0070db-6454-41cb-861f-8f5b8fc2a3b8
1,Ghostly Prison,,1132a103-3dd7-4a17-afdc-27200b8cfbfc,3,White,White,{2}{W},Enchantment,,,e828b189-0e8f-43b8-b909-4c23e742e028
1,Ghost Quarter,,ccc1c460-64c5-47be-a633-439863baa6a1,0,,,,Land,,,2ec4288e-34c6-4831-a2c0-ba1ca1d9d1dc
1,Ghoulish Procession,,363bd6a6-e8e4-4626-a43c-0b77339dd28b,2,Black,Black,{1}{B},Enchantment,,,39e20898-cf01-48dc-8972-7ac500c3fa79
1,Giant Growth,,fd1f95bf-48ea-455a-8a6c-0249b11c8900,1,Green,Green,{G},Instant,,,5748ebf1-24e3-499d-ab7c-c2cebd462a24
1,Giant Growth,,bd0bf74e-14c1-4428-88d8-2181a080b5d0,1,Green,Green,{G},Instant,,,5748ebf1-24e3-499d-ab7c-c2cebd462a24
2,Giant Koi,,3938ec1f-979c-48e5-bb13-bebace006a8f,6,Blue,Blue,{4}{U}{U},Creature,Fish,,c93bb65a-a74a-499b-a538-65272079aab8
1,Giant Octopus,,e5131c74-a81b-4927-a1b9-98d2c714ab71,4,Blue,Blue,{3}{U},Creature,Octopus,,c181d2a4-5959-4409-9bd3-ecedf8ec9516
1,Giant's Boulder,,ce254758-c928-4b43-a952-13fac1845668,1,,,{1},Artifact,,,80433c2c-5196-42e0-b9fa-d7b12783f5fd
1,Giant Shark,,53ec4a19-0f2f-4713-a869-58832484648d,6,Blue,Blue,{5}{U},Creature,Shark,,44a10a63-be9c-4f1d-aad6-b5337112bda5
1,Giant Spider,,213c9202-b6f4-43ab-b57f-b97a1da5e263,4,Green,Green,{3}{G},Creature,Spider,,e740ce2f-2134-473c-afa1-1b6d2d1e38ef
2,Giant Spider,,80996b0d-cd44-445e-96de-677e0018255c,4,Green,Green,{3}{G},Creature,Spider,,e740ce2f-2134-473c-afa1-1b6d2d1e38ef
1,Gideon Blackblade,,39d51c5e-26cb-4276-a676-fabfef866248,3,White,White,{1}{W}{W},Planeswalker,Gideon,Legendary,813c19f5-3580-488d-9eee-c7a563def532
1,Gideon's Lawkeeper,,9e9e4e1a-9c21-4296-9bfc-ba1c007c1cdd,1,White,White,{W},Creature,"Human,Soldier",,bae86bb0-5a97-4f6a-8a3f-4e6848bfacc0
1,Gift of Immortality,,673ec38c-0849-48ce-9f6f-cb195299c785,3,White,White,{2}{W},Enchantment,Aura,,2c11c72f-5b04-47d8-bdf8-8d9d197ebc1b
1,Gift of Paradise,,d6b4e2b7-2687-4ad1-99e4-0f8411b5f50d,3,Green,Green,{2}{G},Enchantment,Aura,,43a86d36-9653-4498-a533-8b30b919cdbf
1,Gift of the Viper,,17fa0b62-d474-4dc7-9631-9d0a9d99e5e2,1,Green,Green,{G},Instant,,,7b1a59db-0ffc-490b-a881-c8192f3747db
1,Gift of Wrath,,3c33f6d9-be29-4698-96f9-d393a2c8ad68,4,Red,Red,{3}{R},Enchantment,Aura,,9ba31dd0-d78e-4639-a550-bd72cac5898a
1,Gigadrowse,,bf9f85b3-eb8c-43de-aaac-8a887e9c58da,1,Blue,Blue,{U},Instant,,,9cc64a91-82d2-4be1-812f-531863e99801
1,Gilacorn,,b7f90eef-2393-4e44-9895-00489d3eaa92,1,Black,Black,{B},Creature,Lizard,,1551cd95-1e68-404f-be1d-cc9c7f447210
1,Gilded Goose,,30377bf0-d9b1-4c14-8dde-f74b1e02d604,1,Green,Green,{G},Creature,Bird,,f2f09757-1931-47c0-a5f0-39280445489d
1,Gilded Lotus,,28e619e6-ecc1-49c3-8fa9-ce42becdb9ba,5,,,{5},Artifact,,,9a02a9a7-39d9-4763-85d3-747a0540b60b
1,Gingerbread Cabin,,b11f5296-5f7d-41ca-a67d-e976273d7386,0,,Green,,Land,Forest,,fa98c367-0312-49c6-abef-72e5ead4cc7d
1,"Gisela, Blade of Goldnight",,900b8908-ba51-472e-ab7a-43bd07f90577,7,"White,Red","White,Red",{4}{R}{W}{W},Creature,Angel,Legendary,66f9f325-5e8e-4ebf-b5b3-c6410d80f2c5
4,Gixian Infiltrator,,c94a3317-7d1f-4f29-8353-180f1ab48d18,2,Black,Black,{1}{B},Creature,"Human,Phyrexian",,2497926c-b253-4400-b540-776ee2cd807c
1,"Gix, Yawgmoth Praetor",,135c5948-4c95-4f24-b648-eda55ab637c8,3,Black,Black,{1}{B}{B},Creature,"Praetor,Phyrexian",Legendary,928d977e-cff0-4e0e-83bb-16d73a754f35
1,Glacial Fortress,,8b3601d4-4091-465e-8c18-0cd717258211,0,,"White,Blue",,Land,,,027dd013-baa7-4111-b3c9-f4d1414e9c45
1,Glamorous Outlaw,,6c50607c-8bf1-4a69-97da-41cd794fda62,6,"Red,Black,Blue","Blue,Black,Red",{3}{U}{B}{R},Creature,"Vampire,Rogue",,cd4f7912-81c0-44dd-87c2-a98e955fe5a8
1,Glamorous Outlaw,,452abab0-cf23-4b9d-831a-7b9fa1fd582a,6,"Red,Black,Blue","Blue,Black,Red",{3}{U}{B}{R},Creature,"Vampire,Rogue",,cd4f7912-81c0-44dd-87c2-a98e955fe5a8
1,Glaring Aegis,,daa83dc2-4ec0-4e4f-8bfd-4f6d6df06a2d,1,White,White,{W},Enchantment,Aura,,0b0c98ba-3505-40aa-b0f2-e03c9790f51e
1,Glaring Fleshraker,,80c2a3c7-1486-4ff9-88ec-79ec67a437f8,3,,,{2}{C},Creature,"Eldrazi,Drone",,0ffce5e0-6b1d-4d1a-9318-1a1a219df532
1,Glasspool Mimic // Glasspool Shore,,5adcb500-8c77-4925-8e2c-1243502827d1,3,Blue,Blue,,Creature,"Rogue,Shapeshifter",,c178953c-3888-4edd-9d0c-265bd82b1d24
1,Glassworks // Shattered Yard,,fe32f667-8d9f-4414-913e-256cbc2fbc45,8,Red,Red,{2}{R} // {4}{R},Enchantment,Room,,4122720b-cad9-4ebb-b458-be71411c21e3
1,Gleaming Barrier,,1b49b009-e6f2-494a-9235-f5c25c2d70a9,2,,,{2},"Creature,Artifact",Wall,,1eb9e401-8975-447b-839d-f7cd23897465
1,Gleaming Geardrake,,cabb5875-42ff-4e3a-a32e-aab392fccff8,2,"Red,Blue","Blue,Red",{U}{R},"Creature,Artifact",Drake,,af294df7-f8a0-4d52-88cb-086678463970
1,Glider Kids,,0613afb5-4cee-4132-8adf-404767ed8d07,3,White,White,{2}{W},Creature,"Human,Ally,Pilot",,ff5ce28b-25be-4136-a7b2-8f25c08a6455
1,Glimmer Bairn,,e0691a6a-bfbd-411b-b147-bf9702e7d149,1,Green,Green,{G},Creature,Ouphe,,118cdf8b-44fb-4c3e-86c4-e7f4b1267646
1,Glimmer Lens,,c9262000-e6f3-4da1-ad1c-038f65d3bef6,2,White,White,{1}{W},Artifact,Equipment,,bb7cebb7-a979-4879-b834-deab13f2a22c
1,Glint Hawk Idol,,09c64d2e-1fbf-4858-8fa7-82bf2e41fe1f,2,,White,{2},Artifact,,,575f032a-6ae8-4f4f-ab0b-983e7c76ad7f
1,Glint-Horn Buccaneer,,df2df9cb-14f5-470f-b438-20f4ae8d0d59,3,Red,Red,{1}{R}{R},Creature,"Minotaur,Pirate",,64ad5657-78e9-4f34-8877-18c4f51fff9a
1,Glistener Elf,,8b94f4c6-b518-43b3-be52-e889d1f3ea38,1,Green,Green,{G},Creature,"Warrior,Elf,Phyrexian",,9d95d173-5c7f-4e0c-bcdc-9b90fcd7339b
1,Glittering Stockpile,,973685e8-3df1-436b-b5c2-01573a92b61e,3,Red,Red,{2}{R},Artifact,Treasure,,feaf9dcb-d845-4cf9-b35d-cd58175162e7
1,Glittermonger,,1a3d70d2-0604-41b3-8dd1-bfeb05832271,4,Green,Green,{3}{G},Creature,"Elf,Rogue",,184c763c-b52a-471c-bd87-d01729ebe5e4
1,Glóin the Mighty // Easy Pickings,,5793b8eb-2fc5-454d-8fa2-20346fef167a,4,Red,Red,{3}{R} // {2}{R},Creature,"Warrior,Dwarf",Legendary,6505a53b-00db-44c4-8eaa-09a1a01451a4
1,Gloomshrieker,,a2b50751-7f65-4321-86da-eef735bf8b67,3,"Green,Black","Black,Green",{1}{B}{G},"Creature,Enchantment","Beast,Cat",,b58737a4-180e-4e2f-95ae-afd6d446d608
1,Glorious Anthem,,45f95890-0258-431c-b639-c0aba27b8039,3,White,White,{1}{W}{W},Enchantment,,,e3886fe8-9b76-4613-8891-4ec74657c087
2,Glorious Gale,,6e1057de-5710-415c-9a51-1d8bd86021a3,2,Blue,Blue,{1}{U},Instant,,,858265c2-6415-4938-a6ec-734d53046100
1,Glorious Sunrise,,a2caf73e-c3eb-4fa8-996a-d3d18b2ffaeb,5,Green,Green,{3}{G}{G},Enchantment,,,844c1024-db80-4287-9770-3b10e53d0fc8
1,Glowspore Shaman,,a7978a10-795a-414a-a824-b65f7ba543bc,2,"Green,Black","Black,Green",{B}{G},Creature,"Elf,Shaman",,ac7a9d73-dbdf-4e97-b382-67cd30ef5649
1,Gnarlroot Pallbearer,,b7382154-ac8f-40ca-94e4-2f0533c0cf20,6,Green,Green,{4}{G}{G},Creature,"Druid,Treefolk",,18da85d4-2a51-45c0-a18c-bce9bc39fa64
1,Gnashing of Teeth,,5d485d70-c7b9-40a4-9089-5e7f1c2b9213,3,Black,Black,{1}{B}{B},Sorcery,,,188a3f61-3f7c-450d-8ee7-e12ad13b86c6
2,Goat,,7fc777ba-4380-4d9d-8a0d-88e3213107cf,0,White,White,,"Creature,Token",Goat,,f62b776a-d4de-455a-ae5a-ca07982974db
2,Goblin,,1db51576-a755-45de-b37b-f16b27e8f3a1,0,Red,Red,,"Creature,Token",Goblin,,43b2d6cb-ddbd-4053-921b-b462a74525d4
1,Goblin Anarchomancer,,633a3423-501d-4b22-95a6-743233be521e,2,"Green,Red","Red,Green",{R}{G},Creature,"Goblin,Shaman",,e9319f13-1f2b-429c-9d61-e58a3cbec86a
1,Goblin Arsonist,,4d131369-db00-4a11-bd47-4401188b0f35,1,Red,Red,{R},Creature,"Goblin,Shaman",,c1177f22-a1cf-4da3-a68d-ff954e878403
2,Goblin Assailant,,8cfefb65-b6e4-44a1-baa9-d3c00ee8ba96,2,Red,Red,{1}{R},Creature,"Goblin,Warrior",,bc654150-b051-40bd-81f8-621abbb17e91
3,Goblin Assailant,,b4bda198-7ab4-4c6b-9fb1-93ac54c06a85,2,Red,Red,{1}{R},Creature,"Goblin,Warrior",,bc654150-b051-40bd-81f8-621abbb17e91
1,Goblin Bombardment,,e92af114-ad34-4106-a7fa-5676dbcd4960,2,Red,Red,{1}{R},Enchantment,,,edad60c6-80de-4033-af1b-a703ac332983
1,Goblin Electromancer,,632af23c-eb5c-4725-afca-637e84cecf94,2,"Red,Blue","Blue,Red",{U}{R},Creature,"Wizard,Goblin",,81f06f84-1580-43c0-89d5-08d34541a519
1,Goblin Electromancer,,dba5f096-4b1b-4c38-b0e5-1711b318d2f7,2,"Red,Blue","Blue,Red",{U}{R},Creature,"Wizard,Goblin",,81f06f84-1580-43c0-89d5-08d34541a519
4,Goblin Electromancer,,79fb620f-4057-4f60-94b9-56ab855be974,2,"Red,Blue","Blue,Red",{U}{R},Creature,"Wizard,Goblin",,81f06f84-1580-43c0-89d5-08d34541a519
1,Goblin Fireleaper,,ec120dae-8c40-4053-9341-1f7774464634,2,Red,Red,{1}{R},Creature,"Goblin,Warrior",,c5fa1631-8685-49e1-baad-86ef72a9499c
2,Goblin Fireslinger,,c6f2399f-b26d-4fa2-a26d-874cb51e5742,1,Red,Red,{R},Creature,"Goblin,Warrior",,396564be-3747-49dd-98dc-afb81a375f18
1,Goblin Glasswright // Craft with Pride,,c85c5f06-dd31-4e2c-97be-2f64d65069ea,2,Red,Red,{1}{R} // {R},Creature,"Goblin,Sorcerer",,23c3de07-8aa2-48e9-848c-50b5a40bd133
1,Goblin Maskmaker,,6154a991-c602-4fca-91a3-3830060da60e,1,Red,Red,{R},Creature,"Goblin,Citizen",,ff4b9723-d5f1-40d2-aa35-fa3d2a6f4b5c
4,Goblin Motivator,,94b3a4fb-9024-45ef-a54b-cf3a9fa5b9c2,1,Red,Red,{R},Creature,"Goblin,Warrior",,df67597f-42a8-4fa7-b426-d7db8b384445
1,Goblin Plate Mail,,cb982607-da37-4894-91a5-cf6307d4d703,2,"Red,Black","Black,Red",{1}{B/R},Artifact,Equipment,,eda99a16-6a7c-4f39-8a6b-a284e6afd3fc
1,Goblin Shortcutter,,a9b69456-c267-4f0d-bd0f-e2da96b9e053,2,Red,Red,{1}{R},Creature,"Goblin,Scout",,29863706-fa4e-49ed-9f40-69ae503abba3
1,Goblin Smuggler,,95dc1a65-271c-455a-ae0c-f652444a53ac,3,Red,Red,{2}{R},Creature,"Goblin,Rogue",,eae15f7d-1f6e-4dfc-afea-7698b93cd145
1,Goblin Surprise,,527dd5d4-5f72-40bb-8a9d-1f5ac3f81e2e,3,Red,Red,{2}{R},Instant,,,79cd09e8-d738-47c0-9473-b6281bec6935
2,Goblin-town,,d76df9d0-56cf-4351-a5e8-e6ae6fc791d1,0,,"Black,Red",,Land,,,98d20908-6d68-4d31-b719-207f93c9b402
3,Goblin-town Flunkies,,ccff7382-8609-494c-aeee-cd1436456dd0,2,Red,Red,{1}{R},Creature,"Goblin,Soldier",,85ceb4ac-7a1c-4c7e-95a3-515a5b5d6116
1,Goblin Warchief,,5bac033c-dc4e-40a0-b103-4892e4b50249,3,Red,Red,{1}{R}{R},Creature,"Goblin,Warrior",,39882df0-c20f-469d-94ba-1617224e71a1
1,Godless Shrine,,8c542ea4-98c3-4c2d-9066-205ab7aa697a,0,,"White,Black",,Land,"Plains,Swamp",,73864fcc-1bde-4bc0-831e-2b93e546e417
1,Go for the Throat,,e915e66d-4531-41f0-bc4f-ad9cd8851a05,2,Black,Black,{1}{B},Instant,,,2f092562-9e17-43cd-aeb8-d0567f99363e
1,Goldmire Bridge,,dbe2a1fa-196f-497f-a15f-0b3b04da9cbb,0,,"White,Black",,"Artifact,Land",,,c9b7ea9c-3bcb-4538-aa25-cdb82a52037e
1,Goldnight Commander,,c6ebec82-9d4a-4e78-b923-37c3a52133e7,4,White,White,{3}{W},Creature,"Human,Soldier,Cleric",,3dc51dfc-7a60-41bf-b944-6afad6b06c22
1,Gold Rush,,15845be1-919d-4450-9de6-3552c52e8623,2,Green,Green,{1}{G},Instant,,,45687a24-e8cb-4864-8721-410eb8320aab
1,Goldvein Hydra,,3baebc29-bc89-4b56-a821-b5d3ca0cd3b4,1,Green,Green,{X}{G},Creature,Hydra,,2b62543f-a475-457a-a96b-b5d070383d3c
2,Goldvein Pick,,a241317d-2277-467e-a8f9-aa71c944e244,2,,,{2},Artifact,Equipment,,c1624d10-8838-4af8-aea1-a96c0fe6fd6b
1,Goldwarden's Helm,,f4057210-ef07-4496-94c8-95c3b807c23c,3,White,White,{2}{W},Artifact,Equipment,,4c35f41a-55e4-49ca-b211-f57d7b1b90f6
1,Golem-Skin Gauntlets,,ee198804-a247-46b9-be6e-71bbb5840401,1,,,{1},Artifact,Equipment,,2a956224-8bdb-40d8-8405-2aa29eb228e0
1,Golgari Grave-Troll,,d332acbc-6224-43bc-a509-3a7edc877423,5,Green,Green,{4}{G},Creature,"Skeleton,Troll",,686f4a37-b5e4-46d4-9e0e-11794b2d12cd
1,Golgari Keyrune,,913b803f-ba82-4660-86be-49677d1e32c9,3,,"Black,Green",{3},Artifact,,,ec970eba-230a-4c41-874a-4a74abf3214e
1,Golgari Rot Farm,,104364d5-ede8-4ac5-900f-19947f51bbc1,0,,"Black,Green",,Land,,,1b301478-b14f-4ef8-94e6-9647d582eabe
1,Golgari Rot Farm,,6dbdf44b-3431-4a9f-b1b9-83d33300a860,0,,"Black,Green",,Land,,,1b301478-b14f-4ef8-94e6-9647d582eabe
1,Golgari Signet,,95103b4c-d0c0-40fa-9ddd-c7416455ca0c,2,,"Black,Green",{2},Artifact,,,1cf51f50-24e4-48d0-95b3-1dad3ffa4bf5
1,Golgari Thug,,87c39e21-3e2f-4cbf-9f99-69e977924a73,2,Black,Black,{1}{B},Creature,"Human,Warrior",,a426a258-fd8b-489c-8642-9868ee47de85
1,"Gollum, Obsessed Stalker",,e5a43cf0-60b3-4770-945c-41ee3ec54d5a,2,Black,Black,{1}{B},Creature,"Horror,Halfling",Legendary,95d59a06-5144-4da3-8a9c-846b087975b9
1,"Gollum, Patient Plotter",,a881aa61-fc7c-4ffb-a129-f75be8b2e498,2,Black,Black,{1}{B},Creature,"Horror,Halfling",Legendary,c4545884-35b7-47cf-939e-3d5d3fe555a4
1,Gollum's Bite,,1b1e790e-ff82-4888-8aee-9986c646241a,1,Black,Black,{B},Instant,,,cf0492de-cec5-4455-839f-212246b7e9ea
1,"Gollum, Scheming Guide",,7f93ad17-b655-4a10-990e-b26ead90d221,2,Black,Black,{1}{B},Creature,"Horror,Halfling",Legendary,3fb5c9a6-3fab-4109-875b-83c92518c5eb
2,"Gollum, Silent Slinker // Meager Meal",,6cfaa182-3fec-4907-8814-b4d29c33cec3,4,Black,Black,{3}{B} // {B},Creature,"Horror,Halfling",Legendary,0296d57e-e5b9-456f-bb21-eb584adefb4c
1,Gollum the Abandoned,,50d91ef3-6f5d-4255-8d47-be731b5dad30,2,Black,Black,{1}{B},Creature,"Horror,Halfling",Legendary,8d88facd-cf7e-498e-ab6b-6bd021316162
1,Go Ninja Go,,90e68cd8-ea76-4bd1-9199-474da9c3e8bf,2,"White,Red","White,Red",{R}{W},Sorcery,,,46f77c8c-6817-4aea-a80a-d91f508ccbd0
1,Go Nuts!,,152a7b5b-2d95-45d3-8fd9-0ca1d5a79f8b,1,Green,Green,{G},Sorcery,,,0efe1357-bfbb-42c0-9cc9-6a919d686c66
1,Good-Fortune Unicorn,,49d68905-e13e-4751-b028-90c795c11cd5,3,"White,Green","White,Green",{1}{G}{W},Creature,Unicorn,,1e0cdff3-3ec5-41fc-8053-f072bae156b3
1,Gorgon Flail,,eefc48cb-79aa-4e28-a736-ae9e4e2bc97b,2,,,{2},Artifact,Equipment,,91dab3e2-039e-4db9-94e3-1146bced18ed
1,Gorgon's Head,,d745dd92-9f7a-44a4-a27f-2ff17753db1c,1,,,{1},Artifact,Equipment,,190cdc23-fa05-475f-b853-471ca0f21b71
1,Goring Warplow,,9d927dfd-ae66-4235-a61b-39c85d0c1222,6,,Black,{6},"Creature,Artifact",Construct,,02457c7f-eced-4bf3-9b61-309b4ceab2d5
1,"Gothmog, Morgul Lieutenant",,a1c10e93-88eb-46b9-8adc-583661807990,4,Black,Black,{3}{B},Creature,"Human,Soldier",Legendary,f3817f63-7bde-46c5-93cb-b4756f5f821e
1,Grabby Giant // That's Mine,,fab7646a-61e8-446b-9dba-ac6e0db82f10,4,Red,Red,{3}{R} // {1}{R},Creature,Giant,,e6f59807-eaf6-4889-8c89-2ac915afefff
2,Grab the Prize,,50895202-f1a1-4840-a11a-55b78b8b5929,2,Red,Red,{1}{R},Sorcery,,,a37387f0-9d57-49ff-aa38-2c6b359e8916
2,Grab the Prize,,50895202-f1a1-4840-a11a-55b78b8b5929,2,Red,Red,{1}{R},Sorcery,,,a37387f0-9d57-49ff-aa38-2c6b359e8916
1,Graceful Restoration,,f03d7c3c-02f2-4c42-bcfa-0b83de30f607,5,"White,Black","White,Black",{3}{W}{B},Sorcery,,,59bfeacc-f80b-49fc-8a35-f7e1ad905161
1,Graduation Day,,db1cea01-123e-4b23-8b98-f94cabce3912,1,White,White,{W},Enchantment,,,40e0665d-57b8-4c19-9fb8-b3155d7bbb94
1,Gran-Gran,,fa434b41-e5f7-4989-865a-95db67b05cb1,1,Blue,Blue,{U},Creature,"Human,Ally,Peasant",Legendary,0259a9ed-0558-4183-b737-871ed5573c32
1,Granite Witness,,daee9d98-f8c6-4980-8f23-c6c636b69430,4,"White,Blue","White,Blue",{2}{W}{U},"Creature,Artifact","Gargoyle,Detective",,37f2ec12-d703-40cd-a155-053ae2e4ddcc
2,Grapeshot,,923e1291-3999-4f81-ade4-073fb982143f,2,Red,Red,{1}{R},Sorcery,,,ebd2d760-5ad8-4027-b124-171822f3edfe
1,Grasping Scoundrel,,9fd574a9-2034-402c-9fd6-83c4b9db83d1,1,Black,Black,{B},Creature,"Human,Pirate",,d8c3298f-da96-46ee-8b46-ce1d0df95f62
1,Grasp of Fate,,43787574-7700-47ab-b57c-98ef968cce71,3,White,White,{1}{W}{W},Enchantment,,,1b26a54f-6c27-4940-b77e-2a66175c5eff
1,Grasslands,,ecf52798-b2e0-4d0a-a41b-8927bfa60375,0,,,,Land,,,e80bd454-8bc5-4921-90cf-6ad28a27a88b
1,Grave Betrayal,,47b38c68-8e72-4afc-bb5e-0b40880fdda9,7,Black,Black,{5}{B}{B},Enchantment,,,892c8fd1-9553-4ced-84ec-9fc35c314c76
1,Gravecrawler,,6987d609-ba0f-42bf-9b61-bdfb943c03b5,1,Black,Black,{B},Creature,Zombie,,09ff28b1-b6c9-48e6-b12e-2f0e644f709f
1,Gravedig,,e2b054a9-7565-4fdd-b6a5-2786c5bb5b7e,2,Black,Black,{1}{B},Sorcery,,,c77c3618-bc12-46a8-a4ef-073e359ff3f9
1,Gravedigger,,3c6d2a84-5e47-4f7a-83f7-ee4e670980c7,4,Black,Black,{3}{B},Creature,Zombie,,1a2030cc-d7ee-4059-b2d7-fb95ea8e267b
1,Gravelighter,,532c5b14-75cf-4e4c-9b80-2d56a86e2844,3,Black,Black,{2}{B},Creature,Spirit,,45ef5ea9-70a6-4999-8778-6a11cb97d28e
1,Gravepurge,,b5bf549c-799f-456f-85d5-8a7302bc729d,3,Black,Black,{2}{B},Instant,,,cc94462f-a207-4fdb-8704-aa979c244cab
1,Grave Researcher // Reanimate,,8b1e10e8-ea14-4761-910b-4072e2a18456,3,Black,Black,{2}{B} // {B},Creature,"Troll,Warlock",,6cb8b8c4-0674-4f14-9d89-010969fbb80e
1,Graverobber Spider,,41810472-ba24-44b6-886c-f8906ff0a7df,4,Green,"Black,Green",{3}{G},Creature,Spider,,f0ad4a60-ce7f-4117-b8b0-266ffd0447c2
1,Grave Venerations,,ec52f819-038a-41c3-91ef-91b1975d094c,4,Black,Black,{3}{B},Enchantment,,,1cb71772-592d-4dd1-91af-816933af760c
1,Gravewaker,,ee347d62-867e-40c2-bf4a-0ac2f627e24c,6,Black,Black,{4}{B}{B},Creature,"Bird,Spirit",,7ceec1c7-c1f9-4d47-a203-6ee98c5d30d2
1,Graveyard Shift,,394d7fb3-44ee-409f-a992-27e5aabd9c2b,5,Black,Black,{4}{B},Sorcery,,,da8a93c6-66e2-492d-8894-397ba9ec5a87
1,Gray Merchant of Asphodel,,d794d0a4-4041-43c0-aedb-e2a76611a3ea,5,Black,Black,{3}{B}{B},Creature,Zombie,,38f3b157-0df4-409b-89cc-086e1531cd5b
2,Graypelt Refuge,,07e81ace-4d75-4d79-ab99-c42288580def,0,,"White,Green",,Land,,,60b36821-0fad-423c-98c4-f64d991719f3
1,Great Arashin City,,ecba23b6-9f3a-431e-bc22-f1fb04d27b68,0,,Black,,Land,,,f40f374b-acaf-459d-9ccd-b0b22d1a3f28
1,Greater Good,,9dd8b16f-3dfd-4e04-a2e9-ec87d0e007c9,4,Green,Green,{2}{G}{G},Enchantment,,,dc0593c2-ccb4-4648-a592-c5bcd121dc72
1,Greater Sandwurm,,d90c5650-7eb2-480a-856e-a04406096830,7,Green,Green,{5}{G}{G},Creature,Wurm,,d1dfed64-6e88-44c2-b479-9a2d072e4be7
1,Great Fierce Bee,,9d9ef88f-d208-4788-9553-cd672b3be1fe,3,Black,Black,{2}{B},Creature,Insect,,37f82ad8-4f0b-4b17-abcc-03f43d4fdf1c
2,Great Furnace,,74c5bb44-d72c-4c1a-a38f-86b4a8f49ae1,0,,Red,,"Artifact,Land",,,f4819061-b0b5-48ab-af7b-6525c3d2eab7
1,Great Furnace,,74c5bb44-d72c-4c1a-a38f-86b4a8f49ae1,0,,Red,,"Artifact,Land",,,f4819061-b0b5-48ab-af7b-6525c3d2eab7
1,Great Hall of the Citadel,,219c7b57-b62b-42d1-85d9-4b57624a3f54,0,,,,Land,,,b3e28bcf-0ed0-4406-b615-68ddc55b349a
1,Greatsword of Tyr,,50088a60-642b-47ed-a289-ef0b617b688f,2,White,White,{1}{W},Artifact,Equipment,,81a602b6-a4f9-4534-a84e-2fa7556c2309
1,Great Train Heist,,357dd9b2-5d2d-49f6-86f0-f5c4d63474dd,1,Red,Red,{R},Instant,,,afe2f7a4-9440-4d93-801f-a18b627efb21
1,Great Ugly-Looking Goblin // Clap! Snap!,,7f63f810-15a8-4bec-bd39-dbca453bcc1e,6,Black,Black,{5}{B} // {1}{B},Creature,"Goblin,Soldier",,27e17542-549b-4c05-8091-c10a245c916b
1,Greed,,f06db06b-0780-41c7-9b6c-a688b0f5fa2c,4,Black,Black,{3}{B},Enchantment,,,1ff62220-be95-4901-b8d8-812b9a1a1b0a
1,Greedy Freebooter,,692fe4e8-13b4-4bec-938e-a8073a7fbd71,1,Black,Black,{B},Creature,"Human,Pirate",,d4a9d63a-5a8a-4f51-9e49-43d6dc3234b1
1,"Grenzo, Havoc Raiser",,5fc99c9d-66f5-4858-91f7-425d4248a0b3,2,Red,Red,{R}{R},Creature,"Goblin,Rogue",Legendary,80788290-1569-4c7f-b263-b4da7b31a9d1
1,"Greta, Sweettooth Scourge",,2cfd365e-34d1-4224-b925-119000311934,3,"Green,Black","Black,Green",{1}{B}{G},Creature,"Human,Warrior",Legendary,00173df7-a584-410c-af1d-ada9c791056a
1,Gríma Wormtongue,,8e3bd86b-e8ca-4885-a823-78fb967e6caf,3,Black,Black,{2}{B},Creature,"Human,Advisor",Legendary,8f98806e-c6b7-44af-b436-88acf36d25ec
1,Grim Haruspex,,cf1fe2bf-1640-4781-87b4-09a1f7d35831,3,Black,Black,{2}{B},Creature,"Human,Wizard",,72aef1d8-11df-4bc2-af83-907b05df73a8
1,Grim Reaper's Sprint,,18e76286-9e06-42de-b322-eb8aa2cdca3a,5,Red,Red,{4}{R},Enchantment,Aura,,99a6d7fe-40a1-4f2f-a3f6-6777884d5d1a
1,Grim Servant,,df9c275d-e8cc-40c2-8baf-7a0d154aa7cf,4,Black,Black,{3}{B},Creature,"Zombie,Warlock",,1caa7fa2-a881-4a65-a87e-12a974520c83
1,"Grishnákh, Brash Instigator",,6385e769-f805-499d-9f47-494533362152,3,Red,Red,{2}{R},Creature,"Goblin,Soldier",Legendary,1f139012-fa71-4f5f-8c57-6847bff95678
1,Grisly Salvage,,dcb5eb2a-ae7a-4416-970c-6e9306689c88,2,"Green,Black","Black,Green",{B}{G},Instant,,,a89ebf63-63c9-42cd-98b4-ec852cd9b0a8
1,"Grist, the Hunger Tide",,1925dc45-4dee-4772-aa16-3b4ca54be6c7,3,"Green,Black","Black,Green",{1}{B}{G},Planeswalker,Grist,Legendary,0efb0d7e-dea0-4817-a243-15066e9ef333
1,Grizzly Bears,,a0264440-2325-4143-87a7-2af5a6b2a2f9,2,Green,Green,{1}{G},Creature,Bear,,14c8f55d-d177-4c25-a931-ebeb9e6062a0
1,Ground Seal,,9b36d3ff-8d38-467b-bd70-33dfeae73b7d,2,Green,Green,{1}{G},Enchantment,,,13f6f960-ef79-4f2c-8874-90fe9e77099e
1,Groundswell,,4ca76e9a-672f-49eb-86c6-00fac60d3065,1,Green,Green,{G},Instant,,,ddbacb74-1f98-4607-a92e-d14973b9d0ef
1,Growth Spiral,,7c77a6b1-ef06-4da5-8e86-a5204216cb77,2,"Green,Blue","Blue,Green",{G}{U},Instant,,,34bcc217-dd91-45a0-90d7-a94d02f1f317
1,"Grumgully, the Generous",,b9d50d26-3c44-4c8f-81bb-9093dacfb804,3,"Green,Red","Red,Green",{1}{R}{G},Creature,"Goblin,Shaman",Legendary,fa4afcf7-9cf7-4f67-95b9-1f7fe66bf332
1,Gruul Keyrune,,7cf96f1c-066e-4fde-acb8-4674842fb6c2,3,,"Red,Green",{3},Artifact,,,98bdb1e1-7550-47e8-aa06-f81802b257a0
1,Gruul Turf,,f15671c2-d9a3-459c-9f1e-d110062b2e53,0,,"Red,Green",,Land,,,657243dd-e479-4f4b-99d2-09b55d833a35
4,Guac & Marshmallow Pizza,,a5405de0-16c9-4e5a-8ceb-00508e212f12,1,Green,Green,{G},Artifact,Food,,d6d83a51-9d57-44a7-aae3-a96d43ec5ac8
1,Guard Dogs,,ba32eee7-10ba-4f0b-8a87-c3ecfa22ae41,4,White,White,{3}{W},Creature,Dog,,490af644-2e85-49c7-af63-d5f0a9babff8
1,Guardian of Faith,,037739cd-e05c-4aae-9123-f924e420010c,3,White,White,{1}{W}{W},Creature,"Knight,Spirit",,8e04a5e0-e22c-430b-a39a-c9f38e16ea86
1,Guardian Project,,ccad6ce0-ddf0-458d-bdae-3d7805fdc775,4,Green,Green,{3}{G},Enchantment,,,4f9e07ae-6341-4b46-9f77-f17ab659d266
1,Guided Passage,,b66c8ada-82a6-46d9-acd0-b4ff9e1e12bd,3,"Green,Red,Blue","Blue,Red,Green",{G}{U}{R},Sorcery,,,f4b30f6c-09ac-407e-9c72-da64d212ce93
1,Guiltfeeder,,8276b064-60ba-4079-b790-e2eea831e35e,5,Black,Black,{3}{B}{B},Creature,Horror,,0285bd20-f49e-48f7-8c8c-960f9fbe4d34
1,Gundabad Opportunist,,bc4a60b8-a5bb-4dbf-8d48-95caf757eac3,4,Red,Red,{3}{R},Creature,"Goblin,Rogue",,61773534-8da8-48fa-b51a-73c0a9a751c4
1,Gurgling Anointer,,9ce0d139-2bea-48df-a007-cee7c8ce07bd,3,Black,Black,{2}{B},Creature,"Horror,Phyrexian",,22fa5324-ed3b-4b97-89b4-31c1f86d6ead
1,Guttersnipe,,9d8590ea-512c-4e09-97cc-7f07d0706f2b,3,Red,Red,{2}{R},Creature,"Goblin,Shaman",,c6bdaf76-6a03-4695-9c4b-f040e73435af
1,Gyre Sage,,be573ae7-967a-4b98-9058-ec3ff82ff63f,2,Green,Green,{1}{G},Creature,"Elf,Druid",,e3aa16cf-079b-4737-9ffd-7bfdffef0cb2
1,Gysahl Greens,,020dee17-d85b-44c4-9faa-b1ef977956f4,2,Green,Green,{1}{G},Sorcery,,,eddfe7d7-6868-4b81-b46c-d0765e5210e7
2,Haazda Officer,,f766418a-eb1d-4536-ae51-7f3e8969bb78,3,White,White,{2}{W},Creature,"Human,Soldier",,35023c04-ae62-47bf-80a0-faa2d7a67788
1,Halimar Depths,,c5651e5e-2314-4e3d-a2c8-2579239314e1,0,,Blue,,Land,,,42d121a2-5266-483a-ab16-e0a8073cd6a3
1,"Haliya, Ascendant Cadet",,683d6eba-7f98-4105-b318-7f2290012f32,5,"White,Green","White,Green",{2}{G}{W}{W},Creature,"Human,Soldier",Legendary,6846448b-d5a0-4ae0-bb11-ea7fa6ed2558
1,"Haliya, Guided by Light",,6f7c63ae-5df3-410f-8643-b8c69133ca9d,3,White,White,{2}{W},Creature,"Human,Soldier",Legendary,9b0af3ad-1b4d-4480-af91-fe9baee5d1c5
1,Hallowed Fountain,,e056b55f-82ed-4fe0-ab0c-bb20fa4a218a,0,,"White,Blue",,Land,"Plains,Island",,f1750962-a87c-49f6-b731-02ae971ac6ea
2,Halo-Charged Skaab,,5c6bdac3-6762-41a4-821f-ab7034a823d9,5,Blue,Blue,{4}{U},Creature,Zombie,,d7dcd1a3-3163-4e26-94e8-f4072e477e6a
1,"Hama, the Bloodbender",,6fa1197d-7b19-4d86-81e2-5c87de87757b,5,"Black,Blue","Blue,Black",{2}{U/B}{U/B}{U/B},Creature,"Human,Warlock",Legendary,ef80e174-78e8-412d-a6fe-89c7af746669
1,Hammerhand,,8d858e9e-452b-4281-9379-641ef6ebef39,1,Red,Red,{R},Enchantment,Aura,,8efa0026-c3f8-44e0-8f55-729f9c30ac93
1,Hammerhead Shark,,854627ab-38bd-4894-94d8-9ef51a57579c,2,Blue,Blue,{1}{U},Creature,Shark,,ce176172-6c7b-40b0-a6d0-68e9c32b3402
1,Hammer of Purphoros,,bdc6e339-55db-48cd-a7cf-87474f4dc63a,3,Red,Red,{1}{R}{R},"Artifact,Enchantment",,Legendary,212d058b-69c6-4dc2-8c93-bdfe26dc2ffe
1,"Hamza, Guardian of Arashin",,c793d594-c319-4e97-8620-de8eddaf247d,6,"White,Green","White,Green",{4}{G}{W},Creature,"Warrior,Elephant",Legendary,0cde6a29-d597-4feb-8b2b-528d2d57a1f3
1,Hangarback Walker,,cc387ccf-f746-4855-81e5-64f5a5e0fdda,0,,,{X}{X},"Creature,Artifact",Construct,,dde55256-5259-44e7-a267-fca45a7f0d04
1,Hangar Scrounger,,c2551b01-4d88-47f3-b54d-96ec03e093f8,3,Red,Red,{2}{R},Creature,"Dwarf,Pilot",,d1b74fb9-8ef3-40be-bc79-45ffb4c597eb
1,Haradrim Spearmaster,,6050cf98-cdce-4825-9ab8-2294a2b63faf,3,Red,Red,{2}{R},Creature,"Human,Warrior",,4da49285-e577-487f-9997-ba49f2b5753e
1,Hardened Scales,,fc69ad56-9ae2-4eb5-b7e2-558524f6cbcc,1,Green,Green,{G},Enchantment,,,a1f3da21-af6d-450e-bf0b-985d158418e6
1,Hardened Tactician,,86b225cb-5c45-4da1-a64e-b04091e483e8,3,"White,Black","White,Black",{1}{W}{B},Creature,"Human,Warrior",,ca1dc6f0-3ec2-4f62-a08a-1395201bd93f
1,Harmonic Prodigy,,22579ac0-ad3f-4000-a65a-46a17a7f1aa5,2,Red,Red,{1}{R},Creature,"Human,Wizard",,2e2ace5b-4018-43af-8e72-ebafec1a7739
2,Harmonize,,8f9848e6-df86-4c83-ac2a-46583328472e,4,Green,Green,{2}{G}{G},Sorcery,,,7eff84f1-f772-497a-b350-bbc93d0230f7
1,Harmonize,,9390fbe8-944d-4a4f-90f3-cc7b355e1382,4,Green,Green,{2}{G}{G},Sorcery,,,7eff84f1-f772-497a-b350-bbc93d0230f7
1,Harmonized Trio // Brainstorm,,617208ff-dd9b-44fd-a740-d3188081e5cc,1,Blue,Blue,{U} // {U},Creature,"Wizard,Merfolk,Bard",,f6036065-7196-44d4-8a27-2199f0e1a03c
2,Harrow,,e309c1fc-3a7c-4624-8b48-9b152c2590ae,3,Green,Green,{2}{G},Instant,,,705509e9-a034-4a5a-9c65-66f58748b8a2
1,Harsh Annotation,,e07a8fc7-c11c-4469-a31d-0abf40e57bbf,2,White,White,{1}{W},Instant,,,1657be64-b38f-4074-a743-bf558dc57901
1,"Haru, Hidden Talent",,9657a0c0-2c26-4331-8e62-f032265a01af,2,Green,Green,{1}{G},Creature,"Human,Ally,Peasant",Legendary,7488ce54-37c6-475c-b327-59f52f2b1424
1,Harvester of Souls,,505c0d25-dc1f-402e-9183-01c273efe0e1,6,Black,Black,{4}{B}{B},Creature,Demon,,5987ce77-10ad-4871-900a-5a005fcf4955
1,Hatchery Spider,,0b841904-202c-4b42-869a-e345112ab1c8,7,Green,Green,{5}{G}{G},Creature,Spider,,d1950094-2cc9-48ce-ae1a-0ae78ba252c1
1,Hatching Plans,,e8ebcbfb-1522-4ff5-b23a-f3ea9e08ad9b,2,Blue,Blue,{1}{U},Enchantment,,,cebc9fcc-25ec-4366-a914-b95afbd134b0
1,Haunted Hellride,,9d68c20a-f377-4613-8771-cdda1745cdff,3,"Black,Blue","Blue,Black",{1}{U}{B},Artifact,Vehicle,,47944bf1-b954-4143-b479-45c10071e35a
1,Haunted Mire,,16f5e958-56e6-4666-a534-24deba6f652d,0,,"Black,Green",,Land,"Swamp,Forest",,b0b58a03-462c-4964-97c7-42bc777ec23e
1,Haunt of the Dead Marshes,,673c6c12-2513-4d1b-acf0-6a1f741d49dd,1,Black,Black,{B},Creature,"Elf,Nightmare",,0b683611-e46f-4105-b336-014d1556c8de
1,Havoc Eater,,725c2765-c7e3-48cc-8cbe-6fba611b216b,7,Red,Red,{5}{R}{R},Creature,Elemental,,769c511c-37ce-4a9d-85f8-1ba91c2daf82
1,Haystack,,46e791f0-297b-46bf-acd5-f62458009d76,2,White,White,{1}{W},Artifact,,,d64d69bd-1815-4647-90bc-767fad5c7da7
1,Haze of Pollen,,b636925d-1c32-4fdc-b814-e6111393d04e,2,Green,Green,{1}{G},Instant,,,f0140f00-5414-493b-962d-33312d49f6ea
1,Healer of the Glade,,cbe262f2-e35b-4c85-938d-3e9e9c764c1b,1,Green,Green,{G},Creature,Elemental,,2701b912-b672-4764-97f7-51c444f754f2
1,Heartbeat of Spring,,6be3ba05-dce0-463b-bfe6-d51df63cc1a8,3,Green,Green,{2}{G},Enchantment,,,f15911a5-f597-452e-a015-b115339f28fc
1,Heartless Act,,b57c57a8-d72b-4c6c-a2db-a7ef61190f42,2,Black,Black,{1}{B},Instant,,,3641d572-8335-4804-88ad-edf4dc67a8e4
1,Heartless Hidetsugu,,4a3ab177-d9ab-46bf-bd92-20a9ecf2d0ad,5,Red,Red,{3}{R}{R},Creature,"Shaman,Ogre",Legendary,b68e965a-96f4-447a-99be-35dbd27846e9
1,Hedge Shredder,,39e83502-2ffd-4169-94e3-116701323ed5,4,Green,Green,{2}{G}{G},Artifact,Vehicle,,f22665cd-4710-48df-83c1-3c9081097cb5
1,Hedron Archive,,abba5d92-3d12-4724-ba6b-2570e55ac810,4,,,{4},Artifact,,,32263baa-d3f0-463f-92b3-4e9938476add
1,"Hei Bai, Spirit of Balance",,060d24e0-1567-41f1-ae8c-2d3b1834df3c,4,"White,Black","White,Black",{2}{W/B}{W/B},Creature,"Spirit,Bear",Legendary,8f709660-bb26-409f-9650-e5228ac8db7e
1,Heirloom Blade,,a6463bdd-f9b3-46a6-9cb7-e1ba7e800b3c,3,,,{3},Artifact,Equipment,,7c3a8766-e440-48c5-a561-197490efdba5
1,"Heliod, God of the Sun",,e90d01c9-e76e-42ff-b0fa-8b6786242aae,4,White,White,{3}{W},"Creature,Enchantment",God,Legendary,4ea488b2-5ba0-4565-b928-570c8e03b926
1,Heliod's Pilgrim,,cafce2f5-f4f4-465b-96dc-bcdd29d4e4bb,3,White,White,{2}{W},Creature,"Human,Cleric",,0fe01c7d-f435-44c1-82f1-0ec2c47d4704
1,Helm of Awakening,,41bba882-39b8-42db-9a01-54c6712b8019,2,,,{2},Artifact,,,f2fcef65-4873-4b1f-a257-b8648097c990
1,Hematite Talisman,,83585337-56a9-44d2-9ed1-8a959bcfb010,2,,,{2},Artifact,,,586601dd-ac73-4451-848d-f21e64feb6a9
1,Heraldic Banner,,743ea709-dbb3-4db8-a2ce-544f47eb6339,3,,,{3},Artifact,,,3525e263-e29a-49bf-a29f-fb3ce43bbd33
1,Herald of Faith,,452591ca-7273-4e47-820b-3ff89697a036,5,White,White,{3}{W}{W},Creature,Angel,,cb97da84-1d13-4795-b68a-2bf111a50067
1,Herald of Hoofbeats,,7beebc99-b027-49e2-95ad-e51ce302457f,4,Blue,Blue,{3}{U},Creature,"Human,Knight",,c9b40f24-c08e-4e05-a141-0a8a670d37c9
1,Herald of Kozilek,,2a4180ae-1fd9-4185-b4f0-9e8f668a5737,3,,"Blue,Red",{1}{U}{R},Creature,"Eldrazi,Drone",,e1890cbc-b15b-44bc-b1c0-ca3d9fd6028a
1,Herald of the Pantheon,,a360af3e-626d-46c9-99cf-6c85921f5d26,2,Green,Green,{1}{G},Creature,"Shaman,Centaur",,9ef24a79-fade-4c38-b63c-22983206b4ad
1,Heroes' Hangout,,4148d7e8-6371-468c-858b-35254995409a,1,Red,Red,{R},Sorcery,,,43306a78-85b5-4df4-a018-75dd75aa8997
1,Heroic Reinforcements,,33c35bf8-ae43-41aa-aae9-4d7513f9058c,4,"White,Red","White,Red",{2}{R}{W},Sorcery,,,c442e8b0-a0a4-4839-8049-125b91b15c99
1,Hero of the Games,,cdb7c7a6-4e9b-4300-a776-b7e7916950c8,3,Red,Red,{2}{R},Creature,"Human,Soldier",,fc594e38-4297-44d4-b11b-3ab804cfcbdd
1,Hero of the Pride,,81b56863-a52a-4559-a662-f6d9145d5804,2,White,White,{1}{W},Creature,"Soldier,Cat",,f3a2d80c-de6f-4b0e-aeb1-78639d55a6e6
1,Hero's Blade,,6da612ec-983b-4a7b-8d52-b853a4c565de,2,,,{2},Artifact,Equipment,,e6bcd25d-39b6-4619-8a27-9f3d87f4a17b
1,Hexgold Halberd,,f22108ec-28f0-44d3-ba6b-3075f5f6bc65,2,Red,Red,{1}{R},Artifact,Equipment,,c43b176a-9001-4fe4-bd9b-809880134067
1,Hexgold Hoverwings,,c498dbf9-c68c-400c-9349-c3c3fc8efcae,4,White,White,{3}{W},Artifact,Equipment,,63018d1c-f7fb-44c8-bcd2-292e74ab5b54
1,Hexgold Slash,,0ec44465-68d4-4dca-a313-7f2ab0ce2e63,1,Red,Red,{R},Instant,,,573a3afb-3a2a-41b7-ac1a-9685b90bffa3
1,Hidden Cataract,,69f317fc-f603-45b5-9208-545be4dcbf36,0,,Blue,,Land,Cave,,927979d7-9b5c-4448-aef0-baf2907a89f1
1,Hidden Courtyard,,b8685d46-99fc-44b3-be95-707a4b7b8327,0,,White,,Land,Cave,,e19d5071-4ea1-4883-b067-a21e553f96e0
1,Hidden Necropolis,,f67fd04f-05da-4418-97de-abeb7346cc69,0,,Black,,Land,Cave,,f780ee53-62b0-4c32-b5b7-047651f48e5f
2,Hidden Nursery,,a942939a-c06e-4b90-a404-ae5acfffcff9,0,,Green,,Land,Cave,,1a26e2d6-6bfc-4cdc-9bd6-8b37a9be2961
1,Hidden Volcano,,9fa06aed-52c1-48f1-9906-362db12a3cf7,0,,Red,,Land,Cave,,a1c7cd7a-0795-4135-b787-effeb981d95b
1,Hide on the Ceiling,,7977e448-01fa-4fa5-a275-0d6a1357b35c,1,Blue,Blue,{X}{U},Instant,,,376fa374-ead1-4728-ab8b-aca230b72031
2,Highland Game,,4ec59964-42c1-4c29-8c60-37b7f376c347,2,Green,Green,{1}{G},Creature,Elk,,0e0d40a6-e0a4-4fb2-be72-314f7d66b7eb
1,High Market,,3c99e02f-52e7-4a42-87dc-966034be79c7,0,,,,Land,,,86fb3749-37d6-48a6-8524-71e996850307
3,High-Rise Sawjack,,2399c6d7-57f9-4100-ad64-3c8897a438f7,3,Green,Green,{2}{G},Creature,"Elf,Citizen",,0049438b-e37e-4c57-820e-f2ddf3322170
1,Highway Robbery,,31a88429-9204-4a23-a7a8-babbd6bab79f,2,Red,Red,{1}{R},Sorcery,,,df020a47-1784-479b-9882-be77b7f30950
1,Hinterland Harbor,,21cab0c4-9091-47f2-ae12-4d9d9eca956e,0,,"Blue,Green",,Land,,,fb5a3403-7f0b-406c-8c4f-d693be010ca6
1,Hippo-Cows,,24ca6ca8-e239-4fe5-8711-24098b74e2fe,5,Green,Green,{4}{G},Creature,"Hippo,Ox",,f66fca2b-6c44-4079-b29e-4d18ef030a0c
1,Hitchclaw Recluse,,fe349432-8726-49cf-ad07-6f8add8f78c8,3,Green,Green,{2}{G},Creature,Spider,,241ec1fc-cc50-468e-8ee3-f95a82a3e07b
1,Hit the Mother Lode,,e75f460c-43e2-4353-8b73-71ff8651a79d,7,Red,Red,{4}{R}{R}{R},Sorcery,,,a49900b3-cc34-428f-806d-71861dc8059d
1,Hog-Monkey,,4f442970-5355-4abf-8684-17daaa8e469b,3,Black,Black,{2}{B},Creature,"Boar,Monkey",,e11591ee-7074-488e-8d2f-f8c89e385a55
1,Hog-Monkey Rampage,,97c41057-cf06-4f78-8c68-870fb763cfa6,2,"Green,Red","Red,Green",{1}{R/G},Instant,,,9e5df175-5f91-47f7-957c-63bac31f0858
4,Holdout Settlement,,cf08c317-6f2d-47e3-ab5b-8af73fd3e404,0,,,,Land,,,e6b77545-de5c-4f4a-b7ea-83498fb33ba8
1,Holistic Wisdom,,2134a564-b089-4049-bd9c-a3f10e072263,3,Green,Green,{1}{G}{G},Enchantment,,,7e108285-52da-473c-accd-d48e646a49c0
1,Hollow Dogs,,520fcafe-0c4a-49ca-8138-57a60506b0cd,5,Black,Black,{4}{B},Creature,"Zombie,Dog,Phyrexian",,16aa2e9e-bfe8-4b40-a1db-bb1da2ede849
1,Hollow Marauder,,df2913d5-57c7-4f9b-bc96-8a46beef2563,7,Black,Black,{6}{B},Creature,"Rogue,Specter",,1a4075f3-6c18-4cbe-99e0-f403dd78a7b0
1,Hollowmurk Siege,,5ac0e136-8877-4bfc-a831-2bf7b7b5ad1e,2,"Green,Black","Black,Green",{B}{G},Enchantment,,,31061e34-042e-40c3-99ab-752795ab4324
1,Holy Cow,,90de84c9-941b-4056-8501-ce8a948b9643,3,White,White,{2}{W},Creature,"Angel,Ox",,748003fd-84c5-4c99-b146-d7d382eef64d
1,Homestead Courage,,73a9c49f-fcd3-4572-bac7-6eb06fdc0815,1,White,White,{W},Sorcery,,,203eb24c-f135-44e2-bdae-80b7b3d0fb15
1,Homunculus Horde,,f3ec1d32-9467-4c79-a9d6-bf3aad2d7fed,4,Blue,Blue,{3}{U},Creature,Homunculus,,b3c69bf4-880f-4198-a67c-87d23d9c3d41
1,Honest Rutstein,,259ddf66-76af-4857-83c3-c812327a6e23,3,"Green,Black","Black,Green",{1}{B}{G},Creature,"Human,Warlock",Legendary,439bf6d1-bd65-474b-a70c-7fdd446de4bb
1,Hopeless Nightmare,,2c2ee817-9ca9-4f09-bc71-7994c19a9470,1,Black,Black,{B},Enchantment,,,5e63b69c-d901-4a01-8dfa-88e044856239
3,Hopeless Nightmare,,2c2ee817-9ca9-4f09-bc71-7994c19a9470,1,Black,Black,{B},Enchantment,,,5e63b69c-d901-4a01-8dfa-88e044856239
1,Horned Stoneseeker,,5cd965a9-caa2-42a3-b2f9-e4f57341ac27,2,Red,Red,{1}{R},Creature,Lizard,,78d74d6a-e1aa-4d70-92c3-b5338959d2fb
1,Hornet Queen,,d245cb84-56aa-47a1-aa3a-17ffded57e15,7,Green,Green,{4}{G}{G}{G},Creature,Insect,,3b1f8108-6911-49e9-8f78-f950bb58cb6c
1,Horn of the Mark,,dd86b71f-d736-426f-bf15-013bc8da1a08,2,,,{2},Artifact,,Legendary,9b836c32-84f0-41ae-b7d9-67b92c743c60
1,Horn of Valhalla // Ysgard's Call,,b2419408-e907-4d62-b158-c97afc388c04,2,White,White,{1}{W} // {X}{W}{W},Artifact,Equipment,,d02179a0-a6b7-49ef-a73e-cf11cabb896f
1,Horrific Assault,,cfa6ed13-7bba-40c0-8e0e-4ffd3cea6241,1,Green,Green,{G},Sorcery,,,4c7e091e-e3c1-446d-a442-4aacb3cdd575
2,Horror,,ae98a532-2e83-46bc-b391-cc0ab20ea0da,0,,,,"Creature,Artifact,Token",Horror,,7f03946b-e602-4624-bf1e-ed240b883fca
8,Hostile Minotaur,,ad6d0a11-3a9c-4de0-9a46-06d2b9356eb7,4,Red,Red,{3}{R},Creature,Minotaur,,e050a0a3-f48e-4cba-9cd4-692a92261c9f
1,Hostile Negotiations,,f827a9a0-7b72-49e2-85fa-adcce1e8fdda,4,Black,Black,{3}{B},Instant,,,c5cbd852-c42f-4592-a0bb-a8bffa2dd2f4
1,Hour of Reckoning,,0a14b17e-bfff-4859-92cb-a82d2e90580b,7,White,White,{4}{W}{W}{W},Sorcery,,,3bc13640-03f8-4b19-b0a4-7e7cb5271c0c
1,Hour of Revelation,,89a89652-95ef-45b4-80c3-02241483f3c0,6,White,White,{3}{W}{W}{W},Sorcery,,,920c1dd4-c3f6-4020-a6f0-2e8acad2c212
1,How to Start a Riot,,23b3bf1e-ea85-47f5-8473-4d16615f68d7,3,Red,Red,{2}{R},Instant,Lesson,,268d0056-0d3e-438a-ab17-625a6f5ec68a
1,Huatli's Final Strike,,1247a5fa-b50a-4ab1-96ca-dbeb45bd0b56,3,Green,Green,{2}{G},Instant,,,20acb8df-2ea0-48b0-8dcf-54dd0e1f8db8
1,Hulking Metamorph,,420f0b81-8b87-4854-9dc4-6da84cc38623,9,,Blue,{9},"Creature,Artifact",Shapeshifter,,b2b09dc3-8239-4f3b-91d2-e7cbbdc062f7
1,Hullbreaker Horror,,4b546bcf-2e86-42af-bf32-81c7fd36ef8c,7,Blue,Blue,{5}{U}{U},Creature,"Horror,Kraken",,d4a84e78-d9b9-4c67-8a4b-4329e65f0f15
1,Hulldrifter,,402666f8-c9cc-4e8f-abaa-6c38be90cdd2,5,Blue,Blue,{3}{U}{U},Artifact,Vehicle,,a0a7319d-9441-4aed-a351-9ff3fb3b1d9e
1,Human Frailty,,80b582e3-1e02-4c24-87be-05880b56df70,1,Black,Black,{B},Instant,,,bd95c832-9ae9-404a-a2bc-0760a5b9ff56
1,Human Warrior,,0d88db82-009a-4371-a91e-9083b561e80f,0,White,White,,"Creature,Token","Human,Warrior",,8791f524-43b8-4258-9d13-e5e30705280f
1,Humble Defector,,d17c10a1-12fe-4a58-81ed-03a8bdd06686,2,Red,Red,{1}{R},Creature,"Human,Rogue",,1582e16d-4825-4cc5-b12c-449c45e4e449
1,Hungry Graffalon,,030b1272-5990-4bc9-8fc1-82cc05602060,4,Green,Green,{3}{G},Creature,Giraffe,,9494c499-6ead-491f-aeb0-6dbfac4d960c
1,Hunted Witness,,8c31b8e5-2349-4119-9dc2-3e41c5364a78,1,White,White,{W},Creature,Human,,1fde570c-aa96-45ca-a6be-f59c8e4f4b6a
1,Hunter's Blowgun,,3348abe7-6aa3-47f7-8203-a15f75007e33,1,,,{1},Artifact,Equipment,,a0292e0b-7bb3-46d3-a29f-b54bce5b20f0
1,Hunting Grounds,,6e544772-5ab8-47dd-8a6e-686d385a6ee7,2,"White,Green","White,Green",{G}{W},Enchantment,,,2f3fec87-3dd2-4e5d-835c-eae535da4ecb
4,HYDRA Assault Robot,,e3b23fff-7d3b-4341-b556-82136f8c113b,2,Red,Red,{1}{R},"Creature,Artifact","Villain,Robot",,a2558476-5506-4a09-93fc-b8ab33c98985
3,Hydroblast,,4c9c9b16-5567-4473-95e6-622292f77336,1,Blue,Blue,{U},Instant,,,b94c0336-2ca8-4bb1-bb1f-e9babd1826ad
1,Hydroblast,,89a30b8f-6594-42ea-8e60-13ccb1e7efc0,1,Blue,Blue,{U},Instant,,,b94c0336-2ca8-4bb1-bb1f-e9babd1826ad
1,Hydroelectric Specimen // Hydroelectric Laboratory,,8689ecd7-e9a6-458b-99d2-6dbaca527f00,3,Blue,Blue,,Creature,Weird,,573151f0-00d4-4a8a-8a09-745c5f376532
1,Hydroid Krasis,,52e5d3fe-46bc-4014-9819-5aa7c7e64838,2,"Green,Blue","Blue,Green",{X}{G}{U},Creature,"Beast,Jellyfish,Hydra",,6bd872b2-5c40-4e11-9a7f-0136a51b0642
1,"Hydro-Man, Fluid Felon",,e53115a4-8959-40fa-b763-931504a1c5a2,2,Blue,Blue,{U}{U},Creature,"Elemental,Villain",Legendary,a93a8edf-2879-4cae-b3b9-b46298270823
1,Ice Magic,,9dabd626-7ec3-4913-babb-d5d3fd5e32d5,2,Blue,Blue,{1}{U},Instant,,,88b0bd3b-d832-4059-b0d9-04630917ae94
1,Ichorclaw Myr,,faef8b8b-2c45-4fed-b6ba-a8ac49c66330,2,,,{2},"Creature,Artifact","Myr,Phyrexian",,8462a2fa-944b-4fff-a161-10345690b56f
1,Ichorspit Basilisk,,0955b64f-6721-4fa6-b161-cae404cb5b9f,3,Green,Green,{2}{G},Creature,"Basilisk,Phyrexian",,5a2f8474-b032-4567-a569-3f9725805f10
2,Ichor Wellspring,,6ce84c30-5d59-4f0d-af44-96b993f3902f,2,,,{2},Artifact,,,5b5ef43b-13fd-4461-8d2d-18be65e9a790
1,Ichor Wellspring,,6ce84c30-5d59-4f0d-af44-96b993f3902f,2,,,{2},Artifact,,,5b5ef43b-13fd-4461-8d2d-18be65e9a790
1,Ichthyomorphosis,,e4763b6c-6471-41bd-b3e4-785564bcf06f,3,Blue,Blue,{2}{U},Enchantment,Aura,,816e13c6-79d8-431f-a04e-15c423baf7b3
1,Idolized,,687133cb-3754-475c-9e21-b6a33aa58bb0,2,White,White,{1}{W},Enchantment,Aura,,8cbf0173-2349-4205-b720-378643c347a4
1,Idol of False Gods,,d5e1ff6d-190a-497f-89c3-35e0979c93b5,2,,,{2},"Artifact,Kindred",Eldrazi,,b30d583b-e770-47e8-9f26-fca7ef43285c
1,Idol of Oblivion,,1c602e17-7eee-45f5-82d9-406cb4498b18,2,,,{2},Artifact,,,c232d974-9c65-4bce-b045-e5a7cc0c62e0
1,Idol of the Deep King // Sovereign's Macuahuitl,,d1d8d8ef-c8b2-4e7c-89e4-b381dff20584,3,Red,Red,,Artifact,,,e7ba349e-b9c1-4373-b79f-755688138b7c
1,Idyllic Beachfront,,c50ec22c-decb-419f-ae52-78ea1706eb11,0,,"White,Blue",,Land,"Plains,Island",,0aea7e5d-40d7-46c7-a8a6-479cb8061e49
1,Iguana Parrot,,7faa3e3d-c08a-4908-85ef-1370d3f90815,3,Blue,Blue,{2}{U},Creature,"Bird,Lizard,Pirate",,edd3a3ea-6bde-408c-8b16-85ed3cc312b2
1,"Ilharg, the Raze-Boar",,3d397fc3-fd4e-45ad-ad40-0f8a585c15fd,5,Red,Red,{3}{R}{R},Creature,"Boar,God",Legendary,8d571129-9030-47e0-9624-a49fb63e5a1b
1,Ill-Gotten Inheritance,,abf2a55e-3112-452c-ac6a-6a3b9986ca99,4,Black,Black,{3}{B},Enchantment,,,84e8ca5e-730e-468b-943c-7c6358ade95c
1,Illicit Masquerade,,2a7a3ec4-afaa-45e1-8cde-f15bf4bd7379,4,Black,Black,{3}{B},Enchantment,,,fa2a275a-a28b-45cd-b8ca-a93247ff59bc
1,Illicit Shipment,,1f7cced2-390b-499f-ace3-e52fd53d4712,5,Black,Black,{3}{B}{B},Sorcery,,,81d62f0a-b2ba-4e87-9003-e5472bd1101f
1,"Immard, the Stormcleaver",,d2f60c02-55f7-4584-b68c-f23e466b3b0b,4,"White,Red,Blue","White,Blue,Red",{1}{U}{R}{W},Creature,"Human,Soldier",Legendary,104f65d3-bedb-4dc5-a5dd-8ab9fe796af4
1,"Imodane, the Pyrohammer",,14b44833-0482-4b47-a594-4050bb87f1a5,4,Red,Red,{2}{R}{R},Creature,"Human,Knight",Legendary,d70d4686-2c35-4149-aed1-7e3b9e022702
1,Impact Tremors,,e23cf8e0-0983-4495-ad3e-8b0c3e706115,2,Red,Red,{1}{R},Enchantment,,,9242cd3e-1a71-4700-8182-9c1005616033
1,Impassioned Orator,,2bd746e3-8934-4c86-894e-2cb1738b1d58,2,White,White,{1}{W},Creature,"Human,Cleric",,c7107a2d-2dcf-42e9-9ea9-d0fc0d6d2ec6
1,Impede Momentum,,259c04f7-86f2-4584-97fb-8278dca9a213,2,Blue,Blue,{1}{U},Sorcery,,,c0239ff1-6ae6-431a-806e-7321d8272a1d
1,Imprisoned in the Moon,,ee28e147-6622-4399-a314-c14a5c912dd0,3,Blue,Blue,{2}{U},Enchantment,Aura,,339a7418-9a29-4eae-a3c2-ea590d175936
1,Improbable Alliance,,0461867b-ec35-4d37-a398-5247e06c4afe,2,"Red,Blue","Blue,Red",{U}{R},Enchantment,,,b4ca6a20-b1ba-4dee-ae8a-83f8edf360c4
2,Impulse,,3ec50625-5e14-4fd0-9a96-86f195342695,2,Blue,Blue,{1}{U},Instant,,,f6bd2902-7f8b-419e-bbc7-bcab0c1b7e01
1,Imskir Iron-Eater,,541209fa-38b6-4d61-a72d-26bfb6ad5ead,8,"Red,Black","Black,Red",{6}{B}{R},Creature,Demon,Legendary,2494101a-2c6b-45d8-95fe-e62bf9a25130
1,Incite,,6ba4dcc6-05a5-43e9-b445-bae83180aa79,1,Red,Red,{R},Instant,,,304da0e0-9852-4ba5-a896-3c6bd703a64c
1,Incubation Druid,,075bbe5d-d0f3-4be3-a3a6-072d5d3d614c,2,Green,Green,{1}{G},Creature,"Elf,Druid",,34428f42-03ac-4795-8286-6cbea796df2b
1,Inevitable Betrayal,,71725895-38cd-4017-bbf0-0b7dc9b5db60,0,Blue,Blue,,Sorcery,,,aa5e9269-b1db-4bf0-a548-24f999f60e44
1,Infectious Bite,,83dfb2a5-cd5c-46c6-9bb8-7c5d00f3e003,2,Green,Green,{1}{G},Instant,,,7b740cd6-e07d-4273-8a7f-e084bdaf0f1c
1,Infectious Inquiry,,0a10f284-b043-4307-bdc7-6dad47cc9221,3,Black,Black,{2}{B},Sorcery,,,66051196-53ea-4461-b241-205df9395b3b
1,Infernal Captor,,6b30243d-511b-47b8-bbed-0395d3de903d,4,Red,Red,{3}{R},Creature,"Rogue,Devil",,2f0dec6c-797f-4dc3-9994-066c00cbf1a4
1,Infernal Grasp,,f67b323d-0dda-45f8-84b7-d883ce5045a8,2,Black,Black,{1}{B},Instant,,,94f0a572-e91c-4b56-a5d1-6cbbeabd210d
1,Infernal Scarring,,9cf7ff14-0de8-4ef9-8425-df15629adc4b,2,Black,Black,{1}{B},Enchantment,Aura,,3fc640dd-6292-4d36-82fb-bd366bc00bd3
1,Inferno Titan,,bce726fa-cf09-4709-89f9-31f954620449,6,Red,Red,{4}{R}{R},Creature,Giant,,0ce47c8b-1e1f-463f-94f0-35ca00be89e6
4,Infestation Sage,,d40c73de-7a5f-46f2-a70b-449bc8ecfe24,1,Black,Black,{B},Creature,"Elf,Warlock",,d398dca3-f3a5-44c9-998f-b4fce9e5c2bf
1,Infiltration Lens,,1baa10da-2733-4657-a1ea-74eb5a5a82b1,1,,,{1},Artifact,Equipment,,72dfd729-ebba-4bb1-83eb-54c2051fea3b
1,Infirmary Healer // Stream of Life,,911442e3-3003-4683-a766-e791e9553667,2,Green,Green,{1}{G} // {X}{G},Creature,"Cleric,Cat",,4cbbdebc-b807-4d7b-92dd-312637d2a5de
1,Infuriate,,7ac778f6-8997-47ee-a676-3eb9f8d1592f,1,Red,Red,{R},Instant,,,d23119ca-73d1-4a48-a8d0-dab8919d891f
1,Inherited Envelope,,b590d028-ea6a-4550-b5e2-ba328a81bbc0,3,,,{3},Artifact,,,2f1ae834-f6b8-458c-ac0d-3510ddb85193
1,Inkling Mascot,,6d4a2f39-0e1e-4076-815a-2676a09a1aab,2,"White,Black","White,Black",{W}{B},Creature,"Cat,Inkling",,0f0959ff-4464-4738-9d79-5b06f368f144
1,Inkshield,,3362ade8-d585-40be-8486-382cad6efaf8,5,"White,Black","White,Black",{3}{W}{B},Instant,,,da93264e-4e04-401a-9809-e4e1056cf604
1,Innocent Blood,,29184c64-03f3-4a50-ac18-e34b6c89635e,1,Black,Black,{B},Sorcery,,,6791ec3c-c397-4087-8c8c-84d3797df415
1,Inquisition,,5f133f06-6398-4db1-8577-66c16fd3e00d,3,Black,Black,{2}{B},Sorcery,,,9178253e-0d89-450d-a93b-ed4765e945db
1,Inquisitor's Flail,,3014f59d-9012-473a-8bb1-8085c6e91632,2,,,{2},Artifact,Equipment,,a89ae357-b5aa-4256-beb3-a2e5e7f43200
1,Insatiable Avarice,,a108b0e4-1b43-4659-9e91-facb0bd57ebb,1,Black,Black,{B},Sorcery,,,ad3e705f-da57-4eff-84d7-2072522de988
2,Insect,,03ce1033-ce07-40ef-9315-beb759af9465,0,"Green,Black","Black,Green",,"Creature,Token",Insect,,ea029c48-d26e-40b1-acef-2ec47fb61101
1,Inside Source,,1548d181-3f83-457a-b2d3-eb88cfb2afda,3,White,White,{2}{W},Creature,"Human,Citizen",,12bced67-69bc-4fc7-a585-577060afdd50
2,Insidious Roots,,0bb91a22-2040-4a37-85f8-5f22de8c5907,2,"Green,Black","Black,Green",{B}{G},Enchantment,,,d75b2b8e-05c9-47da-b359-a867256d78ea
2,Insight,,1dfd9cb9-51f6-4d09-b5c0-5b0ed9d16542,3,Blue,Blue,{2}{U},Enchantment,,,c77afbeb-cc9b-4770-9a48-e7460562895f
1,Insight Engine,,b826de8b-ed21-4e2b-b99a-e860c1cb876b,3,Blue,Blue,{2}{U},Artifact,,,83409a22-10de-4d51-90a3-e0579ca8cbea
1,Inspired Charge,,812cf63f-aa3d-405b-92e1-7ffa31352481,4,White,White,{2}{W}{W},Instant,,,d465a3d6-5830-456c-8e7a-908b464db846
1,Inspiring Call,,6c3dd578-15c9-46c9-9dbd-330e86df8cae,3,Green,Green,{2}{G},Instant,,,9b9a10ff-5a5d-4df8-88aa-18d84ff9117c
1,Inspiring Captain,,98d14836-0ab4-4df3-a996-76b0dda23ff6,4,White,White,{3}{W},Creature,"Human,Knight",,4a294001-645b-4691-bb32-c240ba5b5320
3,Inspiring Overseer,,35d9da1d-8678-4252-b0f8-9960795642f0,3,White,White,{2}{W},Creature,"Cleric,Angel",,d646e42b-5635-4798-b633-29c093b66a55
1,Inspiring Statuary,,4f7e4c0a-683b-4b22-9ea5-ed6470b8b1d7,3,,,{3},Artifact,,,78b2b68d-6e27-49f3-8373-6e19faf6f679
1,Insult // Injury,,eeac671f-2606-43ed-ad60-a69df5c150f6,6,Red,Red,{2}{R} // {2}{R},Sorcery,,,47543892-4d60-4c6b-a6a4-69b9172af01e
1,Intangible Virtue,,bb1bc2f9-d02a-4515-aa07-fcf98a3d194d,2,White,White,{1}{W},Enchantment,,,d21c3c8f-d105-4ba9-bf69-e5f26f0f8ec5
1,Into the Story,,c838f08e-7fb6-46e7-83bb-dce8877d6c87,7,Blue,Blue,{5}{U}{U},Instant,,,f290c2e4-ab52-44d4-bdeb-31aeb835b18d
1,Intruder Alarm,,8d62468e-ed9d-4932-bbbd-103b33b98b25,3,Blue,Blue,{2}{U},Enchantment,,,1e943e04-e213-4781-b1a7-935aad8790e1
1,Invasion of Amonkhet // Lazotep Convert,,981f091a-17f8-412e-9752-69070ebed4ea,3,"Black,Blue","Blue,Black",,Battle,Siege,,fd9b8889-a78a-4cda-9a6b-39f5536c3a0b
1,Invasion of Belenon // Belenon War Anthem,,4fb0eb2d-9cb7-4e72-a970-5009b046df2a,3,White,White,,Battle,Siege,,e462e78d-2d26-4a2d-8d8f-5f31abe5c924
1,"Invasion of Kaladesh // Aetherwing, Golden-Scale Flagship",,4f7231f6-8adc-4a68-9984-e56b974c087b,2,"Red,Blue","Blue,Red",,Battle,Siege,,bc6f4f73-e10c-44ae-926d-9e5f6ddc14be
1,Invasion of Kaldheim // Pyre of the World Tree,,f7cedd62-efc8-464d-8387-220bb55e07e9,4,Red,Red,,Battle,Siege,,66914a34-59b3-48a0-9305-ebd956d34f02
1,Invasion of New Phyrexia // Teferi Akosa of Zhalfir,,1b83af86-e1a9-4be1-83dc-0c1ab81b129e,2,"White,Blue","White,Blue",,Battle,Siege,,480ea052-87d7-4fea-ac97-b6121b78f863
1,Invasion of Regatha // Disciples of the Inferno,,ada79e04-bb69-4c92-a829-014f02b1e06a,3,Red,Red,,Battle,Siege,,4f0bcfe5-7e52-4249-a26a-482619716f18
1,"Invasion of Segovia // Caetus, Sea Tyrant of Segovia",,9df3e743-7bb8-482a-afd1-4d51119d416c,3,Blue,Blue,,Battle,Siege,,7b3c0d89-55ed-43d7-a00a-7b060857ec4e
1,Invasion of Xerex // Vertex Paladin,,6c8c9c33-569c-4b67-a18d-4cd0f18d01f4,4,"White,Blue","White,Blue",,Battle,Siege,,8b5add91-2e82-4430-bfc5-f4a6366dbbdb
1,Invasion of Zendikar // Awakened Skyclave,,8fed056f-a8f5-41ec-a7d2-a80a238872d1,4,Green,Green,,Battle,Siege,,4b1874af-4ea5-4e22-a4d4-e718d75fe95e
1,Invasion Plans,,f52c2f83-9535-4ee5-9964-5cc01e617981,3,Red,Red,{2}{R},Enchantment,,,db9c0d94-9fa5-4f07-be48-23e19d2f3d68
1,Invert Polarity,,9458db2e-2013-492d-b086-9cf9dc230294,3,"Red,Blue","Blue,Red",{U}{U}{R},Instant,,,69e12b1f-0fd9-43a9-b3db-fe08290442c6
1,Invigorate,,406b343c-90b5-4a4d-91c3-2fddcc9a0e05,3,Green,Green,{2}{G},Instant,,,9264c198-76c7-4ac0-9334-37c691de1b54
1,Invisibility,,348d6493-681a-4ea9-9154-ea09f2648e8a,2,Blue,Blue,{U}{U},Enchantment,Aura,,de26b0c6-dfb7-45a8-9d7f-f8d45522d675
1,Irascible Wolverine,,324c0af5-7cdf-4c71-84cc-6349f10e0d66,3,Red,Red,{2}{R},Creature,Wolverine,,445cd4bd-ba7c-42a2-a794-42aed823d0d3
1,Irencrag Feat,,b5bcf822-e129-45f6-9403-310ce9410f3b,4,Red,Red,{1}{R}{R}{R},Sorcery,,,2d550e17-7340-4b11-8b25-1d4f1a58f82f
1,Irenicus's Vile Duplication,,40a791df-2483-406d-90b0-a8d402d615d6,4,Blue,Blue,{3}{U},Sorcery,,,a3faf698-1dac-45ef-9c43-c8cead489ffc
1,Iridescent Hornbeetle,,214ef641-b08c-42d0-94a5-3054fa7fcebc,5,Green,Green,{4}{G},Creature,Insect,,3270265f-fa9f-4ef0-a1a3-a68fc2349bf1
1,Iridescent Vinelasher,,b2bc854c-4e72-48e0-a098-e3451d6e511d,1,Black,Black,{B},Creature,"Assassin,Lizard",,4f8c4927-46c2-4c18-b5af-c6288dbaff6d
1,"Iroh, Firebending Instructor",,1ee4bc92-1101-4652-be27-65450abebf00,3,Red,Red,{2}{R},Creature,"Human,Ally,Noble",Legendary,8e03797d-dd61-439f-b4ce-996cd71bdcf5
1,Iroh's Demonstration,,18d15fed-1f8f-4407-a221-a47ce75001a8,2,Red,Red,{1}{R},Sorcery,Lesson,,8dd2e73a-d1b4-4d26-857f-9eb8e384c8ff
1,Iroh's Demonstration,,18d15fed-1f8f-4407-a221-a47ce75001a8,2,Red,Red,{1}{R},Sorcery,Lesson,,8dd2e73a-d1b4-4d26-857f-9eb8e384c8ff
1,Ironclad Krovod,,e5d57e98-e05a-4a89-900e-20fe675a62ef,4,White,White,{3}{W},Creature,Beast,,bd1c9b5f-3b70-457c-8dd8-2420ce1c0d7c
1,Iron-Fist Pulverizer,,cd7f984a-0b56-45df-958d-6178e4da61ed,5,Red,Red,{4}{R},Creature,"Warrior,Giant",,e5cea282-9e61-47da-8c5d-f5fca6a508a4
1,Iron Hills,,78045c43-5cbe-48ff-837d-e7c6baac2937,0,,"White,Red",,Land,,,a71e8d07-1a49-47a0-834e-de87d750a200
1,Iron Hills,,78045c43-5cbe-48ff-837d-e7c6baac2937,0,,"White,Red",,Land,,,a71e8d07-1a49-47a0-834e-de87d750a200
3,Iron Hills Stalwart,,46daa9ac-0ac7-4df9-b9d2-e03ab5b56c72,5,Red,Red,{4}{R},Creature,"Warrior,Dwarf",,bd4ab393-9538-4230-b2a1-bc77099481c9
1,Isengard Unleashed,,55b5cfd6-1e20-4950-815f-f6666d6aef24,5,Red,Red,{2}{R}{R}{R},Sorcery,,,2b947703-751a-4d95-b5de-e2d6b1fcb502
1,Island,,739aaaac-c424-4ea7-a084-62a6fc0438b0,0,,Blue,,Land,Island,Basic,b2c6aa39-2d2a-459c-a555-fb48ba993373
1,Island,,937250fe-bcad-4ff8-9406-286a69db7e0a,0,,Blue,,Land,Island,Basic,b2c6aa39-2d2a-459c-a555-fb48ba993373
1,Island,,1ff6acc9-581c-468f-894d-41f725da7f33,0,,Blue,,Land,Island,Basic,b2c6aa39-2d2a-459c-a555-fb48ba993373
1,Island,,937b3d7d-decb-4e17-998a-6def3f2c97a2,0,,Blue,,Land,Island,Basic,b2c6aa39-2d2a-459c-a555-fb48ba993373
1,Island,,12ebd9c8-6587-456e-aba9-7aad1c2a09ea,0,,Blue,,Land,Island,Basic,b2c6aa39-2d2a-459c-a555-fb48ba993373
1,Island,,d894c61a-4062-442e-8ead-5197c3bffd00,0,,Blue,,Land,Island,Basic,b2c6aa39-2d2a-459c-a555-fb48ba993373
27,Island,,0e443748-edf1-4499-9507-3649dd57ee95,0,,Blue,,Land,Island,Basic,b2c6aa39-2d2a-459c-a555-fb48ba993373
27,Island,,9b0bfe70-e584-42f2-9a32-984c17ba6d1a,0,,Blue,,Land,Island,Basic,b2c6aa39-2d2a-459c-a555-fb48ba993373
26,Island,,1d8ff00f-62cc-4f71-b360-865ab2ac2599,0,,Blue,,Land,Island,Basic,b2c6aa39-2d2a-459c-a555-fb48ba993373
1,Island,,dd5b22ec-847a-46bd-828e-be6059b4faec,0,,Blue,,Land,Island,Basic,b2c6aa39-2d2a-459c-a555-fb48ba993373
7,Island,,0a4717cd-f9a7-4386-9091-d25218e23d79,0,,Blue,,Land,Island,Basic,b2c6aa39-2d2a-459c-a555-fb48ba993373
8,Island,,0830bbcf-ee78-4f8a-bc6c-547be3a9fc4c,0,,Blue,,Land,Island,Basic,b2c6aa39-2d2a-459c-a555-fb48ba993373
8,Island,,a735e9b5-1231-4aa9-9eb3-c83037b849f2,0,,Blue,,Land,Island,Basic,b2c6aa39-2d2a-459c-a555-fb48ba993373
7,Island,,a2e22347-f0cb-4cfd-88a3-4f46a16e4946,0,,Blue,,Land,Island,Basic,b2c6aa39-2d2a-459c-a555-fb48ba993373
7,Island,,a2e22347-f0cb-4cfd-88a3-4f46a16e4946,0,,Blue,,Land,Island,Basic,b2c6aa39-2d2a-459c-a555-fb48ba993373
1,Island,,d59cb0b5-fd4f-4dde-a69f-7ca6aa12b89f,0,,Blue,,Land,Island,Basic,b2c6aa39-2d2a-459c-a555-fb48ba993373
1,Island,,14fcdc57-12e2-429b-8916-4df752e462d4,0,,Blue,,Land,Island,Basic,b2c6aa39-2d2a-459c-a555-fb48ba993373
1,Island,,df18762d-9980-4344-9d4f-e9d2cd8e0456,0,,Blue,,Land,Island,Basic,b2c6aa39-2d2a-459c-a555-fb48ba993373
1,Island,,8fee8302-39ca-43c3-b139-62e591559306,0,,Blue,,Land,Island,Basic,b2c6aa39-2d2a-459c-a555-fb48ba993373
1,Island,,338e5b63-1fee-4a7c-af9b-483d383f79b7,0,,Blue,,Land,Island,Basic,b2c6aa39-2d2a-459c-a555-fb48ba993373
3,Island,,2ef2c956-cf03-462c-8981-ae80edfc0c5a,0,,Blue,,Land,Island,Basic,b2c6aa39-2d2a-459c-a555-fb48ba993373
4,Island,,0f66d573-5da4-4b3c-ab06-bb330cff2c9a,0,,Blue,,Land,Island,Basic,b2c6aa39-2d2a-459c-a555-fb48ba993373
4,Island,,f82b281f-d3c7-4eb8-9a10-b4808ca6cfcd,0,,Blue,,Land,Island,Basic,b2c6aa39-2d2a-459c-a555-fb48ba993373
3,Island,,0600d6d5-f6a1-47c3-a898-733fab10bbf5,0,,Blue,,Land,Island,Basic,b2c6aa39-2d2a-459c-a555-fb48ba993373
4,Island,,017fb3fc-433e-4853-bbac-99fa04b40233,0,,Blue,,Land,Island,Basic,b2c6aa39-2d2a-459c-a555-fb48ba993373
4,Island,,fc9a66a1-367c-4035-a22e-00fab55be5a0,0,,Blue,,Land,Island,Basic,b2c6aa39-2d2a-459c-a555-fb48ba993373
3,Island,,f3448b8b-8baf-492a-a1d6-4bb676c43cab,0,,Blue,,Land,Island,Basic,b2c6aa39-2d2a-459c-a555-fb48ba993373
3,Island,,9db3bac6-81c9-4bb5-aca6-371cec8efa0d,0,,Blue,,Land,Island,Basic,b2c6aa39-2d2a-459c-a555-fb48ba993373
3,Island,,c8a516f8-861b-4c3b-9d9b-0adc04ec689f,0,,Blue,,Land,Island,Basic,b2c6aa39-2d2a-459c-a555-fb48ba993373
4,Island,,fe7f4393-38f9-43b5-873b-58246183b874,0,,Blue,,Land,Island,Basic,b2c6aa39-2d2a-459c-a555-fb48ba993373
8,Island,,e3a0c382-23c4-44a5-a689-1f65fed388b7,0,,Blue,,Land,Island,Basic,b2c6aa39-2d2a-459c-a555-fb48ba993373
6,Island,,42044efb-b6a8-46c3-90dc-b7a745e819e5,0,,Blue,,Land,Island,Basic,b2c6aa39-2d2a-459c-a555-fb48ba993373
6,Island,,54c33392-c382-4e8b-812e-8b2c64cdbe8e,0,,Blue,,Land,Island,Basic,b2c6aa39-2d2a-459c-a555-fb48ba993373
6,Island,,91890c11-b139-474d-b12d-6afd6b7e6aee,0,,Blue,,Land,Island,Basic,b2c6aa39-2d2a-459c-a555-fb48ba993373
1,Isolated Chapel,,377487dd-d72a-4169-bfe1-29e36c3e3d1f,0,,"White,Black",,Land,,,7e5d9efe-48a9-434b-bb09-056e0e09cc9a
2,It'll Quench Ya!,,47c25e41-f43c-4447-81b5-b9631448bd29,2,Blue,Blue,{1}{U},Instant,Lesson,,cb184995-700f-4900-994a-4ce7fd12f942
1,Ivy Lane Denizen,,b95be874-93c0-4e05-9e5a-fe8f38bcb445,4,Green,Green,{3}{G},Creature,"Warrior,Elf",,a5da5ad6-4ed2-4041-a983-76a8c87fa109
1,Izzet Boilerworks,,af8535f9-463e-4963-94db-db0e22605275,0,,"Blue,Red",,Land,,,1cb9d94a-3039-4f2e-8fcc-6996f9a45f74
1,Izzet Boilerworks,,666f455e-3a3d-475d-b67a-a1fdd74820eb,0,,"Blue,Red",,Land,,,1cb9d94a-3039-4f2e-8fcc-6996f9a45f74
1,Izzet Charm,,1e3a5af6-5423-442b-a207-364e97a871d8,2,"Red,Blue","Blue,Red",{U}{R},Instant,,,a07698f6-5ad5-49a3-9da2-f82d407f5cd7
1,Izzet Guildgate,,2055a83a-99c8-4808-90b9-1c2fdcda79b4,0,,"Blue,Red",,Land,Gate,,bf75a3d1-f184-4b48-a913-21caee1db084
1,Izzet Signet,,f823be95-bef4-4e86-a924-239be62394bf,2,,"Blue,Red",{2},Artifact,,,2fda4fe7-8b0c-489c-a000-6d358e614e34
1,Izzet Signet,,8f4f9cb2-4003-4588-af80-d47ec57f65f4,2,,"Blue,Red",{2},Artifact,,,2fda4fe7-8b0c-489c-a000-6d358e614e34
1,"Jackal, Genius Geneticist",,c0ab07d6-b7c3-4129-9aef-cfdcfabec4b2,2,"Green,Blue","Blue,Green",{G}{U},Creature,"Human,Scientist,Villain",Legendary,5998f07e-01f9-4d02-94dd-867c7166463f
1,Jackhammer,,d74ba9fe-2dcb-4da7-ba64-cd932edb5b24,2,Red,Red,{1}{R},Artifact,Equipment,,f73d89ec-05c9-4998-a24b-bc675b04ec16
1,"Jadar, Ghoulcaller of Nephalia",,f29ec5be-501c-4a5d-8b2a-f974c6cf06c6,2,Black,Black,{1}{B},Creature,"Human,Wizard",Legendary,fb3defc0-c93a-4423-9ff9-c399f8a8ef1f
1,Jaddi Offshoot,,aca704d5-b6e0-4726-8856-0b3a6732bbd8,1,Green,Green,{G},Creature,Plant,,20faefbd-059c-4aae-81e3-31683bf9f7bf
1,"Jadzi, Oracle of Arcavios // Journey to the Oracle",,d7148d24-373e-4485-860b-c3429c2337f2,8,"Green,Blue","Blue,Green",,Creature,"Human,Wizard",Legendary,ca79cd3f-13ba-4d11-b885-48a504ae69aa
1,"Jadzi, Steward of Fate // Oracle's Gift",,a95b6baf-01e6-49c3-9a26-394b127d53c3,3,Blue,Blue,{2}{U} // {X}{X}{U},Creature,"Human,Wizard",Legendary,c63b3511-d597-4c6e-9094-eabdeaa8a394
1,Jaheira's Respite,,1b0a6836-6b45-4528-85bd-1de8b28ab4d8,5,Green,Green,{4}{G},Instant,,,1c19b04d-b307-4f70-b89e-af306374b9db
1,Jailbreak Scheme,,a4be8e47-9006-4770-8d99-68a684064a43,1,Blue,Blue,{U},Sorcery,,,bc7f39e1-97bf-4725-a84a-2a04121530c6
1,"Jalira, Master Polymorphist",,425da4aa-4374-41b0-a665-568a04f57c38,4,Blue,Blue,{3}{U},Creature,"Human,Wizard",Legendary,62ad15f1-ee51-4991-8e52-06a3cbd8f395
1,Jalum Tome,,4424870a-1192-41a0-be00-86e24b7f7a06,3,,,{3},Artifact,Book,,32d9fd98-142b-41d2-b8f0-40ae1d4cb991
1,"Jarad, Golgari Lich Lord",,6870b355-e53d-4fa2-887b-0f0445bcd9c5,4,"Green,Black","Black,Green",{B}{B}{G}{G},Creature,"Elf,Zombie",Legendary,87e65e36-9483-49fe-b644-2caca092107f
1,Jasmine Dragon Tea Shop,,da2c83d4-a95f-47ff-a08f-694eb78d6b9b,0,,,,Land,,,d9a24444-289f-473f-9985-8df275257555
1,"Jeong Jeong, the Deserter",,a9f63d3b-bee5-48bc-8b04-d8b24b0bda6e,3,Red,Red,{2}{R},Creature,"Human,Ally,Rebel",Legendary,2158c73d-421b-4c94-af06-dd89cb8d3126
1,Jeskai Ascendancy,,ca9c2522-5606-4bbd-863d-f0ab0a612b4e,3,"White,Red,Blue","White,Blue,Red",{U}{R}{W},Enchantment,,,c3c802ba-dfbb-4f63-ae9a-e29c2e30013d
1,Jeskai Brushmaster,,2eb06c36-cf7e-47a9-819e-adfc54284153,4,"White,Red,Blue","White,Blue,Red",{1}{U}{R}{W},Creature,"Monk,Orc",,eff690a7-c2c7-4750-894c-0667d3151165
1,Jeskai Monument,,d0193ad6-39b7-4558-bd3e-36f809332ea2,2,,"White,Blue,Red",{2},Artifact,,,0b2b7d04-73f3-43f6-86e0-fa00cbbc6469
1,"Jet, Freedom Fighter",,9202c044-15e4-4218-a94d-16287ba19d69,5,"White,Red","White,Red",{2}{R/W}{R/W}{R/W},Creature,"Human,Ally,Rebel",Legendary,77cd2246-6906-4dce-8580-4c9d2e68c477
1,Jet's Brainwashing,,b17e8bdb-4b91-4a9d-bfe1-8a55f0bd040b,1,Red,Red,{R},Sorcery,,,5cca85e0-43e8-4b97-a43b-1b8f23f541d1
1,Jhoira's Familiar,,3718761f-feb1-46c4-aaa3-7e07a3fa72fa,4,,,{4},"Creature,Artifact",Bird,,df4b5f7b-9d83-49b1-bd5e-77d0652eb34c
1,"Jhoira, Weatherlight Captain",,776f490a-2f75-4c18-8164-56bd65bb09c6,4,"Red,Blue","Blue,Red",{2}{U}{R},Creature,"Human,Artificer",Legendary,c803b788-4213-4fab-b841-7e5bbf66088e
1,Joined Researchers // Secret Rendezvous,,1ebaafe0-3a9a-424c-8698-d26e7be45343,2,White,White,{1}{W} // {1}{W}{W},Creature,"Human,Wizard,Cleric",,ec744a2d-4a33-4807-bce0-d95cd5277b1f
1,Join Shields,,91898d8a-589d-43db-8dc4-0ec6a3bd6d49,5,"White,Green","White,Green",{3}{G}{W},Instant,,,1102524d-7287-496f-a18a-5fdae6d4c271
1,Join the Dance,,56b30a99-601b-40b9-b012-30fa4be5fd3c,2,"White,Green","White,Green",{G}{W},Sorcery,,,d8fc015c-7e6d-441d-bbeb-98ca74b21314
1,"Joo Dee, One of Many",,7ae1439f-a0c4-42c2-a4f3-8851defa981e,2,Black,Black,{1}{B},Creature,"Human,Advisor",,4601ed7b-716e-4c89-b733-1eeabe8bf5a2
1,"Judith, the Scourge Diva",,0a742125-730d-4082-bfd8-5feb7733def4,3,"Red,Black","Black,Red",{1}{B}{R},Creature,"Human,Shaman",Legendary,c01516e0-eec3-4370-b935-7674982e8850
1,Juggernaut,,f4468fff-cd6f-428c-b7a0-ff89f5bbea2e,4,,,{4},"Creature,Artifact",Juggernaut,,4ac9116f-36bc-4d71-b696-d6ee064e1d58
1,Juggernaut,,211ba3e4-8979-4dd1-b1a0-1d8a19969349,4,,,{4},"Creature,Artifact",Juggernaut,,4ac9116f-36bc-4d71-b696-d6ee064e1d58
1,Jukai Naturalist,,07ff517f-5c31-46e9-9efb-52bc9ec9298d,2,"White,Green","White,Green",{G}{W},"Creature,Enchantment","Human,Monk",,c4d1a78f-0cca-4042-862c-8f322ee25d50
1,Jump Scare,,a2dd8903-31ca-470d-b2ff-280f6d40c794,1,White,White,{W},Instant,,,783aab37-3ec3-478f-a4fa-cccdfffbae18
1,Jund Panorama,,bb3f7107-acee-4369-b217-164ae9b79ed9,0,,,,Land,,,f39f33ac-074d-442d-ae4c-1d694ee315f3
1,"June, Bounty Hunter",,148bbaab-bc7b-46ab-8e18-ade69d71d847,2,Black,Black,{1}{B},Creature,"Human,Mercenary",Legendary,1779869a-5e54-4ab5-86b8-d4d20e2e1ba4
1,Jungle Hollow,,deadca61-0be9-4eeb-ba12-bc73a49bae74,0,,"Black,Green",,Land,,,6de714e1-446d-4fb9-9e3d-bcd3ec6af9ca
1,Junk Diver,,6b5d53cb-bf80-43b0-b839-b11a64ff4c1b,3,,,{3},"Creature,Artifact",Bird,,08c595da-9305-42a9-b72f-5ccc546edc01
1,Junk Winder,,66b7833a-a6b6-4aca-b574-66a6aea471ea,7,Blue,Blue,{5}{U}{U},Creature,Serpent,,5b677e88-bcc9-4a55-9c89-8bbd0e2344dc
1,Jwari Disruption // Jwari Ruins,,301750a7-d1fd-435e-bfa8-9d2fb22ad627,2,Blue,Blue,,Instant,,,941a4b14-ea2a-4bd0-8cc2-d609f80df32c
1,"Kambal, Consul of Allocation",,49d61ddb-2662-427c-a97d-21e41b86130d,3,"White,Black","White,Black",{1}{W}{B},Creature,"Human,Advisor",Legendary,4987c458-604a-4727-b360-170616e91e67
1,Kami of Industry,,d3d00e61-3007-43da-960b-823e9ead2acf,5,Red,Red,{4}{R},Creature,Spirit,,b308fa9a-3f69-4e59-9d4b-8007d9a2b1f1
1,Kami of Transience,,7d038a59-e589-45f4-b5ef-6d2f9875d560,2,Green,Green,{1}{G},Creature,Spirit,,7baffe00-78a4-4675-9c74-29eb3882bd01
1,Kami of Whispered Hopes,,5c644650-3861-4a78-9e39-a413b073ddac,3,Green,Green,{2}{G},Creature,Spirit,,f122624f-f30d-444e-a62a-939829241045
1,Kappa Cannoneer,,99cd996f-be74-4dbb-9460-6d650cedfca6,6,Blue,Blue,{5}{U},"Creature,Artifact","Warrior,Turtle",,7fffbe7f-ad78-4bb6-a611-c37e495c6ee0
1,Karametra's Blessing,,88c8e4dc-5378-48d6-85b2-f5ea9ec7cf36,1,White,White,{W},Instant,,,d553ae4d-b2a9-47eb-8c2e-ffab8cc31b26
1,"Kardur, Doomscourge",,bfc779ac-a418-4cd0-aa73-8d0d91d51f1c,4,"Red,Black","Black,Red",{2}{B}{R},Creature,"Demon,Berserker",Legendary,bc14356c-3a1a-47af-9a6e-2b449de0331f
2,Karfell Kennel-Master,,f670c380-6faa-42ec-ab41-6be8137169b2,5,Black,Black,{4}{B},Creature,"Zombie,Berserker",,2cde1ca7-d126-4d3a-82a6-0acfd7c85cdb
9,Kargan Dragonrider,,34750304-c536-47d4-922d-a3654c37ffbc,2,Red,Red,{1}{R},Creature,"Human,Warrior",,df366871-8ed7-4183-8b0c-414ca361a711
1,Karmic Guide,,b26d50dd-54a1-43ce-9884-3999f698d97b,5,White,White,{3}{W}{W},Creature,"Angel,Spirit",,8c31fec9-e4b3-4761-990e-7be38eb05604
1,Karn's Temporal Sundering,,7a64c1a4-02ce-49d2-97f2-970b8c33672d,6,Blue,Blue,{4}{U}{U},Sorcery,,Legendary,5afbd367-19c7-418f-994d-a7958fb1c4ae
1,Karplusan Forest,,2b45e8e8-4484-4c62-b507-5edb98d77f54,0,,"Red,Green",,Land,,,bd912666-f37f-4767-af6f-9e6d0fcccacf
2,Kaslem's Stonetree // Kaslem's Strider,,78b1b412-228a-4e05-a4b3-8159ebf54dc6,3,Green,Green,,Artifact,,,1ac3e4bc-1678-4280-a071-3dbc8ef4a2bf
1,"Katara, Bending Prodigy",,e8372167-383f-4302-a8ea-b6bf495c870c,3,Blue,Blue,{2}{U},Creature,"Human,Warrior,Ally",Legendary,55adde23-c818-40fe-9bba-123de93568a5
1,"Katara, Heroic Healer",,bc2ec498-54eb-41a7-bdf2-8772430e177f,5,White,White,{4}{W},Creature,"Human,Warrior,Ally",Legendary,703032eb-98b3-4ecf-8b92-4f4f1551c5d7
1,"Katara, Seeking Revenge",,a1c3f58b-9323-44ea-93f0-64d5992c5674,4,"Black,Blue","Blue,Black",{3}{U/B},Creature,"Human,Warrior,Ally",Legendary,124cc815-0877-40f2-98c8-e7c4f8cd6598
1,"Katara, the Fearless",,b0a18f8b-7364-4375-b2e1-e2f15978517f,3,"White,Green,Blue","White,Blue,Green",{G}{W}{U},Creature,"Human,Warrior,Ally",Legendary,0972d46e-423b-454e-87c7-a2d40fb6fb6d
1,"Katara, Water Tribe's Hope",,9ec03308-59a2-417a-938f-bdda75080e43,5,"White,Blue","White,Blue",{2}{W}{U}{U},Creature,"Human,Warrior,Ally",Legendary,234fb291-0b62-4092-9071-81311c71bd53
1,"Kaya, Bane of the Dead",,a9b575d3-f3f9-4ff4-8e5c-da7c2ec69882,6,"White,Black","White,Black",{3}{W/B}{W/B}{W/B},Planeswalker,Kaya,Legendary,29d58aa4-9a7e-4052-9b0d-fc282f1be40e
1,"Kaya, Intangible Slayer",,6865b8c7-b260-48e8-a905-64cbf06b7e57,7,"White,Black","White,Black",{3}{W}{W}{B}{B},Planeswalker,Kaya,Legendary,9260ae3d-59bf-4e46-a13e-930754c3f0d2
1,Kaya's Wrath,,5ed140c1-752b-4539-88f2-1fa354049b17,4,"White,Black","White,Black",{W}{W}{B}{B},Sorcery,,,bc8de6c7-c69d-4add-8f25-825d945874f9
1,Kazuul's Fury // Kazuul's Cliffs,,75240bbc-adc7-48ff-9523-c79776d710d3,3,Red,Red,,Instant,,,f8410804-632b-4f18-9a73-6dccc7e4582d
1,"Kazuul, Tyrant of the Cliffs",,721df547-d777-4247-b130-a4e247445b04,5,Red,Red,{3}{R}{R},Creature,"Warrior,Ogre",Legendary,f8bf3d91-cb50-48ce-88c6-cdcb37b64b57
1,"Kediss, Emberclaw Familiar",,f606ebf1-483d-4331-b16a-9fb6f591a39f,2,Red,Red,{1}{R},Creature,"Elemental,Lizard",Legendary,d9c87cc2-943e-49b6-becc-748857549617
1,Keen Duelist,,0446a3df-6f77-4b86-b694-ce99feb3d9ab,2,Black,Black,{1}{B},Creature,"Human,Wizard",,b8602f19-6fc2-43c4-b0c4-2cd11d5dbda2
1,Keep Watch,,6e702ee4-62b5-4d3b-a202-8cac4b84591c,3,Blue,Blue,{2}{U},Instant,,,847b5be5-cb0c-4857-bcd9-c5cfe55fdaeb
1,Keldon Strike Team,,4af4031e-b14e-4568-b047-b3d470d9b18e,3,Red,"White,Red",{2}{R},Creature,"Human,Warrior",,6465f93d-e6bf-4a7b-86f3-5a2376f8b127
1,Kellan's Lightblades,,0cc727a6-f875-49b1-b7a4-67f22fbc3d50,2,White,White,{1}{W},Instant,,,4b803bf2-025a-4bf6-9d3c-a28d714b4781
1,Kemba's Banner,,5e50c148-9f30-4131-8ec1-85e9ba8cafbb,4,White,White,{3}{W},Artifact,Equipment,,bd31c248-8b3f-4fa5-a639-19b0e37b15c3
2,Kenku Artificer,,20f30aca-5055-45f1-9121-e7a5675f07e4,3,Blue,Blue,{2}{U},Creature,"Bird,Artificer",,e262b226-9463-40a9-95b2-fe2c3eafc043
1,Kenrith's Transformation,,6da7cd39-1f8a-4f68-adb7-df2beac02263,2,Green,Green,{1}{G},Enchantment,Aura,,a492a323-df8a-40fd-bff0-50091baa7700
1,Kessig Flamebreather,,04d9b71a-cbe6-4187-8fac-84d8ccd9a9cb,2,Red,Red,{1}{R},Creature,"Human,Shaman",,eadd9559-6dcb-4b96-8c95-58abddd0e120
1,Key to the Side-Door,,898c14a2-d897-4341-83ed-eee666df9648,1,,,{1},Artifact,,,76c036df-44f5-4021-b7fc-656147351341
4,Khalni Garden,,d0704576-951e-4a08-af7e-4edd49576a25,0,,Green,,Land,,,b2d5ba45-8674-4428-89db-c2bbbf0bf5c5
1,Khenra Spellspear // Gitaxian Spellstalker,,dc1454ce-bb49-4b4f-bbca-d77387fa4966,2,"Red,Blue","Blue,Red",,Creature,"Warrior,Jackal",,f08d8fc5-c7fb-4913-92fc-06a0d4311d71
1,Kickoff Celebrations,,4e5590e1-0ac0-4bdd-815b-136bf24ced03,2,Red,Red,{1}{R},Enchantment,,,94868faf-9e88-4221-8db6-3ad10aa02da5
1,Kill Shot,,61b0b9a3-8f50-4fba-9978-409f3369afa6,3,White,White,{2}{W},Instant,,,e1ce32c7-a882-4d3a-9fd6-e5e2943382fb
2,Kill Shot,,61b0b9a3-8f50-4fba-9978-409f3369afa6,3,White,White,{2}{W},Instant,,,e1ce32c7-a882-4d3a-9fd6-e5e2943382fb
1,Kindled Heroism,,22a6d05e-e566-4a85-bcf8-9d0fbea3dd14,1,Red,Red,{R},Instant,,,c1ed20c0-f75d-4aca-8874-6955bd9fb21b
1,Kindlespark Duo,,a839fba3-1b66-4dd1-bf43-9b015b44fc81,3,Red,Red,{2}{R},Creature,"Lizard,Otter",,980cd7d5-a511-49ab-bc52-08b71c65db76
1,King Darien XLVIII,,10eca3b1-f35a-4984-bfc0-818e619b1ece,3,"White,Green","White,Green",{1}{G}{W},Creature,"Human,Soldier",Legendary,e923d956-b036-4789-9311-4763a71fcbf8
1,Kishla Skimmer,,b5f1acb0-d73e-4814-8158-3645daf5c4cc,2,"Green,Blue","Blue,Green",{G}{U},Creature,"Bird,Scout",,a3275d80-112b-4839-a014-e44ef48d2e6b
4,Kitchen Imp,,20c7b777-c002-45c7-b2bb-d21dab591445,4,Black,Black,{3}{B},Creature,Imp,,eaa2ad31-065d-4aa3-a39c-5e491dd59022
1,Kjeldoran Home Guard,,794d16f9-848f-44ca-8e85-d01a58558077,4,White,White,{3}{W},Creature,"Human,Soldier",,5f7ae611-a78d-4535-9d76-755001bda34c
1,Knight,,a0c79cdb-969b-4c3b-8ad0-cbbd359a966b,0,White,White,,"Creature,Token",Knight,,100435fe-ae77-4644-8b4a-4c941bb2067f
1,Knightly Valor,,844b8b36-6c45-445c-92a3-f1058669d66a,5,White,White,{4}{W},Enchantment,Aura,,9ba6cec6-97bf-4a83-9ffa-77e187d0945b
3,Knight of the Keep,,3af21576-3793-4796-ab60-112fbbb5fc0d,3,White,White,{2}{W},Creature,"Human,Knight",,ab1d04ef-5f39-4a95-969e-b0872e6db0d6
1,Knight of Valor,,25aa80ae-bb17-4e52-a269-efe75cf4c041,3,White,White,{2}{W},Creature,"Human,Knight",,f2edb543-de33-4eed-892c-98038eec96e2
1,Knight's Pledge,,734ff6ac-000d-4fc6-b97b-07b9b21f745c,2,White,White,{1}{W},Enchantment,Aura,,63604320-68de-415e-b1f9-dd0f85c5d8a3
1,Knowledge Is Power,,1afe55c3-53c3-4257-afb6-32a553639f50,5,"White,Blue","White,Blue",{3}{W}{U},Enchantment,,,8806ee05-10d5-4492-b672-2f6bcab94be0
1,Kodama's Reach,,8da1bbb5-7884-46a9-962b-cfc9fe35500a,3,Green,Green,{2}{G},Sorcery,Arcane,,1593ea18-2f2f-4ab4-83fb-6ccc0bec8a90
1,Kodama's Reach,,85d207ac-0680-47ef-85d9-4323c1321d6f,3,Green,Green,{2}{G},Sorcery,Arcane,,1593ea18-2f2f-4ab4-83fb-6ccc0bec8a90
1,"Koh, the Face Stealer",,28f6fa32-5058-4c29-9ba8-9d8f2057eb6d,6,Black,Black,{4}{B}{B},Creature,"Spirit,Shapeshifter",Legendary,2bbb33e3-7d03-457c-92bb-b0c943615fa1
1,"Koma, Cosmos Serpent",,b2f23d6f-f2c8-4022-9f46-ba7fda00ef99,7,"Green,Blue","Blue,Green",{3}{G}{G}{U}{U},Creature,Serpent,Legendary,6ba0656f-e0d2-4735-9c66-3a00afa9fc23
1,"Koma, World-Eater",,c3b92caa-3401-4b11-9515-152f3e057c05,7,"Green,Blue","Blue,Green",{3}{G}{G}{U}{U},Creature,Serpent,Legendary,1ebf2142-f171-40cd-8143-15f50084b707
1,Komodo Rhino,,d81fb19f-32f5-46ec-8532-ca24128fb0dc,4,Red,Red,{3}{R},Creature,"Lizard,Rhino",,7fe5cad0-8db8-4cb3-9d61-bda84477654d
4,Kor Skyfisher,,a958971e-5678-4858-b08c-81b5b419fa89,2,White,White,{1}{W},Creature,"Soldier,Kor",,054a0193-861e-4644-ab0a-8aa33407abc8
1,Kor Soldier,,8907c15d-831b-47d5-b2b5-7759876b8f33,0,White,White,,"Creature,Token","Soldier,Kor",,8d8945e4-efa0-4656-8b3c-ddcf86df5190
1,"Koth, Fire of Resistance",,6528e012-4091-4722-b706-c51772676167,4,Red,Red,{2}{R}{R},Planeswalker,Koth,Legendary,2c75b870-263b-41ab-9ece-6e3845bc3d8d
1,Kozilek's Pathfinder,,b75585bd-fdd8-44d1-8c7c-b96df5fc473e,6,,,{6},Creature,Eldrazi,,de5a8edb-c41a-4f3a-9231-c54486ba7739
1,Kozilek's Predator,,fa828bc7-0f5a-45de-9608-da42dda8f3f9,4,Green,Green,{3}{G},Creature,"Eldrazi,Drone",,452ef7d0-1351-40e6-9379-59cd8bb31da5
1,Kozilek's Shrieker,,a384cd5b-2c6c-4969-bb62-a017e2fc9794,3,,Black,{2}{B},Creature,"Eldrazi,Drone",,b2b5683b-f8ea-4af6-b847-953ab4a267c4
1,Kozilek's Unsealing,,e6b44ffe-db9e-4db5-9806-098411c9ece0,3,,Blue,{2}{U},Enchantment,,,bd9d761f-79cc-4082-8375-51af582f1472
1,"Kozilek, the Broken Reality",,04066abb-44d2-4730-9cc3-2584bc4c7d8c,9,,,{9},Creature,Eldrazi,Legendary,39f4bf0e-47d5-4ae8-a504-71acda849850
1,"Kozilek, the Great Distortion",,c41554e7-2a07-4cc7-b01b-44deed08e588,10,,,{8}{C}{C},Creature,Eldrazi,Legendary,4c1c1537-e519-4e2f-9bc2-d34b289d4487
1,"Krang, Master Mind",,d27fa497-e842-4812-80fe-28517544e1c5,8,Blue,Blue,{6}{U}{U},"Creature,Artifact","Warrior,Utrom",Legendary,52562194-4a97-40d2-aa73-7827f7834f2f
1,Krark-Clan Shaman,,975f9ea8-af2c-456f-acd0-ffa9ea0d98c1,1,Red,Red,{R},Creature,"Goblin,Shaman",,198d1792-d638-4760-a476-7ec3af495610
1,"Krenko, Mob Boss",,824b2d73-2151-4e5e-9f05-8f63e2bdcaa9,4,Red,Red,{2}{R}{R},Creature,"Goblin,Warrior",Legendary,68418069-f615-40ef-ae0d-764192acae00
1,Krenko's Command,,84df41e9-e973-4441-b17f-434517134d46,2,Red,Red,{1}{R},Sorcery,,,9cfe86ae-eebe-44aa-a956-4b3e9e621105
1,Krosan Grip,,d3571dee-7b90-4c0c-abc7-59b515ffa129,3,Green,Green,{2}{G},Instant,,,3e39224c-72ce-4ecc-aa17-12c071ea1f3e
1,Kruphix's Insight,,d5d7ab7a-fcb2-44c7-8e99-e627d3ced1ea,3,Green,Green,{2}{G},Sorcery,,,fadfbceb-4392-4e7e-be29-cbf372135d16
1,"Kuja, Genome Sorcerer // Trance Kuja, Fate Defied",,008782d2-72b0-4554-b1ce-2db99969a4d8,4,"Red,Black","Black,Red",,Creature,"Human,Wizard,Mutant",Legendary,3998a60d-9521-4100-8d41-3e612972a3de
1,Kuldotha Cackler,,f7155c42-a824-4bbe-9f7a-fa01e7625fd6,3,Red,Red,{2}{R},Creature,"Hyena,Phyrexian",,e1a41091-6ff1-42bb-b248-90040107efe1
1,"Kutzil, Malamet Exemplar",,c9f88a40-a6ed-4c1f-a309-011aca1acddd,3,"White,Green","White,Green",{1}{G}{W},Creature,"Warrior,Cat",Legendary,3233af43-7826-4895-b67e-03c6102c2cd5
1,"Kykar, Wind's Fury",,7b992166-5906-4b29-bade-91566eba530e,4,"White,Red,Blue","White,Blue,Red",{1}{U}{R}{W},Creature,"Wizard,Bird",Legendary,71a80491-eea2-4661-9446-26a87efbf4a8
1,Kyoshi Village,,8d5f3008-2af8-4e81-8847-1c91f524e747,0,,"White,Green",,Land,,,da81b78b-89fd-4fc1-9395-b5b01b96be70
1,Kyoshi Warrior Guard,,7a2acb28-c0e2-492b-a227-ef49e905e0fb,2,White,White,{1}{W},Creature,"Human,Warrior,Ally",,18fe834f-4417-4df8-a49c-98e9bf2f87d2
1,Kyoshi Warriors,,211045e1-85c7-4088-b830-a2afa0fe520b,4,White,White,{3}{W},Creature,"Human,Warrior,Ally",,b29abb09-75ea-431c-ab60-f2940d002e83
1,Kyoshi Warriors,,211045e1-85c7-4088-b830-a2afa0fe520b,4,White,White,{3}{W},Creature,"Human,Warrior,Ally",,b29abb09-75ea-431c-ab60-f2940d002e83
1,Laboratory Maniac,,608567fd-9f94-4058-831a-77cb6019ef02,3,Blue,Blue,{2}{U},Creature,"Human,Wizard",,aa286dd5-aa19-446d-9003-684d81eb57ca
1,Lae'zel's Acrobatics,,0d102241-4463-437f-b2bb-f574d9dbbd1e,4,White,White,{3}{W},Instant,,,3efe6ac8-f92e-4108-913b-077e41c0a841
1,"Lagomos, Hand of Hatred",,1a6bb0c2-1e3c-48cd-8f10-49f047e0514c,3,"Red,Black","Black,Red",{1}{B}{R},Creature,"Human,Shaman",Legendary,12c98c1e-7e02-473d-b494-ad8a0731fe82
1,Lakeshore Apothecary,,abfbb255-a39b-4df5-bfb6-5298584e89f0,2,Blue,Blue,{1}{U},Creature,"Human,Cleric",,80bcb154-b4be-4bbd-bbc1-b116a59045b7
1,Lakeside Shack,,a9367acd-393a-4966-ba60-af2ecd4e7596,0,,"Blue,Green",,Land,,,c56cd2ec-5907-4282-9162-d93b7dfd63b5
2,Lake-town Lookout,,178c4cf6-6b11-40e4-9673-c560d6818a6b,1,White,White,{W},Creature,"Human,Scout",,cf765efe-884c-48e2-9edb-9d45cf2756dd
1,Lake-town Mariners // Gone Fishing,,4202a678-a5f4-47f9-9c18-e88ab9ad20a4,6,Blue,Blue,{4}{U}{U} // {3}{U},Creature,"Human,Citizen",,dba1d231-6b03-44ad-ab8c-be0c8fe1b6db
1,Lake-town Toymaker,,67304269-c595-4cf0-8dbf-fcb2e9e01fe2,4,White,White,{3}{W},Creature,"Human,Artificer",,0f208cd3-7673-4380-9cb8-5b6f09966ebd
3,Lambholt Harrier,,e2a732ca-cd68-465f-8e44-783e1fe34e44,2,Red,Red,{1}{R},Creature,Wolf,,84c7d60a-7a7a-4344-8db5-d658792e3ac4
1,"Landroval, Horizon Witness",,5684483b-9a6a-499b-a5e1-e2815ee03cdb,5,White,White,{4}{W},Creature,"Bird,Noble",Legendary,467c9fe6-d1d3-4242-bc0c-e522b4f21d56
1,Landscaper Colos,,f45a9e86-133e-4626-a239-73ef88d9ae12,6,White,White,{5}{W},Creature,"Beast,Goat",,144bef8b-3583-4e98-9285-a1965e7e17f8
1,Languish,,d3593efa-0a05-4061-9f6e-edd0a5ca9a1f,4,Black,Black,{2}{B}{B},Sorcery,,,ef1a83f2-6707-41a2-b5ed-861c8e45ae07
1,Lashwrithe,,de21d433-5c2c-49c0-80d1-bf6e8471f9d4,4,,Black,{4},Artifact,Equipment,,066ba81e-b32d-4808-97ab-0b5f52d557e4
1,Lat-Nam Adept,,74a90409-d651-4052-aa9b-3cb87f98da35,4,Blue,Blue,{3}{U},Creature,"Human,Wizard",,0d5a1870-6d26-47e7-a86c-f3ff15cb0707
1,Lat-Nam Adept,,a1e088de-e99f-4706-89e0-a7efdaf9403a,4,Blue,Blue,{3}{U},Creature,"Human,Wizard",,0d5a1870-6d26-47e7-a86c-f3ff15cb0707
1,Lava Axe,,1a28a286-3ea0-4760-bcc4-c7e8299c298e,5,Red,Red,{4}{R},Sorcery,,,387b6b07-a283-412d-94c3-f7f1dc76e858
2,Lavaspur Boots,,e50709de-e6ef-4dbc-af1e-290fed279f34,1,,,{1},Artifact,Equipment,,63bfb9ca-d9d5-4c17-be39-82eb115bc20c
1,Lay of the Land,,3bb3410b-d6c3-4e42-b3c9-fb557f9a16f0,1,Green,Green,{G},Sorcery,,,cedc52eb-66a6-4b43-87f1-9bb9f4d4871e
1,Leadership Vacuum,,4fa953a9-171c-4532-a352-40ce27eed3c4,3,Blue,Blue,{2}{U},Instant,,,5f9dd005-1648-451e-b888-69ef81331c95
1,Leadership Vacuum,,4fa953a9-171c-4532-a352-40ce27eed3c4,3,Blue,Blue,{2}{U},Instant,,,5f9dd005-1648-451e-b888-69ef81331c95
1,Lead Pipe,,87f69249-c6e4-40c1-9870-b9c45ce24c39,1,Black,Black,{B},Artifact,"Equipment,Clue",,ed2ef95e-8851-4226-9c63-4c19ea323b82
1,Leaf Gilder,,99f0c9b4-9b79-4e61-8386-a36b26d9963c,2,Green,Green,{1}{G},Creature,"Elf,Druid",,61324e37-4b79-4325-bf46-621b4270afe2
1,Leech Collector // Bloodletting,,c715fe4c-c0e7-4342-811f-b74687851097,2,Black,Black,{1}{B} // {B},Creature,"Human,Warlock",,84bb960c-c34e-4979-8c0f-893c85cee27d
1,Legion Guildmage,,b03423b2-faca-4b2e-8328-8b9b7fdb7ce3,2,"White,Red","White,Red",{R}{W},Creature,"Human,Wizard",,bb33abbe-b43c-4a74-b2db-cce949f0edf2
1,Legion Leadership // Legion Stronghold,,7676abd9-0a3d-4721-b17b-778d2e3c2e25,2,"White,Red","White,Red",,Instant,,,ad225ec2-ff3a-48f6-81a7-dfdd1b75e1f7
1,Legion Loyalty,,11681eae-f5bd-4e78-a980-5ab58db0d9f3,8,White,White,{6}{W}{W},Enchantment,,,24e39d26-6a2b-461e-b194-bda575bcf898
4,Lembas,,3b46aacf-b31a-4380-9e4b-82795fbaba3b,2,,,{2},Artifact,Food,,f71fcdc3-5e96-416e-a49d-37019806e2e2
4,"Leonardo, Big Brother",,e802838f-cc8c-4313-8c3b-32a6a7248e64,3,White,White,{2}{W},Creature,"Mutant,Ninja,Turtle",Legendary,6496eea7-38f5-4428-a379-b08b0eeb5239
1,Lethal Scheme,,0802be9f-686f-4321-afa4-d472241de653,4,Black,Black,{2}{B}{B},Instant,,,c4660b3c-a234-4a3e-83e7-e2fa9d556685
1,Leyline Binding,,b63df6d7-23ba-4659-8e17-1b9c7eacae47,6,White,White,{5}{W},Enchantment,,,b49642f6-20bd-468d-9dac-e578f9ac3091
1,Lich's Caress,,32bd3acd-aa62-4708-9336-e3430fd0e541,5,Black,Black,{3}{B}{B},Sorcery,,,01b3af6d-ab7d-4137-a94a-1cf2cbfd9d44
1,Lich's Mastery,,77f4c9cb-f364-4556-8673-4b19d52a2cff,6,Black,Black,{3}{B}{B}{B},Enchantment,,Legendary,785c306c-471c-4699-8ab2-43c253d569cf
1,Lifeblood Hydra,,2b726c03-07e8-4a9b-bdac-dc50218626a3,3,Green,Green,{X}{G}{G}{G},Creature,Hydra,,b14d05c0-fe10-4079-a90e-0aea1a8fd375
1,Lifespark Spellbomb,,0adde668-67af-4a08-a36a-2a49893ab20d,1,,Green,{1},Artifact,,,3f351696-1402-4b69-b924-f0ba14320287
1,Lifespring Druid,,a3657719-7d4d-46db-a5f4-699ee2032ebe,3,Green,Green,{2}{G},Creature,"Elf,Druid",,165c1b17-2bde-4c96-892d-4a8fdc7a57b7
1,Lifestream's Blessing,,48b4101b-3428-4b6b-818a-6097a093e9b5,6,Green,Green,{4}{G}{G},Instant,,,7cbdba72-ed33-40c6-a9c0-4d65c280a4d0
1,Lightning Bolt,,9521375e-0bc1-45ef-b513-6d332a25f9d2,1,Red,Red,{R},Instant,,,4457ed35-7c10-48c8-9776-456485fdf070
2,Lightning Bolt,,f29ba16f-c8fb-42fe-aabf-87089cb214a7,1,Red,Red,{R},Instant,,,4457ed35-7c10-48c8-9776-456485fdf070
2,Lightning Bolt,,c69f668b-cf28-495a-bbe1-24e9d0089fa1,1,Red,Red,{R},Instant,,,4457ed35-7c10-48c8-9776-456485fdf070
1,Lightning Reflexes,,9653f159-3f56-4446-bb6d-b4b4ee0cd61d,2,Red,Red,{1}{R},Enchantment,Aura,,2b0c82f1-078a-4e8b-8e43-407f5c5d8549
1,Lightning Strike,,88b13bc0-da54-4c3b-917c-7c8345a329f5,2,Red,Red,{1}{R},Instant,,,f34b9bc4-7bfe-47fd-ba23-4eeeb46026eb
1,Lightning Strike,,5787b0e0-9469-4a6d-8b81-c992628e28c0,2,Red,Red,{1}{R},Instant,,,f34b9bc4-7bfe-47fd-ba23-4eeeb46026eb
1,Lightning Strike,,30077b49-b825-4dbb-a0c7-f3992f647df0,2,Red,Red,{1}{R},Instant,,,f34b9bc4-7bfe-47fd-ba23-4eeeb46026eb
4,Lightning Strike,,084b7337-c06f-4cbf-8fc0-0b20c221f1dc,2,Red,Red,{1}{R},Instant,,,f34b9bc4-7bfe-47fd-ba23-4eeeb46026eb
1,Light Up the Stage,,912b94c9-7200-452d-940f-df0a7cceb377,3,Red,Red,{2}{R},Sorcery,,,8d286376-f386-43ab-a9bd-8478fb9e2497
1,Liliana's Standard Bearer,,3dc48b87-62cb-48f6-8979-e6fb98717b52,3,Black,Black,{2}{B},Creature,"Knight,Zombie",,7b600c0e-5ad2-48a2-a147-346ca78c8629
1,Lion Vulture,,ae735220-413d-4309-8e31-38ff27ead5ee,4,Black,Black,{3}{B},Creature,"Bird,Cat",,169d24f3-a308-4a2e-ae25-85dae448994e
1,Liquimetal Coating,,43ec9201-06e7-4a70-8dcf-7462a019965d,2,,,{2},Artifact,,,f4bdc551-c2eb-4a34-a3e3-b4a017c925af
1,"Lita, Mechanical Engineer",,e9211079-9499-4443-8cb9-4c2bb2849994,3,White,White,{2}{W},"Creature,Artifact",Artificer,Legendary,715cb547-726f-4bc8-ad46-297d4dccb881
1,Little Bear,,8a50858a-33b5-4c45-9c31-5956ae5a33a6,3,Green,Green,{2}{G},Creature,Bear,,53c6c6bf-0256-424d-b937-1cc7d9e2d574
1,Living Death,,9e03a4fe-6ee5-423b-bc05-452e8d14507b,5,Black,Black,{3}{B}{B},Sorcery,,,9e6a3df4-67a3-452e-a6ef-f04dbadb21ef
1,Living Twister,,d2f5e2c4-7a58-4666-b28f-d8e459547724,3,"Green,Red","Red,Green",{R}{R}{G},Creature,Elemental,,206f7eaf-1e0b-48ea-9c40-38902e109e4f
4,Llanowar Elves,,73542493-cd0b-4bb7-a5b8-8f889c76e4d6,1,Green,Green,{G},Creature,"Elf,Druid",,68954295-54e3-4303-a6bc-fc4547a4e3a3
1,Llanowar Elves,,a6971b0a-274c-444c-aea8-5e114b4aecdd,1,Green,Green,{G},Creature,"Elf,Druid",,68954295-54e3-4303-a6bc-fc4547a4e3a3
1,Llanowar Greenwidow,,81f90e4d-f60f-4175-830f-c2ce04c5a945,3,Green,Green,{2}{G},Creature,Spider,,23391456-5dfd-4402-88fa-3b08f5e23864
1,Llanowar Scout,,c8026d80-2e91-46f9-ae97-1f137848236c,2,Green,Green,{1}{G},Creature,"Elf,Scout",,3bdc9211-8eff-4b30-8d6f-d26f4087f77f
1,Llanowar Wastes,,9cb4ae53-8a0d-4eaf-900a-1ee6ec20a5df,0,,"Black,Green",,Land,,,32116127-cf96-4a1b-8896-a1ebc087b597
1,Loan Shark,,49f12760-ff07-4c9f-a7a9-1e64bd3a9adf,4,Blue,Blue,{3}{U},Creature,"Rogue,Shark",,15030c1d-7c0a-4273-a022-eb98d6c7a1ce
1,Logic Knot,,4e946be1-4ed6-4e2c-9782-3f630f8a8e1f,2,Blue,Blue,{X}{U}{U},Instant,,,b2da7acb-d80c-414c-9f7d-753a5d6ccad9
1,Lonely Arroyo,,4b778b63-e5fc-4d63-a93b-4372f32cade2,0,,"White,Blue",,Land,Desert,,36508a8a-d1a4-400e-bfda-09436bc4d5d4
2,Long-Bodied Grey Dog,,d1a1e520-1fe2-4529-8afb-c187bb80da3c,3,,,{3},Creature,Dog,,6f83da19-fd89-44ec-88f3-0c3fddfbd1b2
1,"Long Feng, Grand Secretariat",,a3eb92fe-bc59-4472-9028-f368bd015609,3,"Green,Black","Black,Green",{1}{B/G}{B/G},Creature,"Human,Advisor",Legendary,9bf9fe83-b0df-4ef8-ac54-c0d223d4e410
1,Long Lake Nuisance,,cd5af94d-6321-4834-8e5f-e5d0261b3ef3,4,Blue,Blue,{3}{U},Creature,Bird,,a833fdf1-db0c-4846-8452-d3b2059c2355
1,Looter il-Kor,,368ee06f-9021-4b65-9f53-9c326bf3a27f,2,Blue,Blue,{1}{U},Creature,"Rogue,Kor",,c87e3b1d-2d24-4f1c-84e8-1c21a347cdc2
1,Loran of the Third Path,,9e83a0ef-4fea-45ba-86c0-130d6687f7fe,3,White,White,{2}{W},Creature,"Human,Artificer",Legendary,b3d81980-76f2-44e2-b1c9-01e30c726312
1,Loran's Escape,,3765610d-a0c1-4de9-a81b-ffa3eb06454b,1,White,White,{W},Instant,,,1a9048d6-f3fa-4f3b-9baa-35318177bc6e
1,Lord of Extinction,,4aaf4d64-b5ef-44ae-b25a-7a5ea8f72170,5,"Green,Black","Black,Green",{3}{B}{G},Creature,Elemental,,ea5e3401-bd6c-47bb-a52a-8eec5f09455d
1,Lorehold Charm,,5fe70295-e550-4577-a341-dab6c25aabfd,2,"White,Red","White,Red",{R}{W},Instant,,,a5729f11-6cde-4830-b882-ab4c5251c1a9
2,Lórien Revealed,,0ce44270-a684-4489-9077-521456e6dfaa,5,Blue,Blue,{3}{U}{U},Sorcery,,,66f28905-c7fc-4ada-8fa0-199626d9bedb
1,Lost in the Spirit World,,88745474-d8e7-407e-80df-02541ad1ab0b,3,Blue,Blue,{2}{U},Sorcery,,,a37adc18-ea11-4972-8d04-936cf3fe2613
3,Lotleth Giant,,09237f1b-eff6-45bf-bd7d-a883deda122a,7,Black,Black,{6}{B},Creature,"Zombie,Giant",,5e0bd136-e7e9-49f0-910b-a9fb0b9c481a
1,Lotleth Giant,,09237f1b-eff6-45bf-bd7d-a883deda122a,7,Black,Black,{6}{B},Creature,"Zombie,Giant",,5e0bd136-e7e9-49f0-910b-a9fb0b9c481a
1,Lotus Blossom,,c5b92fd6-e3a7-4d50-b94f-1508a830b799,2,,,{2},Artifact,,,32e66ea0-5f35-4df8-8d00-580403c51bb5
1,Lowland Oaf,,cdaa7f6a-9639-4bee-aa12-20054d7975d5,4,Red,Red,{3}{R},Creature,"Warrior,Giant",,c14f973e-b2b0-4d22-87f6-c37f7eb92864
2,Loxodon Line Breaker,,928d4250-c379-4134-a263-7811c80a8760,3,White,White,{2}{W},Creature,"Soldier,Elephant",,57f0f55d-4cf9-4a35-96dd-05c24c2a9a4f
1,Loyal Fire Sage,,1126b572-1cac-44aa-8fec-e2c72a9fea47,3,Red,Red,{2}{R},Creature,"Human,Cleric,Ally",,0c052420-2d8b-4bbf-8197-b8a36e7208c9
1,Loyal Pegasus,,7cae7971-953b-454a-84dd-ae2974946da9,1,White,White,{W},Creature,Pegasus,,3b7b862a-7edd-4e96-b4b9-f7113b4c93f9
1,Lumbering Worldwagon,,9f989c59-7b2a-4036-9ea2-cd0c7e85c15b,3,Green,Green,{2}{G},Artifact,Vehicle,,7e60a641-1f2d-45ff-b3f2-d389be938b22
1,Luminous Bonds,,9db10390-725e-40f5-885b-a433e7b46f52,3,White,White,{2}{W},Enchantment,Aura,,2c006a63-0550-4a87-a5fe-f4247857271c
1,Lunarch Veteran // Luminous Phantom,,d2704743-2e23-40b9-a367-c73d2db45afc,1,White,White,,Creature,"Human,Cleric",,0761a0e7-d443-4bab-bb15-307c83d4a6a1
1,Lush Oasis,,ba0932e2-30da-478d-b295-40db01556eb0,0,,"Blue,Green",,Land,Desert,,b6a965eb-cffb-41c1-925a-7cf3e8e2f248
1,Mace of the Valiant,,6c141ed6-02ee-49c4-98af-938ebcefb2f5,3,White,White,{2}{W},Artifact,Equipment,,881c3dd4-49df-48c3-b514-509990332e25
1,Machinesmith Automaton,,802e663e-9529-46da-8af4-eb9ca07971b1,3,Red,Red,{2}{R},"Creature,Artifact","Villain,Robot",,945e8443-9647-4eab-b091-ee8e7bc347f5
1,Maestros Theater,,51eb4a44-a5c8-49ed-b440-2462626bb638,0,,,,Land,,,9464ddf2-4bcb-44f6-b945-89a132544de6
1,Magebane Lizard,,62e12566-375f-4f31-aa91-1b13a96d9ece,2,Red,Red,{1}{R},Creature,Lizard,,0c38f159-367b-4e4b-94cd-bf1b0721c3a8
1,Mage's Attendant,,0cce08e8-340b-4a67-9884-4cbf01d63790,3,White,White,{2}{W},Creature,"Rogue,Cat",,94b1e7ed-87f3-44e6-bf34-186dd9a1a0d1
1,Mage Tower Referee,,1ceb704a-97a8-49f9-b799-30f001404144,2,,,{2},"Creature,Artifact",Construct,,3f27988b-0863-4cc1-8eb9-83bd0cd8561c
1,Magnificent End,,430c8916-1167-400b-9cad-d301f59d5e5d,5,White,White,{4}{W},Instant,,,82bdf9cb-61fe-4eaf-8762-c32002403d96
1,Magnifying Glass,,c606a71f-8fb0-486b-955f-727ebf436946,3,,,{3},Artifact,,,f2ce9e55-07c0-4f36-a59e-127693fc0f62
1,Magus of the Order,,a93e5fa9-cfe3-487b-af77-0dbf6c68ee04,4,Green,Green,{2}{G}{G},Creature,"Human,Wizard",,ff922641-142a-4774-be3e-36a5183fce2b
1,Magus of the Wheel,,0e952dd9-ef09-40f0-993f-eb3a1516616a,3,Red,Red,{2}{R},Creature,"Human,Wizard",,df13dafb-f82e-42ac-b6dc-efe82af5db58
1,"Mai, Jaded Edge",,732e6bc9-0798-4c00-aea0-5ef4298b45f5,2,Red,Red,{1}{R},Creature,"Human,Noble",Legendary,b5029f21-e0d6-4f22-9afd-79452de26490
1,"Mai, Scornful Striker",,74dd4c0e-27b8-4c47-b7a6-a281413cd6b4,2,Black,Black,{1}{B},Creature,"Human,Ally,Noble",Legendary,953a2bd3-5bca-41fc-8785-66b2d7fa381a
1,"Maja, Bretagard Protector",,cc3707f1-ed9d-412e-a7be-b6d8b554bd6c,5,"White,Green","White,Green",{2}{G}{W}{W},Creature,"Human,Warrior",Legendary,0a2075b5-9609-433d-bcd2-e0a637456cf8
1,Make a Stand,,38d0d4a3-7ce9-4881-a94b-bac5cbbf4dc0,3,White,White,{2}{W},Instant,,,531f78d5-5004-4b02-99c7-b390cb342fd9
1,Make a Stand,,3a948ef4-145f-4bea-b4af-5daa951b338c,3,White,White,{2}{W},Instant,,,531f78d5-5004-4b02-99c7-b390cb342fd9
1,Makeshift Binding,,e45d2e0c-d70d-40e5-8c3d-db6803393516,3,White,White,{2}{W},Enchantment,,,942f3f06-1df0-40b4-8537-71cbec111852
2,Makeshift Munitions,,60715b6d-b223-431a-85d8-27d7c05469b2,2,Red,Red,{1}{R},Enchantment,,,2421bec6-7647-4684-be61-d1aa951c6b4f
2,Makeshift Munitions,,60715b6d-b223-431a-85d8-27d7c05469b2,2,Red,Red,{1}{R},Enchantment,,,2421bec6-7647-4684-be61-d1aa951c6b4f
1,Make Your Move,,7368f861-3288-4645-90a7-ca35d6da3721,3,White,White,{2}{W},Instant,,,8226f31d-6f51-49c3-87f7-0c68f7f4f9ce
3,Malevolent Rumble,,a178cfe8-f9fa-4255-88d0-54a0bed079f5,2,Green,Green,{1}{G},Sorcery,,,d30d8968-ec24-4155-97e2-28efd52c8810
1,Malevolent Rumble,,a178cfe8-f9fa-4255-88d0-54a0bed079f5,2,Green,Green,{1}{G},Sorcery,,,d30d8968-ec24-4155-97e2-28efd52c8810
1,Mammoth Spider,,1ee9bca2-1195-4bd0-aa5c-16b3726a8ff2,5,Green,Green,{4}{G},Creature,Spider,,df77cb98-e3c6-4927-99d5-c3380641f356
1,Manabarbs,,adf081d5-e644-4f46-8bc8-a754b089acb4,4,Red,Red,{3}{R},Enchantment,,,0f1afedd-c60f-454f-b84a-c8117aec0128
1,Mana Bloom,,d7592d88-64e8-4a31-b00a-f65d4b1867fc,1,Green,Green,{X}{G},Enchantment,,,7c699180-d18e-4599-acd1-27b951d82136
1,Mana Geyser,,32cd847e-a247-4f6e-95ea-316e7535e6fb,5,Red,Red,{3}{R}{R},Sorcery,,,a8dba58b-2956-492e-ae30-49db2ae68e53
1,Managorger Hydra,,1a08e5ab-1ff9-4470-ab28-fea19bb79845,3,Green,Green,{2}{G},Creature,Hydra,,b3f2265b-dd65-4b74-8b74-35ee0b147617
2,Mana Leak,,217da74b-f139-4e62-8d91-34cadb678535,2,Blue,Blue,{1}{U},Instant,,,c61fe162-2202-4e56-9ba0-393547f9875f
1,Mana Tithe,,9ae707d5-d81d-4320-b947-6016dc188898,1,White,White,{W},Instant,,,948217ac-289e-455f-8c7c-519aa75fa345
1,"Mangara, the Diplomat",,9b4e628f-5fc5-4c17-a07d-448d361d7e7c,4,White,White,{3}{W},Creature,"Human,Cleric",Legendary,cbcb6d9a-6ae5-4bcd-8013-2b657553764a
1,Maniacal Rage,,29a51b9b-881f-4f02-b49e-68fcca234161,2,Red,Red,{1}{R},Enchantment,Aura,,b5dbb212-0399-475b-a831-921f7c76cdc4
1,Manifest Dread,,a649265b-6c32-49e7-b6cb-6086c40d26e8,2,Green,Green,{1}{G},Sorcery,,,df5a66d1-61f6-44d9-b464-3ee739e78dce
1,Manifold Insights,,e9c67dc7-dee8-4e62-bf4e-a371f1688975,3,Blue,Blue,{2}{U},Sorcery,,,9c793037-6ba8-400a-b24d-6032141e8dae
1,Manifold Key,,0f5a15cd-a359-48c9-9280-ce139f1fb061,1,,,{1},Artifact,,,370c37f7-2484-40e8-8fd9-c10cf6f5d5f2
2,Many Partings,,d179dbbe-9c79-4dbc-955a-5209a3e2745a,1,Green,Green,{G},Sorcery,,,92ea750e-62b7-4422-a527-ddf435759d08
1,Map the Frontier,,165f4428-e1a1-477d-bd90-138189e88163,4,Green,Green,{3}{G},Sorcery,,,11a46cb6-ab01-4630-9541-782db2ef3b91
1,Marauding Blight-Priest,,730ddbcd-0814-4e22-85e9-78b0878324b6,3,Black,Black,{2}{B},Creature,"Vampire,Cleric",,814b87fe-2a75-4ff2-8637-7e69e3fb285b
1,Marble Diamond,,72125260-f4b7-4317-99f1-cbb78646296d,2,,White,{2},Artifact,,,910488bf-66ab-415e-973b-1262b2ab7454
1,March of the Drowned,,3dfb8ae9-c6ea-4fab-ac9e-b25c62c540c6,1,Black,Black,{B},Sorcery,,,e9e55768-ed62-4998-9922-dbcdeab12aee
1,March of the Returned,,983f7521-16e3-4057-a482-7d86392daa57,4,Black,Black,{3}{B},Sorcery,,,53a40369-0e62-4ad2-a6bd-65a5ff0da65e
1,Marionette Apprentice,,d16f8670-f038-400a-83e7-a53a7f8c47ac,2,Black,Black,{1}{B},Creature,"Human,Artificer",,726d9d2c-736a-4852-9938-a0f50d8fd89f
1,Market Festival,,c3a70329-ecae-4647-b912-75d936a6c8c5,4,Green,Green,{3}{G},Enchantment,Aura,,15c63f9b-d071-4522-b9f0-a1f441a61b81
1,Martial Coup,,75f95e28-8841-4986-b183-d113beacbafa,2,White,White,{X}{W}{W},Sorcery,,,2b7c4dab-e432-4b34-b058-3cec5c0d72df
1,Martial Impetus,,e520fcba-3503-4d7d-aba9-7ed8c064700d,3,White,White,{2}{W},Enchantment,Aura,,c8decfdf-1421-4649-acde-5215e7f08bb9
1,Martyr's Bond,,6eb1c64f-be2c-4033-913d-d8482a169509,6,White,White,{4}{W}{W},Enchantment,,,7de8ffa5-f6e5-4987-b3f8-6d6fc83f8fa8
1,Masked Vandal,,f0a9c72a-e450-41e3-80e5-06f2f1171245,2,Green,Green,{1}{G},Creature,Shapeshifter,,210940f1-3c11-4877-bbfc-2429c03f98ee
1,Mask of Avacyn,,4ff1acce-bed4-452c-8416-06726004f2e8,2,,,{2},Artifact,Equipment,,ab66f8a8-eb3d-4c2d-95e9-26a53c66b237
1,Mask of Memory,,512f8021-aaf3-4b1c-b08c-fe667ce2d8e1,2,,,{2},Artifact,Equipment,,d6b2c998-a226-426c-a40d-6e6007041bfe
1,Massacre Girl,,7cdd99ba-b96c-4808-89fc-ba675c546779,5,Black,Black,{3}{B}{B},Creature,"Human,Assassin",Legendary,63e6cb7d-cc27-4200-85fc-ff6472318c1a
1,Massacre Girl,,be8ec9e1-2c8e-496d-9111-4d453b75b578,5,Black,Black,{3}{B}{B},Creature,"Human,Assassin",Legendary,63e6cb7d-cc27-4200-85fc-ff6472318c1a
1,Massacre Wurm,,fce002dc-5fb5-465b-935e-042121f1119d,6,Black,Black,{3}{B}{B}{B},Creature,"Wurm,Phyrexian",,93cf50cf-0ecc-4d3e-abea-778c1ebacec4
1,Massacre Wurm,,e3185b01-0d91-4927-98e9-bc9df6c20917,6,Black,Black,{3}{B}{B}{B},Creature,"Wurm,Phyrexian",,93cf50cf-0ecc-4d3e-abea-778c1ebacec4
1,Massive Might,,44e32a78-f3ed-470c-a482-d7c022ed4879,1,Green,Green,{G},Instant,,,4f0ec90b-e5a0-49bd-8fa0-9be6ba259a62
1,Mass Manipulation,,782760d7-59cc-4d40-a885-6a7980094fee,4,Blue,Blue,{X}{X}{U}{U}{U}{U},Sorcery,,,68e87559-7cae-4dcf-b7cd-a61f19bcd840
1,Mass Production,,640a08b7-dd30-446e-a8a7-2e084bbb9586,6,White,White,{5}{W},Sorcery,,,20150b58-a442-472c-8191-b44581322eeb
1,Master Chef,,b534b1cb-0cd7-4b8c-bb25-42207fcba209,3,Green,Green,{2}{G},Enchantment,Background,Legendary,9eab87ff-82a0-4655-b6ea-00b27e882449
1,Mastermind's Acquisition,,2f00f09b-a113-460e-ac2f-d3988a83179e,4,Black,Black,{2}{B}{B},Sorcery,,,6aec5b1f-cea6-4ec3-9759-e4544da8c52b
1,Master Pakku,,91e30df5-63f7-4281-8d64-8d522d663652,2,Blue,Blue,{1}{U},Creature,"Human,Advisor,Ally",Legendary,b1727c07-c829-4d64-a1c5-8b53c743888a
2,Master Piandao,,3e4a042c-f2a6-45e7-9444-acd1ca838b87,5,White,White,{4}{W},Creature,"Human,Warrior,Ally",Legendary,e294d9d2-df91-4410-85d3-8ffb13fb2285
1,Master's Councillors,,addcefdd-e012-4adf-9052-e60376a8d2d3,2,Blue,Blue,{1}{U},Creature,"Human,Advisor",,b9079564-5c86-4765-988a-f2334e016fa6
1,Master's Guide-Mural // Master's Manufactory,,f7a41343-7cdb-49aa-a9d1-7460195355d8,5,"White,Blue","White,Blue",,Artifact,,,2dfdd358-e3cd-4bf5-871b-37689b7951e9
1,Masterwork of Ingenuity,,9ea75905-326f-48a9-9144-3ac147b9c2bf,1,,,{1},Artifact,Equipment,,35d458fb-dfdb-41e4-92e3-f0fd392e1c69
1,Match the Odds,,28494ff6-efb7-4d3b-a7b3-21425df80490,3,Green,Green,{2}{G},Sorcery,Lesson,,797d8776-9dcf-45b1-8c5e-1d025f916773
1,Mathemagics,,cd3cc172-5609-4bc8-9d84-50680fed6df9,2,Blue,Blue,{X}{X}{U}{U},Sorcery,,,5f56a303-b3da-41df-a959-7823a87ee60c
1,"Mauhúr, Uruk-hai Captain",,65e9a757-7ed4-4cc0-bb6f-a59fa69b32a5,2,"Red,Black","Black,Red",{B}{R},Creature,"Soldier,Orc",Legendary,9966cac0-331f-4627-be5a-5060a6ac5a32
1,Maximum Carnage,,7d72d867-6ed2-4900-a8ae-9d86f581ce32,5,Red,Red,{4}{R},Enchantment,Saga,,7351fca5-8672-4ba3-a015-bd4b6b289efc
1,Maximum Overdrive,,5f6e5bb2-cfe9-48e5-86f9-e21f3d328327,2,Black,Black,{1}{B},Instant,,,f0e85b74-12fb-4d63-853e-7a3f41f731b4
1,Mayhem Devil,,087ff277-902f-4285-93b6-dc18e6d4fe15,3,"Red,Black","Black,Red",{1}{B}{R},Creature,Devil,,4709f11c-aef8-45ac-b2bf-e640c568dfac
1,Maze Skullbomb,,1073aee2-aea6-473d-97c6-248778d79d80,1,,Green,{1},Artifact,,,3cb91e96-285d-4191-97cd-ee7ce5d86eb2
1,Meathook Massacre II,,3db59d06-a226-42b2-8f01-6b63a6eea83f,4,Black,Black,{X}{X}{B}{B}{B}{B},Enchantment,,Legendary,68957dca-df5c-4051-af22-407cb7e47200
1,Meat Locker // Drowned Diner,,b3c773f0-9e65-48de-a362-a9a943198693,8,Blue,Blue,{2}{U} // {3}{U}{U},Enchantment,Room,,897eef47-3e99-4a5f-8a3e-ddb06bc95e9a
1,Mechanical Glider,,9deda16b-ce26-4228-9bc2-28b7358d3f7c,1,,,{1},Artifact,Equipment,,d53d1805-c4ec-4b42-a226-3cd78cd2be84
1,Mechanical Glider,,9deda16b-ce26-4228-9bc2-28b7358d3f7c,1,,,{1},Artifact,Equipment,,d53d1805-c4ec-4b42-a226-3cd78cd2be84
1,Mechanized Production,,27bd54ab-5512-4011-a60f-ec2899b34327,4,Blue,Blue,{2}{U}{U},Enchantment,Aura,,39d8406a-90c3-460c-b4e8-0f590573db51
1,Mechanized Warfare,,ba2d026f-bdca-4376-9d70-c81c707598e8,3,Red,Red,{1}{R}{R},Enchantment,,,c912a43b-8994-434e-84c0-f4cf58abbd42
1,Meeting of Minds,,508b8650-c283-4e54-abdc-32ec2fb1ee34,4,Blue,Blue,{3}{U},Instant,,,3b91dc3e-46ef-4a68-829f-ef7d79598cf7
1,Meltdown,,173369d2-dc39-4bfe-a602-b47156570365,1,Red,Red,{X}{R},Sorcery,,,8fd85a54-f0c7-4e9f-a4b4-b9b513b98d95
1,Memorial to Folly,,ebbe56f2-aec5-4e8b-8003-1bf1ca7f5659,0,,Black,,Land,,,2bc38f14-0314-4351-8138-e2b8bf041404
1,Memorial to Glory,,564d6ff1-2be1-42f1-a919-fe8c2e148c3f,0,,White,,Land,,,eb8ec34c-ae07-4a09-940f-ee965146a787
1,Memorial to Unity,,994d903b-0d54-4af4-898f-213e716e9ed4,0,,Green,,Land,,,a74494ef-aa35-4830-9b4c-47bff5270efc
1,Memory Deluge,,dc00fd1b-3dd9-492a-9ed4-0b6743074730,4,Blue,Blue,{2}{U}{U},Instant,,,e6fd55f2-7e26-469c-a44a-ea2eb90e19a9
1,Mentor of the Meek,,59c2bacd-09e5-403c-b9a2-722fe6d8062e,3,White,White,{2}{W},Creature,"Human,Soldier",,b9f4f96b-6e54-4fe6-8df7-623e0fc72409
1,Mercadia's Downfall,,70cc9f80-b52c-4b81-a03b-8f5c8849d07f,3,Red,Red,{2}{R},Instant,,,2c1201b2-5036-4e68-b36d-cdaf54b4993d
1,Merchant of Many Hats,,752ffa24-93b6-4b33-bf10-7222357ac472,2,Black,Black,{1}{B},Creature,"Human,Ally,Peasant",,23820b45-2f3a-4b6e-99ea-d84caccb7e37
1,Merchant of the Vale // Haggle,,0b4399b6-e67f-40d8-8676-f5db7e04a6c9,3,Red,Red,{2}{R} // {R},Creature,"Human,Peasant",,f88a096e-7497-4297-ab65-f18769b1cc47
1,Merchant of Venom,,d60cf719-d5ce-46c3-bf92-24682b1c53bd,4,Black,Black,{3}{B},Creature,"Cat,Warlock",,3918eaa7-5a34-4d6a-be93-a95e733d041b
1,Merciless Eviction,,d9876a4c-714b-47e5-9589-148a623af96a,6,"White,Black","White,Black",{4}{W}{B},Sorcery,,,3c8d4999-e18b-48d8-8ed9-f2feaa38300d
1,Mercurial Kite,,a6bc8655-ae27-40be-8d61-e80a5924e955,4,Blue,Blue,{3}{U},Creature,Bird,,92f2a27d-3ec6-445c-9962-96b099f793ee
1,Meren of Clan Nel Toth,,508b1442-bf2c-4ad6-9bcf-bd894e081ab6,4,"Green,Black","Black,Green",{2}{B}{G},Creature,"Human,Shaman",Legendary,0310dfdb-0498-488d-9f1a-279f8239e024
1,Meriadoc Brandybuck,,885a3277-ef10-4dcf-ac63-eb8971cd627c,2,Green,Green,{1}{G},Creature,"Citizen,Halfling",Legendary,fec6a4a7-4ded-4062-b99b-c1826dea7113
1,Merry Bards,,b0058b9b-e919-45eb-9da0-690f62aa252e,3,Red,Red,{2}{R},Creature,"Human,Bard",,699fa8e6-84f5-4010-a8fe-7b2e4f280ef9
1,"Merry, Warden of Isengard",,56a66d3b-3308-4db7-8fc1-97bb85bdcbf3,3,"White,Green","White,Green",{1}{G}{W},Creature,"Advisor,Halfling",Legendary,1b600345-2b89-45bc-98c8-609fdd08a5fd
1,Mesa Enchantress,,4037d6de-f30b-483c-83a8-9a4e2978f7fc,3,White,White,{1}{W}{W},Creature,"Human,Druid",,8f4b8a19-72f4-48ed-ac05-62a7c7525797
1,Messenger Hawk,,6a2946c0-0a40-4cdb-92c8-af2bafecca09,3,"Black,Blue","Blue,Black",{2}{U/B},Creature,"Bird,Scout",,4029e884-8154-42b3-ae29-3cb98374a294
1,Metallic Rebuke,,34785944-7b51-48a9-855c-3e656cd78251,3,Blue,Blue,{2}{U},Instant,,,c4920e95-a6fc-4373-a0d6-244f51851364
1,Metallic Rebuke,,34785944-7b51-48a9-855c-3e656cd78251,3,Blue,Blue,{2}{U},Instant,,,c4920e95-a6fc-4373-a0d6-244f51851364
1,Metalwork Colossus,,d7e2d686-1fbc-449a-9af4-f00a71ff7911,11,,,{11},"Creature,Artifact",Construct,,64ffe529-ba53-48ec-8af1-b046fbd1f0cc
1,Metamorphic Blast,,bd38d922-cfc1-43a8-82d8-5de441c71076,1,Blue,Blue,{U},Instant,,,69c8e690-c0a2-4c4e-910d-123c9c5b922f
1,Metamorphosis,,fc73bd94-6e14-4798-b9ff-163ba7bdd663,1,Green,Green,{G},Sorcery,,,7140d726-0136-43af-84b5-85005a66a186
1,Metastatic Evangel,,774e115a-c0dc-4901-9a1f-87754304e378,2,White,White,{1}{W},Creature,"Human,Cleric,Phyrexian",,0a27bd77-ec13-4e8d-acad-9aa9c66b3b73
1,Meteor Golem,,d291ea1e-36bc-46b3-b3ae-084fa0ba69eb,7,,,{7},"Creature,Artifact",Golem,,d9f11aa1-9219-42a8-85a9-a8f204160706
1,Meteor Sword,,68b1c746-a4b8-4a45-9f0e-3962f0ae40e3,7,,,{7},Artifact,Equipment,,181965fb-e685-4b1f-9bd6-3a33bed933b2
1,Michiko's Reign of Truth // Portrait of Michiko,,74f12c23-5c15-4ae6-8f4d-c5e6c1878817,2,White,White,,Enchantment,Saga,,94794f7c-62e7-43c8-ba7f-ac5c0bc9a712
1,Midnight Clock,,106fc548-a50c-4c0a-820d-b4fc0d4a0495,3,Blue,Blue,{2}{U},Artifact,,,c68faebc-b2cd-461b-b93e-e1fcd4816810
1,Midnight Guard,,2264b760-c527-470d-bad0-d8baaf543631,3,White,White,{2}{W},Creature,"Human,Soldier",,f5430b0e-e77f-47b8-ae6d-30bcff4d7e35
1,Midnight Guard,,9185d2cc-5380-4be1-ab67-a755b2e02016,3,White,White,{2}{W},Creature,"Human,Soldier",,f5430b0e-e77f-47b8-ae6d-30bcff4d7e35
1,Midnight Reaper,,fad2b56b-bedf-4d8e-8e0c-733946e0731b,3,Black,Black,{2}{B},Creature,"Knight,Zombie",,e8c7566d-7cc0-48af-a986-83223ec7e06c
1,Mightform Harmonizer,,f32302f1-b54f-4489-9d0b-9b771e59da06,4,Green,Green,{2}{G}{G},Creature,"Druid,Insect",,8e025cda-71c5-4d06-8436-decd408667af
4,Might of Murasa,,42914fd9-e56e-4c3e-a445-fdfa45a45178,2,Green,Green,{1}{G},Instant,,,902eb71f-62b3-40cb-816b-f6b7e92e91e7
1,Might of Old Krosa,,ed0c7c36-2b15-463b-a023-683972303a0a,1,Green,Green,{G},Instant,,,b50a6db0-16ce-4e98-afbd-ec37e1653e7c
1,Might of the Masses,,c7a87b43-84bb-4878-85c3-490d283a2a77,1,Green,Green,{G},Instant,,,f73416a8-40e5-4791-948f-147ef2221ee7
1,Mighty Leap,,dc45dcdd-ed92-43f6-b6d2-670b3252ed27,2,White,White,{1}{W},Instant,,,593caa15-e1d1-477f-bbb4-124d7a7b81f3
1,"Mikaeus, the Lunarch",,1b24d60d-bd80-4363-829c-a9d7f8c61fdf,1,White,White,{X}{W},Creature,"Human,Cleric",Legendary,82f3faa8-39fa-450b-843f-d60a4c36d8f7
1,Mimic,,b059c316-2be1-4f66-9888-d31714280a5e,2,,,{2},Artifact,Treasure,,ba8156cd-2e78-4763-b61d-8bc85b2f3657
1,Mimic Vat,,dfa8757b-ef7d-44b8-ae80-45c436e85c1e,3,,,{3},Artifact,,,6ebdc9f3-6b23-4716-8011-48f00d7e30c8
1,"Mina and Denn, Wildborn",,d27ff523-0ff3-480d-ae95-ff5e04483e40,4,"Green,Red","Red,Green",{2}{R}{G},Creature,"Elf,Ally",Legendary,e091718c-0c26-46d9-b694-f95effbac3e5
1,Mind Flayer,,c29ac797-a186-4224-94e1-9bb9dca4b029,5,Blue,Blue,{3}{U}{U},Creature,Horror,,8dd473c7-afd9-40f1-bb8e-0a00f4687318
1,Mind into Matter,,0a7f0fdf-1d4b-4458-a19c-274611e8a59a,2,"Green,Blue","Blue,Green",{X}{G}{U},Sorcery,,,9f9e4be0-814a-4cab-948b-114769035a4a
1,Mindleech Ghoul,,f5c4e00d-128a-4ddb-9e1b-3ee93121b262,2,Black,Black,{1}{B},Creature,Zombie,,e0f47fe2-9e97-400e-98c1-a80ca8be66f3
1,Mind Rot,,362e8f06-3d52-4368-a686-8fec3417b034,3,Black,Black,{2}{B},Sorcery,,,ad44cf74-b717-48fb-9fa2-77512024d76a
1,Mind's Dilation,,b9de3ca6-d62f-422b-a67f-199f535cb56f,7,Blue,Blue,{5}{U}{U},Enchantment,,,d4b5e09b-9ca2-4b51-a4f8-080741810df8
1,Mind's Eye,,708ad400-fa01-4473-aa9e-ba3db965b521,5,,,{5},Artifact,,,63fd2a57-7a47-4e07-947c-f4e9da7ee538
1,Mind's Eye,,708ad400-fa01-4473-aa9e-ba3db965b521,5,,,{5},Artifact,,,63fd2a57-7a47-4e07-947c-f4e9da7ee538
1,Mindsplice Apparatus,,9e92da4c-85ed-4afa-8755-dc9627491b07,4,Blue,Blue,{3}{U},Artifact,,,4d0760fb-4e04-4f29-a268-14c13c30232d
2,Mind Stone,,5cf95476-27ed-487d-8459-c97a921bb808,2,,,{2},Artifact,,,c97361b5-af16-4a7b-af85-a429dbaf4ad2
1,Mind Stone,,f1f616f2-d69d-4763-8ff0-3eb05a543926,2,,,{2},Artifact,,,c97361b5-af16-4a7b-af85-a429dbaf4ad2
1,Mind Stone,,23dd6cb6-31ee-467e-9f67-39046197bcb6,2,,,{2},Artifact,,,c97361b5-af16-4a7b-af85-a429dbaf4ad2
1,Mineshaft Spider,,b75a3639-a917-4700-a093-14a4cda78d9f,4,Green,Green,{3}{G},Creature,Spider,,e5aa32b6-2eaf-4b48-81cc-cd3db976513d
1,Minions' Murmurs,,0c42fded-49e8-4c69-8ade-ba5e76e44b45,4,Black,Black,{2}{B}{B},Sorcery,,,fd755ec1-6727-4165-a7fd-5d9b59754ada
1,Ministrant of Obligation,,30d9c9db-28a0-47fa-b561-6040e47c2392,3,White,White,{2}{W},Creature,"Human,Cleric",,0cee5539-d10b-4de2-aee8-e02f0e24ac26
1,Minor Misstep,,360ca37b-5bbd-4923-a493-7674786a36af,1,Blue,Blue,{U},Instant,,,d91b3c6f-f8a1-4859-90ca-22cd79517552
1,Mirage Mirror,,8acbbe8f-9373-499f-bf15-1785fc800770,3,,,{3},Artifact,,,6a84eda1-7e72-4b5a-849f-b6e177565aeb
1,Mirkwood,,612cf954-f86c-4629-99df-4874d56fded3,0,,"Black,Green",,Land,,,cd49aa99-bf84-4edd-aecc-6dae78b73412
1,Mirkwood Bats,,15f035df-784a-4dc8-b7f5-77139a4e6e99,4,Black,Black,{3}{B},Creature,Bat,,0636b6c3-0662-420a-b30d-f0a14e7c512d
1,Mirkwood Meditator,,ad7ed4e6-3fe2-40f1-909b-a03b2a3c941a,3,Blue,Blue,{2}{U},Creature,"Elf,Druid",,399cd159-7376-421c-b001-c26f1cbadced
1,Mirkwood Nurturer,,704b45e4-566e-40f6-a33a-9151018b44e5,3,"Green,Blue","Blue,Green",{2}{G/U},Creature,"Elf,Ranger",,66630640-9605-44da-afdf-eb9d458d056f
1,Mirkwood Pathmaker,,50fbedc0-bc66-4ffb-87f6-a2df69995091,3,Green,Green,{2}{G},Creature,"Elf,Ranger",,f1b36dde-9cde-46c8-8d5a-9ad93feba41f
1,Mirkwood Spider,,ad961ba1-c74f-4a44-87fe-b30e2b63e378,1,Green,Green,{G},Creature,Spider,,07fb2903-b239-43d0-864b-c4437b7a5230
2,Mirran Banesplitter,,ee4d00b8-1373-47b2-9be5-2199e0b12540,1,Red,Red,{R},Artifact,Equipment,,aeaf3ce8-6bdf-4a90-8b81-cdbce0f3bb12
1,Mirran Bardiche,,3006ea5a-5391-41eb-b0c8-092741dca2eb,5,White,White,{4}{W},Artifact,Equipment,,1fd04d9e-cf89-49ba-a932-5d278f65bf77
1,Mirrodin's Core,,cf0e60c9-1548-4981-ada1-6656804a772e,0,,,,Land,,,ea53adbe-3f9a-4847-87c7-723ac2789918
1,Mirror Entity,,e290b75d-a1fa-4e1e-9cb3-12e6ae223340,3,White,White,{2}{W},Creature,Shapeshifter,,17e905ca-c0bd-473d-95a7-e180ba5fea43
1,Mirror Image,,5b3ffc69-f21b-410e-8993-8c1b4669fc19,3,Blue,Blue,{2}{U},Creature,Shapeshifter,,7275fb8c-571a-4c4c-889a-829419332e51
1,Mirror March,,50a27943-f08c-4cbd-affb-8e59411b3d4f,6,Red,Red,{5}{R},Enchantment,,,945eaa8b-0ba5-45a6-a02a-763e5bfe3af8
1,Mirrormere Guardian,,8315d7cc-fc2c-45b1-8340-11ff2af3beb5,3,Green,Green,{2}{G},Creature,"Soldier,Dwarf",,97c188c4-3f27-428e-a4f6-4213f44898fc
1,"Mishra, Excavation Prodigy",,f5d02416-8578-40a5-bf31-d1ef9b8764f1,3,Red,Red,{2}{R},Creature,"Human,Artificer",Legendary,4eba0e29-985b-4763-9a70-0946ba044b43
1,Mishra's Domination,,87c71fb1-a30b-4e0e-a6d6-4656cfff2da1,2,Red,Red,{1}{R},Enchantment,Aura,,ede2354a-64b0-402c-8fbe-9da90f811a9b
1,Mishra's Factory,,6e9fec20-a52c-42c0-9928-c572d9e1b21f,0,,,,Land,,,5963e0ef-e0bc-4611-ad4f-813a4c0eacfb
1,Mishra's Groundbreaker,,74e2dc26-30aa-4e20-84b0-ea4be8894475,4,,,{4},Artifact,,,84fecd54-c08a-4f5a-b2fa-b254069ccadb
1,Mishra's Juggernaut,,b30457c3-57df-4720-8b45-962f16316d17,5,,Red,{5},"Creature,Artifact",Juggernaut,,fa6fa2f5-eb9b-402e-82f4-e0a8d30df245
2,Mishra's Onslaught,,eda82e38-c1d4-4019-8f79-f91602d941b0,4,Red,Red,{3}{R},Instant,,,3684edb5-bbf1-4ed7-b5b7-f24b452dbd64
1,Mishra's Research Desk,,bb142d99-b210-47c8-897c-be62f90d2192,1,,Red,{1},Artifact,,,95ac482c-c6ad-49b4-937e-460241ae355f
2,Mist-Cloaked Herald,,574f73a7-9ff7-4ce3-9f56-002af968d35a,1,Blue,Blue,{U},Creature,"Warrior,Merfolk",,74255add-2894-4c31-81c1-d38873fa325f
2,Mistvault Bridge,,9f36a6e2-3e51-4a30-a225-10cfe6650b9d,0,,"Blue,Black",,"Artifact,Land",,,33ee23bc-6327-4a54-a704-dfd83be36bb5
1,Mistvault Bridge,,9f36a6e2-3e51-4a30-a225-10cfe6650b9d,0,,"Blue,Black",,"Artifact,Land",,,33ee23bc-6327-4a54-a704-dfd83be36bb5
1,Misty Mountains Raider,,6dff14cd-b60b-48f4-9d9f-c9019b55df4c,5,Red,Red,{4}{R},Creature,"Goblin,Soldier",,c394b767-620c-4310-b78f-ece312259e46
1,Misty Mountains Raider,,6dff14cd-b60b-48f4-9d9f-c9019b55df4c,5,Red,Red,{4}{R},Creature,"Goblin,Soldier",,c394b767-620c-4310-b78f-ece312259e46
1,Mitotic Slime,,8aacf055-e36f-4428-8a3c-f73fa4b4307c,5,Green,Green,{4}{G},Creature,Ooze,,1162c7ff-c0cb-469a-ad3c-322b0981ae1d
1,Mizzium Mortars,,544b2931-0af1-4743-b7c1-91e1dc9294d5,2,Red,Red,{1}{R},Sorcery,,,48ddba1e-2ad7-463f-9307-d2379a800e51
1,Mizzium Skin,,d9859344-4efc-4b87-a3fb-147e496cee68,1,Blue,Blue,{U},Instant,,,02d998a6-0afd-4be1-a209-05618fcc43ea
1,Mizzix's Mastery,,e1c344e6-46a4-4971-8be4-bbb8297cc9d0,4,Red,Red,{3}{R},Sorcery,,,40362fe0-a1a9-4d76-8c35-eac474b91af5
1,"Mm'menon, Uthros Exile",,5546c044-5826-48c3-9d28-866f3c3c5f2c,3,"Red,Blue","Blue,Red",{1}{U}{R},Creature,"Advisor,Jellyfish",Legendary,6c05b882-51d9-43d8-93b8-c3317590f76a
1,Moat Piranhas,,543b3f69-19be-494b-928f-e16b92560e35,2,Blue,Blue,{1}{U},Creature,Fish,,40057917-4a88-4316-bc5b-efc0ada1ddff
1,Mob Verdict,,e9bdc40b-ab7a-44a4-afb5-41b6fc2dffdc,4,Red,Red,{2}{R}{R},Sorcery,,,cb91e09e-f7fb-44bc-b78f-de29705bd2d6
3,Mocking Sprite,,e595014d-4ff4-4561-b7f2-a9bd56300b01,3,Blue,Blue,{2}{U},Creature,"Rogue,Faerie",,013ca531-1ff7-4efc-a280-4bc3ab574072
1,Mogg Conscripts,,7e624a3b-3371-42ee-895e-1f166f1a2e6e,1,Red,Red,{R},Creature,Goblin,,b015686d-07e1-46c7-8e51-2bec646860d6
1,Moldering Gym // Weight Room,,245d5a61-c40c-4039-aea8-3ad61415b8f0,9,Green,Green,{2}{G} // {5}{G},Enchantment,Room,,34d0d070-fcaf-410e-a002-012cbe104fb7
1,Moldervine Reclamation,,14e0b306-0973-49bc-907d-2f0f2c53b57f,5,"Green,Black","Black,Green",{3}{B}{G},Enchantment,,,68639a3d-2192-4921-8298-c76bb0cd6b02
1,Molten Gatekeeper,,9f5ba065-2806-4e99-a330-168cfe76250f,3,Red,Red,{2}{R},"Creature,Artifact",Golem,,90fdfba8-f29e-44f9-91d2-7bf3c458a9c1
3,Molten Gatekeeper,,9f5ba065-2806-4e99-a330-168cfe76250f,3,Red,Red,{2}{R},"Creature,Artifact",Golem,,90fdfba8-f29e-44f9-91d2-7bf3c458a9c1
1,Molt Tender,,f800bf4e-4bfb-45b6-950b-c76952f52bb1,1,Green,Green,{G},Creature,"Druid,Insect",,9a39ca64-e1a9-42ef-8efd-6aa3edde3d93
2,Momentary Blink,,3dfd5aa4-b920-4aff-ba0d-2d4777ebbf66,2,White,"White,Blue",{1}{W},Instant,,,a3ec6b5d-08ec-4ae0-b1db-c4b87a1849c7
1,Moment of Glory,,0a6a6ff0-b1cd-4b06-bd31-612690094e0e,1,White,White,{W},Sorcery,,,3d39db09-67b7-4a4e-9667-4e1b806f51a5
2,Moment of Truth,,0e758594-a48c-4508-b400-9028aec07f63,2,Blue,Blue,{1}{U},Instant,,,ef61fb5c-2ea6-4f82-92c5-c4713dee45fa
1,"Momo, Friendly Flier",,ad9849d4-6608-43e4-8fac-1c16cfa38a9f,1,White,White,{W},Creature,"Ally,Bat,Lemur",Legendary,a3c56e71-0de6-447a-a9b4-0971f56c2362
1,"Momo, Playful Pet",,9350bf4a-fa12-4867-b31f-1f1394d99571,1,White,White,{W},Creature,"Ally,Bat,Lemur",Legendary,85ee8ab6-8db5-45d7-85ae-64838771146a
1,"Momo, Rambunctious Rascal",,1ce491a2-bb43-48fc-acc7-273bc7f418d5,3,White,White,{2}{W},Creature,"Ally,Bat,Lemur",Legendary,8854222e-590f-4fc0-b5d7-bf3d986b8507
1,Monastery Mentor,,75665c2f-a100-4e3f-be8e-b5cc3c9a090b,3,White,White,{2}{W},Creature,"Human,Monk",,3979067a-9c68-443d-a85f-d9f07be880b9
1,Monastery Swiftspear,,b81c6c8b-a9cf-4866-89ba-7f8ad077b836,1,Red,Red,{R},Creature,"Human,Monk",,dafd2713-d1bc-474b-b390-d2ff20b5375e
1,Monastery Swiftspear,,3c9899a8-f5b0-427f-ac87-09fc8afe0f23,1,Red,Red,{R},Creature,"Human,Monk",,dafd2713-d1bc-474b-b390-d2ff20b5375e
2,Mongoose Lizard,,7d40b9cb-82ef-44c5-8d3c-c8bb4ce9891c,6,Red,Red,{4}{R}{R},Creature,"Lizard,Mongoose",,a9bae56c-9666-42e8-94ec-03b0a964b142
2,Mongoose Lizard,,7d40b9cb-82ef-44c5-8d3c-c8bb4ce9891c,6,Red,Red,{4}{R}{R},Creature,"Lizard,Mongoose",,a9bae56c-9666-42e8-94ec-03b0a964b142
2,Monk Gyatso,,e27ed185-eb2b-42dd-b48e-3c8d4456268b,4,White,White,{3}{W},Creature,"Human,Monk",Legendary,ff92fa60-f0fe-496e-8155-d9d6f5af651b
1,Monologue Tax,,7b88cb4c-8044-4e88-80f1-1688273ad0ec,3,White,White,{2}{W},Enchantment,,,ace8e88e-ca6a-4bdf-8c6d-1b914fc00259
1,Monster // Sorcerer,,6b8a810b-8538-41c3-a792-dbd1a1845faa,0,,,,"Enchantment,Token","Aura,Role",,ed95e696-3e4d-4b2b-9327-46fc2604652c
1,Monstrous Rage,,4b2e000b-a147-443b-9138-9ff2d16c0422,1,Red,Red,{R},Instant,,,646a2371-54c0-4492-ac2f-20f109d6108c
1,Moonlit Meditation,,f2a56007-5bca-4edf-9cc4-5f77a273636c,3,Blue,Blue,{2}{U},Enchantment,Aura,,df702b0c-e011-497f-ae29-9876efac4a4c
1,Moonring Island,,64b36993-666c-40d0-b61a-1d162bd06dcc,0,,Blue,,Land,Island,,cf620c66-7db1-4db8-ae56-ee4bc2f77d74
1,Moonrise Cleric,,35f2a71f-31e8-4b51-9dd4-51a5336b3b86,3,"White,Black","White,Black",{1}{W/B}{W/B},Creature,"Cleric,Bat",,d8067f42-68c0-42da-a1d6-859953939555
1,Moonshaker Cavalry,,ca90d382-7e13-4637-a624-2a1b82abe56c,8,White,White,{5}{W}{W}{W},Creature,"Knight,Spirit",,b3f16f34-d78c-4b61-821b-05fc6bd0da37
1,"Moraug, Fury of Akoum",,4481eab8-9e7d-4db8-b1f2-fdf5ee1919a2,6,Red,Red,{4}{R}{R},Creature,"Warrior,Minotaur",Legendary,6288c0cb-cf32-4ae9-abf0-104ec71654fa
1,Morbid Opportunist,,5a53982e-3d66-4808-bcb5-46ff40567872,3,Black,Black,{2}{B},Creature,"Human,Rogue",,322f44f0-e6da-4ee0-b474-e7d5e9a461c5
2,Mordor Trebuchet,,648bc8ae-1798-4c2f-a372-0487a90ba4d3,3,Black,Black,{2}{B},"Creature,Artifact",Wall,,8a8e0d0a-1101-45b6-8f70-1de2c07bc369
1,Mornsong Aria,,9985c554-8338-46b1-ac36-526d2eb61570,3,Black,Black,{1}{B}{B},Enchantment,,Legendary,8ca2f668-2a4d-4a1e-abcc-093ccbc29295
4,Mortician Beetle,,978f2a31-1c89-43cb-92f2-195026c9311a,1,Black,Black,{B},Creature,Insect,,dc5c4a38-a415-466a-a7ea-dc04eee7f691
1,Mortify,,439aea5f-c64c-4460-b473-b4bc2c82c048,3,"White,Black","White,Black",{1}{W}{B},Instant,,,faa01ed1-ccfa-4e58-951f-cd81f9068027
1,Mortuary Mire,,c6b31722-9626-4fea-9971-54c9aa8238e8,0,,Black,,Land,,,1b3fb20a-e090-4286-9c03-6b71c27c45be
1,Moss Diamond,,ec8ea247-5529-4948-8c81-0f413aedc82e,2,,Green,{2},Artifact,,,02500f21-6e15-423e-93ff-891e09fe9904
1,Moss Viper,,a4d35ec4-0e0d-4611-8ad9-39d2c8a2ad6e,1,Green,Green,{G},Creature,Snake,,7d6f6ee4-77c2-4986-91c7-7dee962fc1a7
1,Most Decrepit Old Bird // Speak Secrets,,2d838feb-89f2-4cdb-a5ab-ec880f28d873,1,Blue,Blue,{U} // {1}{U},Creature,Bird,,34d34f2c-06ff-4acf-8f2f-ff867774b777
1,Most Wanted,,573c0f68-9ed8-4657-b709-b7f3804aaa68,3,Green,Green,{2}{G},Enchantment,Aura,,140d38cc-0ae6-4e9b-a60f-a51d2947e07b
1,Motivated Pony,,9be4f8b6-90ef-4c77-ae70-bffae229d243,5,Green,Green,{4}{G},Creature,Horse,,44906d21-83cc-49ec-8505-4f7b020ac05f
1,Mountain,,c49d378e-9549-4320-b3c6-1aeb216d1e98,0,,Red,,Land,Mountain,Basic,a3fb7228-e76b-4e96-a40e-20b5fed75685
1,Mountain,,9c29ba11-7438-4fd7-98b9-961be882122d,0,,Red,,Land,Mountain,Basic,a3fb7228-e76b-4e96-a40e-20b5fed75685
1,Mountain,,22cc3a0c-ab10-490d-b309-df87df551328,0,,Red,,Land,Mountain,Basic,a3fb7228-e76b-4e96-a40e-20b5fed75685
1,Mountain,,9b6fe3e2-a2cf-4209-ac9b-e04d02599360,0,,Red,,Land,Mountain,Basic,a3fb7228-e76b-4e96-a40e-20b5fed75685
1,Mountain,,6d9e44c1-7b51-47cb-b564-608deb46cc44,0,,Red,,Land,Mountain,Basic,a3fb7228-e76b-4e96-a40e-20b5fed75685
1,Mountain,,7e19c7e1-1b4b-4c7e-b011-eff8ed7de0fd,0,,Red,,Land,Mountain,Basic,a3fb7228-e76b-4e96-a40e-20b5fed75685
1,Mountain,,6af1f1db-eb91-4297-83f6-9318b87fd220,0,,Red,,Land,Mountain,Basic,a3fb7228-e76b-4e96-a40e-20b5fed75685
1,Mountain,,ea96ecc4-72f3-46a4-8900-6a7c5a83d4df,0,,Red,,Land,Mountain,Basic,a3fb7228-e76b-4e96-a40e-20b5fed75685
27,Mountain,,d4606809-7066-4413-9dfd-e929004a71bb,0,,Red,,Land,Mountain,Basic,a3fb7228-e76b-4e96-a40e-20b5fed75685
27,Mountain,,83706d20-fbb0-4a0a-b9c3-70e6fa3fdcf9,0,,Red,,Land,Mountain,Basic,a3fb7228-e76b-4e96-a40e-20b5fed75685
26,Mountain,,a3a4da7d-a703-4f91-9ef7-ce269c0b63fb,0,,Red,,Land,Mountain,Basic,a3fb7228-e76b-4e96-a40e-20b5fed75685
1,Mountain,,488ca216-de75-4acc-9c67-fd37070d7e92,0,,Red,,Land,Mountain,Basic,a3fb7228-e76b-4e96-a40e-20b5fed75685
9,Mountain,,b2e439e2-2c7c-42fd-a47b-f615641f7392,0,,Red,,Land,Mountain,Basic,a3fb7228-e76b-4e96-a40e-20b5fed75685
8,Mountain,,b26e7306-df23-4339-b3af-faf9effe0140,0,,Red,,Land,Mountain,Basic,a3fb7228-e76b-4e96-a40e-20b5fed75685
9,Mountain,,6ad4e9cd-76e2-4ee0-8185-8b3aec3578ce,0,,Red,,Land,Mountain,Basic,a3fb7228-e76b-4e96-a40e-20b5fed75685
7,Mountain,,c44f81ca-f72f-445c-8901-3a894a2a47f9,0,,Red,,Land,Mountain,Basic,a3fb7228-e76b-4e96-a40e-20b5fed75685
8,Mountain,,c44f81ca-f72f-445c-8901-3a894a2a47f9,0,,Red,,Land,Mountain,Basic,a3fb7228-e76b-4e96-a40e-20b5fed75685
3,Mountain,,a82f782e-abc8-4b92-a193-17b2c383f765,0,,Red,,Land,Mountain,Basic,a3fb7228-e76b-4e96-a40e-20b5fed75685
1,Mountain,,76ad8df0-20f3-4372-8b2b-7c4ccfc2e9c0,0,,Red,,Land,Mountain,Basic,a3fb7228-e76b-4e96-a40e-20b5fed75685
1,Mountain,,5037330a-6e9b-4ce5-ba81-ae1ccef63334,0,,Red,,Land,Mountain,Basic,a3fb7228-e76b-4e96-a40e-20b5fed75685
1,Mountain,,b044630d-50e7-431b-8e91-bd53e967f594,0,,Red,,Land,Mountain,Basic,a3fb7228-e76b-4e96-a40e-20b5fed75685
2,Mountain,,fc5004db-8db3-4506-bb01-f41be7968824,0,,Red,,Land,Mountain,Basic,a3fb7228-e76b-4e96-a40e-20b5fed75685
1,Mountain,,0a7dbfd2-cda7-4fc9-9677-e442fb5f5f6f,0,,Red,,Land,Mountain,Basic,a3fb7228-e76b-4e96-a40e-20b5fed75685
1,Mountain,,22262a3a-c2e0-4639-9002-361b39ea9b3a,0,,Red,,Land,Mountain,Basic,a3fb7228-e76b-4e96-a40e-20b5fed75685
1,Mountain,,a68647c2-a343-4314-8abb-00e7de6ecf0d,0,,Red,,Land,Mountain,Basic,a3fb7228-e76b-4e96-a40e-20b5fed75685
4,Mountain,,cbe67eb3-f10d-4f34-b4b0-fd00ee8cc325,0,,Red,,Land,Mountain,Basic,a3fb7228-e76b-4e96-a40e-20b5fed75685
1,Mountain,,9515ced4-b679-48f0-bf62-8b7baef5e1c2,0,,Red,,Land,Mountain,Basic,a3fb7228-e76b-4e96-a40e-20b5fed75685
1,Mountain,,5383b66e-e559-47d2-9967-9c2d5f898653,0,,Red,,Land,Mountain,Basic,a3fb7228-e76b-4e96-a40e-20b5fed75685
1,Mountain,,15c96b83-d0b3-4da9-bb2d-249cc18b55e9,0,,Red,,Land,Mountain,Basic,a3fb7228-e76b-4e96-a40e-20b5fed75685
1,Mountain,,4f312d7b-f505-45c3-bb87-650259e5db50,0,,Red,,Land,Mountain,Basic,a3fb7228-e76b-4e96-a40e-20b5fed75685
1,Mountain,,7cb82fdb-5090-45c0-ae67-4846667c8625,0,,Red,,Land,Mountain,Basic,a3fb7228-e76b-4e96-a40e-20b5fed75685
1,Mountain,,7a4c0731-555a-4bef-9d9e-b877f0339417,0,,Red,,Land,Mountain,Basic,a3fb7228-e76b-4e96-a40e-20b5fed75685
1,Mountain,,96297bcc-8480-4b14-8612-1c395d481bce,0,,Red,,Land,Mountain,Basic,a3fb7228-e76b-4e96-a40e-20b5fed75685
1,Mountain,,e82fc4bc-ac81-4ad6-8b33-781d047f60d5,0,,Red,,Land,Mountain,Basic,a3fb7228-e76b-4e96-a40e-20b5fed75685
11,Mountain,,6d9e44c1-7b51-47cb-b564-608deb46cc44,0,,Red,,Land,Mountain,Basic,a3fb7228-e76b-4e96-a40e-20b5fed75685
4,Mountain,,fac247df-aa19-4627-8d65-6ddf5e7e5c8c,0,,Red,,Land,Mountain,Basic,a3fb7228-e76b-4e96-a40e-20b5fed75685
4,Mountain,,2fe601b0-0398-47f0-9e4f-9f841ad79b9b,0,,Red,,Land,Mountain,Basic,a3fb7228-e76b-4e96-a40e-20b5fed75685
4,Mountain,,b86fbf78-57ec-4a0f-9fb6-e4bf13861563,0,,Red,,Land,Mountain,Basic,a3fb7228-e76b-4e96-a40e-20b5fed75685
4,Mountain,,ed6fd37e-a5b3-48c6-b881-cedadfd94833,0,,Red,,Land,Mountain,Basic,a3fb7228-e76b-4e96-a40e-20b5fed75685
4,Mountain,,70ff4fd5-c26f-4274-b899-1f995d4d8c25,0,,Red,,Land,Mountain,Basic,a3fb7228-e76b-4e96-a40e-20b5fed75685
4,Mountain,,b92c8925-ecfc-4ece-b83a-f12e98a938ab,0,,Red,,Land,Mountain,Basic,a3fb7228-e76b-4e96-a40e-20b5fed75685
3,Mountain,,514f8188-3d9e-4937-bfcb-b73acd80878d,0,,Red,,Land,Mountain,Basic,a3fb7228-e76b-4e96-a40e-20b5fed75685
3,Mountain,,4cf7d0ad-8fe2-4065-89e3-c2ee04062695,0,,Red,,Land,Mountain,Basic,a3fb7228-e76b-4e96-a40e-20b5fed75685
4,Mountain,,399f7531-e137-463b-bec3-e86756b6ed71,0,,Red,,Land,Mountain,Basic,a3fb7228-e76b-4e96-a40e-20b5fed75685
16,Mountain,,bb4004c8-c3d9-494e-a257-6d8443cbf1b7,0,,Red,,Land,Mountain,Basic,a3fb7228-e76b-4e96-a40e-20b5fed75685
12,Mountain,,fedbe1f9-b29f-4bdd-9718-615b7c2413b4,0,,Red,,Land,Mountain,Basic,a3fb7228-e76b-4e96-a40e-20b5fed75685
14,Mountain,,6457f78b-aca6-4ebf-9e89-bf9321ceb35d,0,,Red,,Land,Mountain,Basic,a3fb7228-e76b-4e96-a40e-20b5fed75685
12,Mountain,,71f2030b-f622-4cc3-ac83-258ae3645fd6,0,,Red,,Land,Mountain,Basic,a3fb7228-e76b-4e96-a40e-20b5fed75685
1,Mountain,,310e5efa-5ea5-4b0f-bc24-95594a538269,0,,Red,,Land,Mountain,Basic,a3fb7228-e76b-4e96-a40e-20b5fed75685
1,Mountain Valley,,ac86f172-4f6f-4f9e-9ae0-ca5c489cd671,0,,,,Land,,,0b7393aa-d563-45bc-9946-8e7d1729d498
3,Mounted Dreadknight,,d1814fc8-011f-4cd4-825b-f00ae6ec0fe0,5,Red,Red,{4}{R},Creature,"Knight,Vampire",,b5e42be3-6bfc-4905-9237-cb8d53e2349e
1,Mourner's Surprise,,980b0b68-7218-49c6-b6bf-022218f3abf4,2,Black,Black,{1}{B},Sorcery,,,567fa6e0-fc7b-4502-9c51-f2538c411003
1,Mourning Thrull,,0e8be7f3-9d4f-4928-8e26-2856b2881697,2,"White,Black","White,Black",{1}{W/B},Creature,Thrull,,0406a534-c69c-40bb-801f-228a662ac1a2
1,"Mr. Orfeo, the Boulder",,0524fc64-f51c-4991-9e43-da56afd28c00,4,"Green,Red,Black","Black,Red,Green",{1}{B}{R}{G},Creature,"Warrior,Rhino",Legendary,58447f16-1df9-4e9a-bb22-b9aad042055a
1,Mulch,,9f6afdab-b41f-4713-b74a-e90e8bbbaf0a,2,Green,Green,{1}{G},Sorcery,,,12c03a03-36bf-487e-b8be-e55399525da5
1,"Muldrotha, the Gravetide",,705b4d97-2f50-47f7-9053-d748f4337553,6,"Green,Black,Blue","Blue,Black,Green",{3}{B}{G}{U},Creature,"Avatar,Elemental",Legendary,e4625704-1d52-44e4-804f-2f45644d76ac
1,Mulldrifter,,eb6d8d1c-8d23-4273-9c9b-f3b71eb0e105,5,Blue,Blue,{4}{U},Creature,Elemental,,24d0f5e7-0d9e-4b76-900e-a7274e80312d
1,Mulldrifter,,4f3deefe-28bc-4e45-a0a0-ab03167e2e81,5,Blue,Blue,{4}{U},Creature,Elemental,,24d0f5e7-0d9e-4b76-900e-a7274e80312d
3,Murasa Brute,,efe1c5b2-4356-41ae-ab7e-ad9fc835a911,3,Green,Green,{2}{G},Creature,"Warrior,Troll",,5f84a140-577f-4a1e-a900-793664332fd6
1,Murder,,1ea6438b-0e6c-4d65-8bcd-34a988717c81,3,Black,Black,{1}{B}{B},Instant,,,938b4e2c-88d9-4637-bc00-e228920c9a78
1,Murder,,45368bf3-d5e9-43e6-a67d-93c2e93acc72,3,Black,Black,{1}{B}{B},Instant,,,938b4e2c-88d9-4637-bc00-e228920c9a78
1,Murder,,c8676f02-cf1e-4d40-a0c5-6e5a97417898,3,Black,Black,{1}{B}{B},Instant,,,938b4e2c-88d9-4637-bc00-e228920c9a78
1,Murky Sewer,,6098d8be-4e3f-455d-8799-91435bf45a1c,0,,"Blue,Black",,Land,,,c2cdefeb-3176-4faf-be54-a62d31f777a5
1,Murmuration,,561c9c4e-942e-40e8-b5f2-ac709a502f18,5,White,White,{4}{W},Enchantment,,,84e7be36-b8cd-4111-a91b-3628f421d5d5
1,Murmuring Bosk,,6bebaafc-2114-4e00-a7f1-cd43a8d92d18,0,,"White,Black,Green",,Land,Forest,,42b9d383-3fe2-4fc8-ab86-f80a288d502b
3,Murmuring Mystic,,9f19337d-0824-442d-bb67-748a9980e816,4,Blue,Blue,{3}{U},Creature,"Human,Wizard",,dcd4da46-5438-4454-8b1b-43ca51bda1f9
1,Murmuring Mystic,,57cd7b12-c944-43e3-846f-ffea4a664a1f,4,Blue,Blue,{3}{U},Creature,"Human,Wizard",,dcd4da46-5438-4454-8b1b-43ca51bda1f9
1,Murmurs from Beyond,,aa70562c-8e1e-44d0-b46c-ccd791be6644,3,Blue,Blue,{2}{U},Instant,Arcane,,1e8be8b4-f7be-49cb-b32e-d92015dea7a2
1,Museum Nightwatch,,37860682-4973-4a0f-a43a-3056037bd2dc,4,White,White,{3}{W},Creature,"Soldier,Centaur",,3891a914-e597-4126-846f-39bf8534eb92
2,Mushroom Watchdogs,,d15fd66d-fa7e-411d-9014-a56caa879d93,2,Green,Green,{1}{G},Creature,Dog,,82259c84-773d-4670-9b09-d73f5a3be7ea
1,My Precious // Allure of Power,,15ae4d50-be2f-412c-bb6b-b0a06b60474a,3,,Black,{3} // {1}{B},Artifact,Equipment,Legendary,2e728381-6db0-4c66-883d-82d718fef833
1,Myr,,656af066-f9b3-4c23-b6c4-3ff55776858f,0,Blue,Blue,,"Creature,Artifact,Token",Myr,,21711b3c-2f1e-47b6-9d9b-979be78df2eb
2,Myr Enforcer,,eeeef899-a8b5-4416-a208-3bd5a0c7177b,7,,,{7},"Creature,Artifact",Myr,,2d8e1054-654f-42e8-8c29-12c3cf13a3eb
2,Myr Enforcer,,dff51ae7-4b68-4770-915b-fb6bcf9ca1ed,7,,,{7},"Creature,Artifact",Myr,,2d8e1054-654f-42e8-8c29-12c3cf13a3eb
1,Myrsmith,,78ea3e84-2d78-489f-875a-48e58c956451,2,White,White,{1}{W},Creature,"Human,Artificer",,7fc3798a-3907-4f50-98a1-25b8e1977197
1,Mysidian Elder,,6bc39af4-be19-4889-b930-df7ebf7b9481,3,Red,Red,{2}{R},Creature,"Human,Wizard",,10039992-d51a-47e7-9a70-02fe2227c163
1,Mystical Dispute,,fbe04cb8-a8b9-4241-baae-b398a2509a3a,3,Blue,Blue,{2}{U},Instant,,,48390b8d-db41-48a5-9bac-316660ab7252
3,Mystical Teachings,,b9f3a4e2-b3d2-4803-bcaf-5d63bff0feb5,4,Blue,"Blue,Black",{3}{U},Instant,,,81d72511-88b4-45ec-a5a9-e722caf55577
1,Mystical Teachings,,f7cb51cd-8418-43ee-bf4f-6b959cc5b131,4,Blue,"Blue,Black",{3}{U},Instant,,,81d72511-88b4-45ec-a5a9-e722caf55577
1,Mystical Tether,,18344498-952e-489c-8b03-bd1bef4c26ca,3,White,White,{2}{W},Enchantment,,,fb1a6986-39f7-4592-9039-7e30f5ccd009
1,Mystic Barrier,,ffb70bd4-e876-4242-b5b4-bb7493710f0f,5,White,White,{4}{W},Enchantment,,,0caf42f5-abff-48aa-9bbf-df6cba169ef3
1,Mystic Confluence,,62e5d409-c0b6-4123-802d-eb32f223bd1a,5,Blue,Blue,{3}{U}{U},Instant,,,cd11c27b-9368-4622-bc5a-2e0b993cc42b
1,Mystic Forge,,bc0de77a-c503-4000-9eb5-aa28a5e91082,4,,,{4},Artifact,,,994bc16d-fdc6-475c-96df-beeb4d5aa03e
1,Mystic Monastery,,35978c6a-6d36-452a-a3c5-cf4f3a11263f,0,,"White,Blue,Red",,Land,,,834b8f71-9a45-42ae-9e99-e749fa6fb45e
1,Mystic Sanctuary,,170e792c-80d5-4775-ad95-37614574ab84,0,,Blue,,Land,Island,,17b60106-a4c7-410a-8ac3-ec8e74e29a7c
1,Nadier's Nightblade,,bc9926d7-91b7-4067-b590-a0430bf68d16,3,Black,Black,{2}{B},Creature,"Warrior,Elf",,391978f6-0bbc-41e8-9246-f7d0e21c7900
1,Nahiri's Resolve,,e86e510b-aa06-403b-a53b-49a4ad66f286,5,"White,Red","White,Red",{3}{R}{W},Enchantment,,,12bd2051-297b-4bab-ac64-6eb26a42e3e2
1,Naiad of Hidden Coves,,a44d388d-251f-4927-a393-c1f56f567248,3,Blue,Blue,{2}{U},"Creature,Enchantment",Nymph,,38b4798d-47cc-4ffd-8b0b-e90b5da2ee2d
1,Nantuko Monastery,,4188a561-46e3-4ddd-8797-f33c37e9adb2,0,,"White,Green",,Land,,,c6de0ee9-785d-4cd8-8a7f-5bb715763131
1,"Narset, Jeskai Waymaster",,6b77cbc1-dbc8-44d9-aa29-15cbb19afecd,3,"White,Red,Blue","White,Blue,Red",{U}{R}{W},Creature,"Human,Monk",Legendary,1a2a74b8-0689-4959-9348-02cc832194cf
1,"Narset, Parter of Veils",,8c39f9b4-02b9-4d44-b8d6-4fd02ebbb0c5,3,Blue,Blue,{1}{U}{U},Planeswalker,Narset,Legendary,ab26fbe2-e808-48b9-8d0d-3fbb6c3d554f
1,Narset's Reversal,,3e59024a-3d24-43ba-9016-5b5c42a9fee0,2,Blue,Blue,{U}{U},Instant,,,d55f6c70-321f-4fb4-bd33-0850ae1a7c36
2,Nasty End,,c34f88d7-15a1-434f-88d7-3d4fcf406d54,2,Black,Black,{1}{B},Instant,,,f73da5d8-fd15-4315-ad3c-c86c28087285
1,Nasty Little Rabbit,,96bc7d25-2828-478a-8fe5-a1f4ede8c9c0,1,Green,Green,{G},Creature,Rabbit,,ee86cce6-c7c1-40a6-896b-cde9b86bb532
1,Naturalize,,4a766442-bbfd-4869-9cf5-918d9117c359,2,Green,Green,{1}{G},Instant,,,bdb3ca68-ec1f-4e16-81cc-d23f8f52c728
1,Natural Reclamation,,3e98fb7c-6962-4b57-b7b7-c71899564002,5,Green,Green,{4}{G},Instant,,,98266582-12fd-4a7b-a9bb-e9cc4370ed28
1,Nature's Rhythm,,1397d904-c51d-451e-8505-7f3118acc1f6,2,Green,Green,{X}{G}{G},Sorcery,,,0259f063-3e3f-4e07-9066-f748d4819829
1,Nature's Way,,ec122287-fe33-4ac3-803c-f5173cae50a7,2,Green,Green,{1}{G},Sorcery,,,8c04663a-1023-49a5-a0b9-78f24a72fb1e
1,Naya Charm,,ce1d6f9b-2ca8-48b8-b4a6-46a61c7c3905,3,"White,Green,Red","White,Red,Green",{R}{G}{W},Instant,,,20cc0f3e-de69-4e5f-88b3-ae7e6c6b5996
1,Naya Panorama,,6a546a28-8df5-4080-9f50-af86d84a066f,0,,,,Land,,,71e28800-c42c-48c0-95e5-0296be54a4e8
2,Nebelgast Beguiler,,04c68dbd-e61b-49a7-aa17-da6b26c9fd29,5,White,White,{4}{W},Creature,Spirit,,b1e76ce9-6f39-419c-99e3-ede2dfa4858c
1,Necrodominance,,ffc0109c-f939-4424-820e-d6e60cacd794,3,Black,Black,{B}{B}{B},Enchantment,,Legendary,a10b3e35-8cc4-450e-9e30-0fce8df0fea4
1,Necrogen Rotpriest,,87519b36-1d95-4020-a61d-6afb75555e3e,4,"Green,Black","Black,Green",{2}{B}{G},Creature,"Cleric,Zombie,Phyrexian",,7d9a424e-cab1-410f-9c04-ee0025d04169
1,Necrogen Spellbomb,,0950bfe7-2600-4e01-8f54-f03a5c023520,1,,Black,{1},Artifact,,,34993bd9-53bf-46b2-bc20-b6daf82382d9
1,Necrologia,,9da145ff-8989-4457-b408-792d7ad10df9,5,Black,Black,{3}{B}{B},Instant,,,925f11c3-fd32-4aa7-a130-6554b81ad3eb
1,Necrosynthesis,,ddc9ffa9-d743-42b1-9d54-805b94afa12b,2,Black,Black,{1}{B},Enchantment,Aura,,661618a2-54c7-4136-beff-fff5ff7d84cb
1,Nefarious Lich,,d90f5a4e-8c3a-4803-bb59-d3d7c23761db,4,Black,Black,{B}{B}{B}{B},Enchantment,,,d79e8ec4-b44b-4598-991c-7781dab55868
2,Negate,,4016c6f7-7cb4-46c2-af73-3bd6d682ea5e,2,Blue,Blue,{1}{U},Instant,,,3407fe41-fdd3-4119-8f70-4bc4590a379f
1,Negate,,81752db1-374e-4723-b695-a2f4a634dfc6,2,Blue,Blue,{1}{U},Instant,,,3407fe41-fdd3-4119-8f70-4bc4590a379f
1,Negate,,31534f45-43e6-4103-bf58-ad8fa688e4b0,2,Blue,Blue,{1}{U},Instant,,,3407fe41-fdd3-4119-8f70-4bc4590a379f
1,Neglected Manor,,11cf1531-8a3c-4e28-a114-d3a342b33bb6,0,,"White,Black",,Land,,,c8c632ab-14ec-44e1-ac00-81d48336320d
1,"Neheb, the Eternal",,767c5831-2195-4efa-802d-2ea2e6dabb5b,5,Red,Red,{3}{R}{R},Creature,"Warrior,Minotaur,Zombie",Legendary,b0d3fd57-1420-4dd1-8410-9d659655287f
1,Neighborhood Guardian,,0d12e748-e8d6-42d2-b501-c39cfcd6551d,2,White,White,{1}{W},Creature,Unicorn,,ef414347-bbe3-47cb-b900-88275561c43e
1,"Nelly Borca, Impulsive Accuser",,2ef59aa9-f5e1-413a-869b-d287db95efd0,4,"White,Red","White,Red",{2}{R}{W},Creature,"Human,Detective",Legendary,7ef5b2b6-86da-4e4a-9456-dcbb878936c4
1,Nervous Gardener,,93b747c7-b342-47f8-a190-16c393b20607,2,Green,Green,{1}{G},Creature,Dryad,,15dca6a7-8367-4b86-a86c-e44f10fb3c53
1,Nervous Gardener,,93b747c7-b342-47f8-a190-16c393b20607,2,Green,Green,{1}{G},Creature,Dryad,,15dca6a7-8367-4b86-a86c-e44f10fb3c53
1,Nessian Wanderer,,50d50576-c3ee-479a-8533-6c147f5cb1c4,2,Green,Green,{1}{G},Creature,"Scout,Satyr",,45703364-660a-4e73-a467-5ee47d936c1a
1,Nesting Grounds,,c25ad164-4076-496d-833c-d607391b1ac8,0,,,,Land,,,d27bb97d-286b-4947-8d7b-443e4df93319
1,Netcaster Spider,,07c95074-32c8-426e-b615-8ad5427c6c1c,3,Green,Green,{2}{G},Creature,Spider,,0ddb3fa0-447c-40c5-928a-541f3d543014
1,Nether Traitor,,fae5d1cb-ead9-41e1-84ce-2f06dc8cf6ba,2,Black,Black,{B}{B},Creature,Spirit,,6f16c3ac-a9b8-47e6-b18b-ae37c74d44a0
1,Nettlecyst,,b1814114-0f16-4baa-b5d9-b39ca47cf801,3,,,{3},Artifact,Equipment,,04c7f4fe-2098-4311-866d-6733c08d5178
1,Neurok Stealthsuit,,a65ad83a-7374-435d-a5bd-2dd455fa6420,2,,Blue,{2},Artifact,Equipment,,cee06ea6-8bad-4858-b78e-04879a825bbe
1,Nevinyrral's Disk,,5c9e6af4-522c-4dfa-895a-6946fe983e3c,4,,,{4},Artifact,,,96230edf-568a-47dd-b877-9d92aa58fac8
1,"Nev, the Practical Dean",,94cf1461-5e4f-4980-8ef9-293421af621f,3,Green,Green,{2}{G},Creature,"Wizard,Merfolk",Legendary,42750e30-d022-4623-a290-d91fa80721c9
1,"Neyali, Suns' Vanguard",,2b5df03d-2463-468b-b444-d946eeb1c96d,4,"White,Red","White,Red",{2}{R}{W},Creature,"Human,Rebel",Legendary,4012b400-7dcd-43d6-8806-39a3cb743d8f
1,Nezumi Freewheeler // Hideous Fleshwheeler,,76b5e289-6bc4-48ee-8d5b-6989bab9f901,4,"White,Black","White,Black",,Creature,"Rat,Samurai",,e6fd0c7c-b164-4cf1-8910-0f8e680b2213
3,Nezumi Linkbreaker,,6dd0095b-6136-4368-94cb-4c82621aaf37,1,Black,Black,{B},Creature,"Rat,Warlock",,5d24fb6b-7176-407c-b917-6c88a6da40df
1,Nezumi Linkbreaker,,6dd0095b-6136-4368-94cb-4c82621aaf37,1,Black,Black,{B},Creature,"Rat,Warlock",,5d24fb6b-7176-407c-b917-6c88a6da40df
1,Nighthowl Pursuer,,d3cbe830-7e95-4019-89c4-cfb36bcf00f8,1,Black,Black,{B},Creature,Wolf,,89aa97d0-1aef-4ed8-b29c-7943bb3d0e60
1,Night of the Sweets' Revenge,,27f53bed-7075-4303-aa9e-fcca0a266e19,4,Green,Green,{3}{G},Enchantment,,,4bcf4f12-470e-4f73-a19a-643a20084e16
1,Nightshade Peddler,,4d3de66c-2283-458f-9d0d-943027520aa2,2,Green,Green,{1}{G},Creature,"Human,Druid",,afd6089a-38cc-4a0f-853b-94d6be2d4470
4,Nihil Spellbomb,,603d217b-6375-46fc-992a-8dbd779da1e5,1,,Black,{1},Artifact,,,b713e49f-1b13-42d1-91f2-cc7a579e7614
1,Ninth Bridge Patrol,,5260ca48-e932-4396-a726-eefc30935c35,2,White,White,{1}{W},Creature,"Soldier,Dwarf",,21ad3d41-54e9-48f9-b150-be65f52ae464
1,"Nissa, Ascended Animist",,ee5d19d3-3efb-4e0e-b21e-fc55cf9b6904,7,Green,Green,{3}{G}{G}{G/P}{G/P},Planeswalker,Nissa,Legendary,9c8845d6-fa65-4731-b348-dc724fc2d285
1,Nissa's Pilgrimage,,800cef89-e90c-4f84-a7a0-3cd203532169,3,Green,Green,{2}{G},Sorcery,,,e83236f8-1c45-4d31-8937-1c76db549955
1,Nissa's Zendikon,,fd37ea0e-ff72-4522-aa5b-d46bff832a34,4,Green,Green,{3}{G},Enchantment,Aura,,1b8c4cbe-b2fc-4d52-9382-1e03c40003be
1,"Niv-Mizzet, Parun",,7be6bedd-8d38-4bd9-aa93-29f88a7f0126,6,"Red,Blue","Blue,Red",{U}{U}{U}{R}{R}{R},Creature,"Wizard,Dragon",Legendary,33666a98-812f-4892-9f8d-33e0cbecc340
1,"Niv-Mizzet, the Firemind",,93fd56e6-5d54-426e-9e44-ec2ad8a63724,6,"Red,Blue","Blue,Red",{2}{U}{U}{R}{R},Creature,"Wizard,Dragon",Legendary,959acb66-84ca-4535-bca2-ad591895735e
1,Noble Heritage,,3e49fd5a-6893-4a06-b835-4bf611c9ada1,2,White,White,{1}{W},Enchantment,Background,Legendary,2e342aa3-2590-4b59-852a-9adb31bafe5c
1,Noose Constrictor,,b432cccb-4291-46f3-a171-919adf8b95eb,2,Green,Green,{1}{G},Creature,Snake,,fb1d521f-cb64-4b87-b3f4-a74e91a60349
2,"Nori, Teller of Tales",,b05adb48-980c-49a0-9ce6-7c7f3f20715d,2,"White,Red","White,Red",{1}{R/W},Creature,"Dwarf,Bard",Legendary,03253076-9add-4efb-9227-b0a062c86534
1,North Pole Gates,,bcf7b9da-d35d-4338-b4d9-83e47dc058ee,0,,"White,Blue",,Land,,,3fcd1432-66d0-40e1-85ef-b57a6fa94b7c
1,Not Dead After All,,d01a2b68-efe6-4027-846d-db7b19d9eef6,1,Black,Black,{B},Instant,,,380c367f-73ea-485f-a37b-5af0ba160893
1,"Novijen, Heart of Progress",,9a1e15e7-4ba6-41ad-b27b-aee2d037b6a7,0,,"Blue,Green",,Land,,,b3b5137d-0225-4dba-9231-d235ab0f137c
1,No Way Out,,d9ef6a68-60a4-4a20-8b57-8b7a7c5ed0c6,3,Black,Black,{2}{B},Sorcery,,,8cbbb1f4-4654-4865-a14c-0c94cd5d8b19
1,"Now for Wrath, Now for Ruin!",,c2e2c80d-7581-46ba-8237-7886b91c19b3,4,White,White,{3}{W},Sorcery,,,8141fb64-7b55-40fb-8fe4-5efd805d8fef
1,Noxious Assault,,9649de6c-a9f7-4f0a-8bf7-cacaea60ed54,5,Green,Green,{3}{G}{G},Sorcery,,,95c0611a-b6f1-4cb8-8b47-73aa9c2a7d2c
1,Noxious Gearhulk,,289c11b7-a460-4a2f-b11a-e1ba54bd1f34,6,Black,Black,{4}{B}{B},"Creature,Artifact",Construct,,a77b5be2-f361-4135-ba25-670a74d268ac
1,Noxious Newt,,3a028306-c5d7-4f8f-b6f4-0d103fd47000,2,Green,Green,{1}{G},Creature,Salamander,,1232c461-643c-40a3-901e-09b665f817da
1,Nurturing Bristleback,,081d5c9e-71da-4454-ae4e-c76cb7790d20,7,Green,Green,{5}{G}{G},Creature,Dinosaur,,d33509d6-9d0c-4248-bb6d-0a9b7712f3a0
1,Nykthos Paragon,,2963205e-b181-44d1-809f-6577e29fa812,6,White,White,{4}{W}{W},"Creature,Enchantment","Human,Soldier",,367ac7e2-5056-48f3-a296-87d6cb1f7b54
1,"Nyla, Shirshu Sleuth",,e4760b87-b109-496a-98d1-353f67c265b8,5,Black,Black,{4}{B},Creature,"Beast,Mole",Legendary,3492cee8-b854-449a-ada4-a4e8a4333d87
4,Nyxborn Hydra,,902a969e-9f22-4e92-93eb-9d4536ca82e5,1,Green,Green,{X}{G},"Creature,Enchantment",Hydra,,4d1b655f-05b8-4b82-9cb9-67660f570a9b
1,Nyxborn Unicorn,,fa3a9f8f-b74f-44f1-a8b5-d21a55358a6c,2,White,White,{1}{W},"Creature,Enchantment",Unicorn,,b9304d88-a1de-4300-9425-50350969bd70
1,Nyx-Fleece Ram,,98d13a98-e715-49a8-a59e-a2adfcdec70b,2,White,White,{1}{W},"Creature,Enchantment",Sheep,,5a20113c-7ea8-4edf-af9f-148ccd326a88
1,Nyx Herald,,866dcef0-8d3e-4126-963a-05598d8a9e79,3,Green,Green,{2}{G},"Creature,Enchantment","Shaman,Centaur",,ed347609-15f9-4d57-9523-63a33a9dccbc
1,Nyx Weaver,,0e8553cc-8f61-4022-97c9-e31183b65059,3,"Green,Black","Black,Green",{1}{B}{G},"Creature,Enchantment",Spider,,6f8bf968-0571-4582-8c04-9791e44d5df0
1,Oakenform,,d1ca08a0-c58d-4c13-bf63-0401d89839b4,3,Green,Green,{2}{G},Enchantment,Aura,,b254fefb-11d2-4369-ae5c-0c3bd48ae580
2,Oakenform,,0bf71f42-6e42-46c0-9e8f-394d2c4519ee,3,Green,Green,{2}{G},Enchantment,Aura,,b254fefb-11d2-4369-ae5c-0c3bd48ae580
1,Oakgnarl Warrior,,09fe818e-6dbc-4100-8552-b0393c87b052,7,Green,Green,{5}{G}{G},Creature,"Warrior,Treefolk",,5cafdf77-5500-4471-a848-89863eea2a35
1,Oakhame Ranger // Bring Back,,c389e04c-b009-4468-b760-5dd588cff9b9,4,"White,Green","White,Green",{G/W}{G/W}{G/W}{G/W} // {G/W}{G/W}{G/W}{G/W},Creature,"Knight,Elf,Ranger",,9c247a17-361c-435e-90c8-ce9c6b71f7db
1,Oakheart Dryads,,d8ef63b9-c021-40fe-910e-93c06d660c20,3,Green,Green,{2}{G},"Creature,Enchantment","Dryad,Nymph",,60bac6e8-0c72-4665-9b01-d07c99dd1716
1,Obelisk Spider,,ae054604-0d77-45d0-b17b-55a83fb18e39,3,"Green,Black","Black,Green",{1}{B}{G},Creature,Spider,,f7289e62-ce5e-4f11-8d64-9fb62531b578
1,Oblivion Ring,,1e2a73ec-39be-4d23-8c25-17d7c174dcee,3,White,White,{2}{W},Enchantment,,,bd9b9772-f5f9-4c6b-913e-7193bea5d0a7
2,Oblivion's Hunger,,faf65512-8228-48f4-ba7b-d861b66d28c9,2,Black,Black,{1}{B},Instant,,,517be4da-9aa0-4a83-a559-962df0450f2c
1,"Ob Nixilis, the Hate-Twisted",,14916e2d-73af-4747-a927-d2d4cb3e32db,5,Black,Black,{3}{B}{B},Planeswalker,Nixilis,Legendary,88cd12e5-ca89-4176-96fd-320fe2ccd087
1,Obscura Ascendancy,,98a11e5e-d2a9-4490-90f3-a643fc7ed7c3,3,"White,Black,Blue","White,Blue,Black",{W}{U}{B},Enchantment,,,34ec084d-2c16-452f-8dcc-06641c80f7d1
1,Obscura Storefront,,1016b884-9a4c-41de-bd65-14271f4f6f9a,0,,,,Land,,,dc31a6f8-6228-4a25-b937-5d8d78514333
1,Observed Stasis,,6301c10c-8c27-4595-a0a7-30c621332b2c,4,Blue,Blue,{3}{U},Enchantment,Aura,,0c729806-3a23-491e-847f-23a394d27291
1,Ochre Jelly,,9f23cfb7-c6b6-4f04-abba-5b2a6117ea12,1,Green,Green,{X}{G},Creature,Ooze,,2b757d32-09a3-49cd-ada4-84b5335178ce
1,Octoprophet,,13becea1-e745-4c96-bfc2-6a277fb60ee1,4,Blue,Blue,{3}{U},Creature,Octopus,,af6cfc23-b64b-4c8a-94b4-69d2b01cb3b9
1,Octopus Form,,ce96a826-53a0-4029-bf34-46779d133b13,1,Blue,Blue,{U},Instant,Lesson,,6fec368d-374d-4318-861b-ff478ba51a3c
1,Offer Immortality,,b0aac10a-6d47-4a6c-8a10-2b7c06f3ff32,2,Black,Black,{1}{B},Instant,,,be4499e6-616a-4c11-b37e-9201d2492682
1,Of Herbs and Stewed Rabbit,,c58623cb-8b49-470c-9622-dd6e09d47599,3,White,White,{2}{W},Enchantment,Saga,,2efb908f-d069-4041-930b-5c1ccec00db2
1,Ohran Frostfang,,4825bc98-5274-4ede-8fa0-368b1153a83a,5,Green,Green,{3}{G}{G},Creature,Snake,Snow,b99ada26-9a61-4175-9fb8-15a106960220
1,Óin the Brave,,9984b9ef-e81c-48f4-aa33-0504171a2d3c,2,Red,Red,{1}{R},Creature,"Warrior,Dwarf",Legendary,a25ba5cc-6ff8-4215-b70d-7e86e15e3c1a
3,Óin the Brave,,9984b9ef-e81c-48f4-aa33-0504171a2d3c,2,Red,Red,{1}{R},Creature,"Warrior,Dwarf",Legendary,a25ba5cc-6ff8-4215-b70d-7e86e15e3c1a
1,"Oko, Lorwyn Liege // Oko, Shadowmoor Scion",,1dab370a-1067-4d94-be1f-10362d4abf5a,3,"Green,Blue","Blue,Green",,Planeswalker,Oko,Legendary,a0c956dc-d7de-4f11-b76f-7537fbee1731
1,Old Fat Spider Can't See Me,,4a865cea-f947-4736-8ace-ba478fceeb22,3,Blue,Blue,{2}{U},Enchantment,Saga,,e4402d21-bb7f-4777-bc8d-b24bf2faccb0
1,Old Man Willow,,0362b7c4-fff5-4bc2-b32d-913f85c23cc4,4,"Green,Black","Black,Green",{2}{B}{G},Creature,Treefolk,Legendary,96c96842-42c2-4aa3-95e2-6186d4ab5693
1,Old Rutstein,,90930e16-4a77-4ce6-bab4-e099184d1b54,3,"Green,Black","Black,Green",{1}{B}{G},Creature,"Human,Peasant",Legendary,8f5ffb0b-0585-4a37-8048-eda53990d1dd
1,Old Stickfingers,,a1300687-7f19-4337-a03c-b9937fb19ee0,2,"Green,Black","Black,Green",{X}{B}{G},Creature,Horror,Legendary,1d85eec2-80db-466c-bd48-d2a12866e8bd
3,Old Thrush,,3ad02b56-13ec-46ef-92bd-ae078b8bb517,2,,,{2},Creature,Bird,,c8259b0e-131f-44f0-86d4-7c4d711b328d
1,Oliphaunt,,6989018c-37b1-4282-a4af-9cc97f160b4d,6,Red,Red,{5}{R},Creature,Elephant,,186b2256-4af3-48cb-96b0-b0e80a7ee6dc
2,Olog-hai Crusher,,c33bf593-62e0-491a-a31a-328bce6d8735,4,Red,Red,{3}{R},Creature,"Soldier,Troll",,fb6f04bc-3514-49b2-9d17-f80980d996a8
1,Omashu City,,c21e413b-96ed-4ded-b567-f1647074ce5f,0,,"Red,Green",,Land,,,6f9a4bb2-5959-4a5c-83af-c2729e6673df
1,Ominous Harvest,,2271184b-08eb-4d2a-8ebf-a1807d51dd2a,3,Black,Black,{2}{B},Sorcery,,,76bc6518-dea4-4a5c-a8a7-352cd297197b
1,Ominous Seas,,067f24df-7018-45c8-bd67-1336b3672bb3,2,Blue,Blue,{1}{U},Enchantment,,,58ea9b0a-1bef-4ccb-acb7-f03c8daf3df3
1,"Omnath, Locus of Mana",,acf0cab3-da50-4561-8797-cd179af39216,3,Green,Green,{2}{G},Creature,Elemental,Legendary,9da896e1-2256-425b-b801-1ae6f0470559
1,"Omnath, Locus of Rage",,58f311e7-7ebf-4428-b5a3-154255eb3ba1,7,"Green,Red","Red,Green",{3}{R}{R}{G}{G},Creature,Elemental,Legendary,1816eede-c5bd-49df-958f-a3af64cb2932
8,Onakke Ogre,,9e016da6-8800-47b4-9b96-1887677c795c,3,Red,Red,{2}{R},Creature,"Warrior,Ogre",,fa10cacb-ab14-447a-b411-9d74bc3772fb
1,On an Adventure,,fcf4c7fb-7859-4c11-8552-6817f5119d2e,0,,,,Card,,,753e92c1-ea84-4b64-beb7-defcc7a5a3de
1,One Ring to Rule Them All,,bb2dc2e0-f393-4442-818b-d3b860bfffd0,4,Black,Black,{2}{B}{B},Enchantment,Saga,,c75add5e-4e9d-4c68-a8ad-b878b1dbc0a4
1,On the Job,,48b92629-4196-4943-91fd-8c8d5f3fcaef,4,White,White,{2}{W}{W},Instant,,,e4733889-4d4c-4bf7-8a9b-fb5ad7a38395
1,Open the Gates,,ff326c57-accb-4b75-9bc9-b5ef1a85f38d,1,Green,Green,{G},Sorcery,,,f38e43b6-9a8c-4f6a-bd1c-d5c4913a28a1
1,Open the Graves,,9ced1022-abd9-4e22-a4f2-fef738295224,5,Black,Black,{3}{B}{B},Enchantment,,,28778958-a1f9-4fea-b551-c193d1257f18
1,Open the Way,,5d928e0d-a586-4de1-a469-0591122659fa,2,Green,Green,{X}{G}{G},Sorcery,,,e07297c7-83bc-4162-bbb1-362bc737efe0
1,Ophidian,,0de0a010-76a7-460f-bb4e-a152c10c3bb7,3,Blue,Blue,{2}{U},Creature,Snake,,953bdefa-4639-4524-af5c-5055d1289f40
1,Ophiomancer,,baf793b6-9612-43f3-9f1b-2e53e81cb89f,3,Black,Black,{2}{B},Creature,"Human,Shaman",,55eca80c-dcd8-4c2f-aa0f-fb0aec7b80f7
2,Opt,,25f2e4d0-effd-4e83-b7aa-1a0d8f120951,1,Blue,Blue,{U},Instant,,,713332c1-5bd8-400f-bfff-c1ca0697a043
2,Opt,,c3669391-8f64-4904-b432-0f0582f30449,1,Blue,Blue,{U},Instant,,,713332c1-5bd8-400f-bfff-c1ca0697a043
1,Opulent Palace,,21cb3b3b-0738-4c2e-a3fc-927fd6b9d3fb,0,,"Blue,Black,Green",,Land,,,f9e7e855-1e3b-42d3-91b0-64ba8b5b8982
1,Opulent Palace,,21326575-80b9-4a4e-a93c-6880ec6575d5,0,,"Blue,Black,Green",,Land,,,f9e7e855-1e3b-42d3-91b0-64ba8b5b8982
1,Oracle's Restoration,,0863a19d-4511-4a78-98dd-d194afd1c39b,1,Green,Green,{G},Sorcery,,,00e75a6b-699e-4824-86e5-66d45245cd9b
1,Oran-Rief Ooze,,fd2ad967-dd77-4c3a-b53c-2929ecf7750f,3,Green,Green,{2}{G},Creature,Ooze,,94a7dcef-d1c1-4ffa-869e-b911e84ed66c
1,Oran-Rief Recluse,,37a69043-23f5-478e-bf9b-f170e326c0e0,3,Green,Green,{2}{G},Creature,Spider,,043fa53c-8a46-4fbd-836f-2403c62e0121
1,Orchard Strider,,386da156-59cd-4b96-9276-a7cb2ddd0421,6,Green,Green,{4}{G}{G},Creature,Treefolk,,c6906032-e08b-478f-bc71-cb1184f60bad
1,Order of Leitbur,,1373dea4-3565-4612-8505-ab8fba3ddb67,2,White,White,{W}{W},Creature,"Human,Knight,Cleric",,d8f5279f-c58e-4560-9c68-77d226a3c86c
1,Order of the Golden Cricket,,bfcf25b6-b4a6-4077-b827-3d44a6f5d744,2,White,White,{1}{W},Creature,"Knight,Kithkin",,02abe85a-c603-4963-aba4-524cc80847ea
1,Oreskos Swiftclaw,,0ea1dfb4-1983-41f7-956c-f2a1d1489b54,2,White,White,{1}{W},Creature,"Warrior,Cat",,014d00fc-434a-4b06-84b2-afd930677d61
1,"Ori, Keeper of Songs",,c5727af5-a487-4b16-8278-81c3c928c417,3,White,White,{2}{W},Creature,"Dwarf,Bard",Legendary,69cc089a-abd3-4edb-bc79-f02daac70837
1,"Ori, Keeper of Songs",,c5727af5-a487-4b16-8278-81c3c928c417,3,White,White,{2}{W},Creature,"Dwarf,Bard",Legendary,69cc089a-abd3-4edb-bc79-f02daac70837
4,"Oroku Saki, Shredder Rising",,e65ff1f4-a061-4c31-a78e-92af6e7bc56f,3,Black,Black,{2}{B},Creature,"Human,Ninja",Legendary,d14f620c-0fbd-485c-9fe4-34949e742147
1,Orzhov Advokist,,96017805-0a26-4beb-8de3-6779c4e5633d,3,White,White,{2}{W},Creature,"Human,Advisor",,d5e9942e-096f-433f-8668-4b594f3c1b02
1,Orzhov Basilica,,b4895407-2ff7-4a68-b47e-eb9733c95451,0,,"White,Black",,Land,,,aa00ae0b-7c0f-427e-8102-ce0e2a6af5df
1,Orzhov Basilica,,d1d7237b-6749-4d39-bc69-5185d01e24d4,0,,"White,Black",,Land,,,aa00ae0b-7c0f-427e-8102-ce0e2a6af5df
1,Orzhov Signet,,e5dfdfe0-f59c-4142-8fef-c02eb5e81378,2,,"White,Black",{2},Artifact,,,de3dcb5d-775a-479f-99f5-d1883ed9b1b5
1,Orzhov Signet,,0f0d3c9c-7b3d-4dd1-bf0a-41652e2e1f94,2,,"White,Black",{2},Artifact,,,de3dcb5d-775a-479f-99f5-d1883ed9b1b5
1,Ostrich-Horse,,5ca3fd45-9301-44ef-afc0-4d7999d66d36,3,Green,Green,{2}{G},Creature,"Bird,Horse",,2b6cb199-1564-4214-b24f-624dc962c907
1,Oteclan Landmark // Oteclan Levitator,,099a1d1c-72ba-468e-9385-8f93e1fce001,1,White,White,,Artifact,,,2420828e-b886-42d3-81ba-8ee81b6e1eb8
1,"Otharri, Suns' Glory",,80c72839-0fa6-4b5f-83b7-6553ebf09bef,5,"White,Red","White,Red",{3}{R}{W},Creature,Phoenix,Legendary,b081352b-d17b-4031-bbcc-c5c02cbfa6b6
1,Otter-Penguin,,480b6279-bb34-4b3f-a639-868b52af92b9,2,Blue,Blue,{1}{U},Creature,"Bird,Otter",,e2171c48-a816-41b2-aa55-e0ba2503fd6a
3,Outlaw Medic,,2feaa51e-47fb-4849-b420-ee7278f3489a,2,White,White,{1}{W},Creature,"Human,Rogue",,637be5f7-ab39-4e3a-a5eb-c6e48fca00a9
1,Outlaw Medic,,2feaa51e-47fb-4849-b420-ee7278f3489a,2,White,White,{1}{W},Creature,"Human,Rogue",,637be5f7-ab39-4e3a-a5eb-c6e48fca00a9
1,Outlaws' Fury,,f7502b9c-b759-499a-8e94-22f87f5eb142,3,Red,Red,{2}{R},Instant,,,5b5ef88c-f863-4f55-91fc-a63f7f3c1b3f
1,Outpost Siege,,a8645f34-b830-4429-8fca-9458d1e3dccc,4,Red,Red,{3}{R},Enchantment,,,ebb24fc7-dc71-4712-8c2a-b5920f78e55d
1,Overcome,,718352b9-1a68-44a1-947b-34f525f21223,5,Green,Green,{3}{G}{G},Sorcery,,,15353e27-96ca-48c7-83d7-efd57c094643
1,Overflowing Basin,,6357d665-2b28-4747-ab43-b90176d78d42,0,,"Blue,Green",,Land,,,5ac8e01c-b0a7-4855-a122-1cd26b07c4a5
1,Overgrown Farmland,,644fb0ed-f434-4cc4-b7e9-a60db5ece2b7,0,,"White,Green",,Land,,,709d2f10-1585-48c3-9058-ddd5f62f0452
1,Overgrown Tomb,,45b92924-baa1-4c9b-9932-9a5eda8f3446,0,,"Black,Green",,Land,"Swamp,Forest",,975ec9a3-6f20-4177-8211-82526e092538
1,Overpowering Attack,,e4ad338e-88ee-4919-aec4-320071a7cfb5,5,Red,Red,{3}{R}{R},Sorcery,,,e31235f0-1f25-4158-b46e-cacde2f58b7e
1,Overrun,,96f9df13-3bd8-415d-b949-9b39f97fdde7,5,Green,Green,{2}{G}{G}{G},Sorcery,,,204f9afe-c20b-4933-b5cd-aa572784762a
1,Oversold Cemetery,,06b7312a-c775-4fa8-ba62-c84ff38459e8,2,Black,Black,{1}{B},Enchantment,,,ed4cd3a1-688b-4c05-948d-39d3336e00c0
1,Overwhelming Encounter,,616c498c-ac7c-4e58-8789-9bde047c2d47,5,Green,Green,{3}{G}{G},Sorcery,,,7573ce9f-fc35-4d20-9b60-c739b8408444
1,Overwhelming Instinct,,2d9e3793-7ddc-45c5-b25d-acd5cb96026f,3,Green,Green,{2}{G},Enchantment,,,9ba89c25-5302-414f-a2ec-436b8981999d
1,Overwhelming Intellect,,9624bbf9-15b0-40f9-9f02-f2af3f1220f8,6,Blue,Blue,{4}{U}{U},Instant,,,8038337b-aff9-49aa-800c-0e12d2688765
1,Overwhelming Victory,,498b0bff-28f2-458f-844b-13814cfa8b14,5,Red,Red,{4}{R},Instant,Lesson,,20d94561-7526-4305-8d2d-7daf62729ff4
1,Overwhelming Victory,,498b0bff-28f2-458f-844b-13814cfa8b14,5,Red,Red,{4}{R},Instant,Lesson,,20d94561-7526-4305-8d2d-7daf62729ff4
1,"Ovika, Enigma Goliath",,54819d7a-eec6-49e6-a0bb-d9d07d42b4a6,7,"Red,Blue","Blue,Red",{5}{U}{R},Creature,"Nightmare,Phyrexian",Legendary,b05a2b5f-1b5c-4f1b-8a6b-525c5c8b8ba1
1,Owlin Historian,,5fe99be0-e1ec-485e-82f8-02eba7b82441,3,White,White,{2}{W},Creature,"Cleric,Bird",,e1ebb60e-fbf3-4f8f-a76f-d637ec59ffb0
1,Ozai's Cruelty,,22cad680-d46a-4589-a633-b6ee9a78d61e,3,Black,Black,{2}{B},Sorcery,Lesson,,aba5c046-2f8c-4749-b347-9a7d8cb1c865
2,Pacifism,,31279d7c-5246-40b2-a8c7-0be4a5f24a29,2,White,White,{1}{W},Enchantment,Aura,,5f5e0b10-c8cf-450c-bfd3-bcb0528ec330
1,Pactdoll Terror,,70226354-47b7-4f9d-a5a8-559d17f07720,4,Black,Black,{3}{B},"Creature,Artifact",Toy,,e02fff6b-9ee4-474f-97fc-d70d4bc8001b
1,"Page, Loose Leaf",,8c6fecfd-8241-4cf0-b1eb-19472b99e0ed,2,,,{2},"Creature,Artifact",Construct,Legendary,3bbad38b-7d88-4ff2-9fd3-5081536e7c56
1,Pain for All,,d2948913-817b-4715-92d5-ed3cde347be7,3,Red,Red,{2}{R},Enchantment,Aura,,4eedf21c-0ad1-48da-a9fe-2ffdbf8371e9
1,Painful Quandary,,05757669-e8a6-4a2f-8479-d4e2ade822ca,5,Black,Black,{3}{B}{B},Enchantment,,,c37051cc-6683-4dbb-b5ff-5c3a5bdab1df
1,Painter's Studio // Defaced Gallery,,e96901eb-5b57-43f4-a7b1-ae3b809bc36e,5,Red,Red,{2}{R} // {1}{R},Enchantment,Room,,2af01e09-f233-4675-89cd-470816471c62
1,Paladin's Arms,,446506c5-5e1d-4b42-aef3-ea247d7881ef,3,White,White,{2}{W},Artifact,Equipment,,22076484-e9d5-4f33-8cf3-b9b427436b05
1,Panharmonicon,,1d92b7dd-1f63-4f34-87ca-01a0eaa7b3a1,4,,,{4},Artifact,,,76678885-3674-443d-b9a2-2a460cf6aac0
1,Panicked Altisaur,,ad371c97-a266-4a88-9d28-2e889a37ba00,5,Red,Red,{4}{R},Creature,Dinosaur,,6de64e59-0a47-46c4-90bf-c56e63266f19
1,Papalymo Totolymo,,0b876b1e-fcf4-4e5c-81b0-1080ac8099ed,2,"White,Black","White,Black",{W}{B},Creature,"Wizard,Dwarf",Legendary,334e83cd-b513-4bd4-89a2-86875667e6c4
1,Paradoxical Outcome,,17e50157-bf49-4c5f-9b8a-bf73484e63a5,4,Blue,Blue,{3}{U},Instant,,,2cce7250-f8f9-4c0a-87b1-ba3c5b8ed6b3
1,Parallel Thoughts,,d913c541-a8fb-4383-bbab-988be3e0f5d5,5,Blue,Blue,{3}{U}{U},Enchantment,,,2daee7cb-6736-4aa6-9921-0371c1abe69f
1,Parker Luck,,e375bcf0-7fcb-4fe4-a7e8-a4cbf9b23e3c,3,Black,Black,{2}{B},Enchantment,,,03d1a4e9-3ebc-491f-8741-5d933b500abf
1,Part in Friendship,,b4ff1eac-6d97-40ab-9b7c-c2fdca0917d9,5,Green,Green,{4}{G},Enchantment,,,e1a9c467-2d64-4e11-adf3-7333c923b187
1,Past in Flames,,aae078f4-2310-4112-975e-677d5255988a,4,Red,Red,{3}{R},Sorcery,,,37a18736-5fe2-4897-809b-013497bdd890
1,Patchwork Banner,,81669ca8-3f20-45e6-b088-65969dcd93d1,3,,,{3},Artifact,,,4fb00dbe-1f82-4ba6-b18c-97e816d10d3a
1,Path of Ancestry,,307eea3e-c029-46a1-839c-1783bb4a6243,0,,,,Land,,,b473e293-59e3-4e04-acf2-622604aeb25f
1,Path of Ancestry,,307eea3e-c029-46a1-839c-1783bb4a6243,0,,,,Land,,,b473e293-59e3-4e04-acf2-622604aeb25f
1,Path to Exile,,20298a61-2739-4254-b102-51a2a74b5ddc,1,White,White,{W},Instant,,,d683d985-9888-4d21-8b5f-69e69ce4a03b
1,Path to Redemption,,f936d64a-0db4-49c1-8a57-6d99e012a555,2,White,White,{1}{W},Enchantment,Aura,,ac94860b-70b8-4624-9758-4bb024a56f60
1,Path to Redemption,,f936d64a-0db4-49c1-8a57-6d99e012a555,2,White,White,{1}{W},Enchantment,Aura,,ac94860b-70b8-4624-9758-4bb024a56f60
3,Patient Instructor,,e4800508-8bb9-41bb-8712-b55fba7a80a5,3,"White,Blue","White,Blue",{2}{W/U},Creature,"Human,Citizen",,bddd7e99-ec74-4ca6-9137-155b85695a95
3,Patient Naturalist,,1dd17cea-9e8c-4dba-b6ab-a6b9de87a306,3,Green,Green,{2}{G},Creature,"Human,Scout",,ba7c1062-f777-4ba9-84df-ec340a9ec514
1,Patrolling Peacemaker,,1e06d6be-c2a3-4c73-a916-89674c0ddfed,3,White,White,{2}{W},"Creature,Artifact","Soldier,Robot",,aa44171d-1c76-40a7-82fc-5ef2abbca647
1,Pawn of Ulamog,,c1b0377c-efd6-4fab-89f0-b219ca2c4c22,3,Black,Black,{1}{B}{B},Creature,"Vampire,Shaman",,9bcaf141-1f1f-491f-aced-13dc093b9e2c
1,Peculiar Lighthouse,,3a6e40c0-e70e-4353-a920-9851cfac71dd,0,,"Blue,Red",,Land,,,d55f7e20-11c6-44e2-8a21-dca67d3dbc68
1,Pegasus,,ebd8f43d-7e54-46d4-9fe9-ac818a9fd91f,0,White,White,,"Creature,Token",Pegasus,,251085b8-4bca-4fcd-92a0-006541be827e
1,Pegasus Courser,,0c04eafe-8be0-416e-a5b9-486a3b3b5984,3,White,White,{2}{W},Creature,Pegasus,,24db5905-d513-42c6-9e9d-114ac5cbd21d
1,Pelakka Predation // Pelakka Caverns,,e63f8b20-f45b-4293-9aac-cdc021939be6,3,Black,Black,,Sorcery,,,b0fd6889-20b4-439b-aa97-2e90aca1675a
1,Penumbra Spider,,6a989ac1-df69-45e7-98bf-564cc7c38973,4,Green,Green,{2}{G}{G},Creature,Spider,,47678f44-b595-492e-af00-4e73f941e24e
1,Peregrine Drake,,2d0e3b84-31ea-4ff2-8028-1e983fad22d4,5,Blue,Blue,{4}{U},Creature,Drake,,0bd67481-6bd9-48d6-92bd-8933b5ea1eae
1,Peregrin Took,,f5baee8d-88e7-4468-94a9-66ca8e2caf15,3,Green,Green,{2}{G},Creature,"Citizen,Halfling",Legendary,188da0ad-8524-4fb2-915e-1876dc9df89f
1,Perennial Behemoth,,6cb74e91-f7e5-49dd-8aa8-83a679f88a21,5,,Green,{5},"Creature,Artifact",Beast,,ee4b7aca-31dd-4369-8e85-b300892b9b41
1,Perilous Research,,f425b017-8c4d-457f-919a-f2686d71bcac,2,Blue,Blue,{1}{U},Instant,,,9243b539-5f9e-4bb3-9973-3d48366aa7cc
1,Perpetual Timepiece,,6edbedf9-273f-4d7f-80a2-705858bd4d6d,2,,,{2},Artifact,,,17b4778b-82b1-4845-ad08-00f3ff66877b
1,Perplexing Test,,cf5fe687-91e0-4a2b-b973-3190c268a8e2,5,Blue,Blue,{3}{U}{U},Instant,,,8682266c-2b0f-496e-b1c6-1fb338feac24
1,Persistent Specimen,,f7baf973-3202-4fea-8861-a4a5ec228640,1,Black,Black,{B},Creature,Skeleton,,5f4ad578-f2c4-47f6-8080-8fbc17383f6f
1,Personify,,1172582d-fb2d-4022-95b1-e48b03df3a95,2,White,White,{1}{W},Instant,,,e1708ad9-35d4-4243-92ca-ddf9d129aa32
3,Person of Interest,,7d56ebff-67c8-4bc7-a533-ddde4ce0c2af,4,Red,Red,{3}{R},Creature,"Human,Rogue",,3d18cd9b-6013-48d7-9269-4787e7585a51
1,Persuasive Interrogators,,f0713025-581f-451b-97a3-97d891285dcc,6,Black,Black,{4}{B}{B},Creature,"Gorgon,Detective",,b401179f-eded-4973-8182-df4627133886
1,Pestilence,,29d852c4-bd53-4a3b-b1e2-896917cbc27f,4,Black,Black,{2}{B}{B},Enchantment,,,dafe63ef-f3d6-45e7-877a-573da92ba85e
1,Pest Infestation,,8407c498-b972-49fe-b30a-a864c39ddc7a,1,Green,Green,{X}{X}{G},Sorcery,,,1b704798-0c69-4c18-ac7e-42933ce90028
1,Pest Mascot,,d882beb9-6766-4818-afbb-f6fd7a2d5b70,3,"Green,Black","Black,Green",{1}{B}{G},Creature,"Ape,Pest",,b8ecddf7-ba89-40dd-9f63-5bad27dd850d
1,Petrified Hamlet,,355dd460-b0e9-41f2-a058-b7f7e39ac387,0,,,,Land,,,78a2972c-14f4-41f3-99f9-167948bdd73a
1,Petrify,,bbc5f28f-6361-455f-ac82-260a70e59316,2,White,White,{1}{W},Enchantment,Aura,,ebec110e-aff3-48aa-abf6-309dd2ffb478
1,Petrifying Meddler,,f0f2bdfd-1cbc-456e-aba7-4e0b6485cf8a,5,,Blue,{4}{U},Creature,Eldrazi,,bd9b3009-f389-4831-b250-80c4bb8f25e5
1,Phantom Warrior,,11cbdf06-f6b5-4bd8-80bf-6d7e57649684,3,Blue,Blue,{1}{U}{U},Creature,"Warrior,Illusion",,23745133-e5e2-4ce3-b94a-73d0d3d8a013
1,Phoenix Chick,,76bdc912-61da-428d-b0d7-3a38676a402a,1,Red,Red,{R},Creature,Phoenix,,40bb7b6b-a75d-4b59-ba45-a5801dcd59a1
1,"Phylath, World Sculptor",,e7af88c9-70ca-484c-bddf-b705e0ea7bc7,6,"Green,Red","Red,Green",{4}{R}{G},Creature,Elemental,Legendary,3d79cbe2-cf1b-4313-ab47-0118fcdbfc6c
1,Phyresis,,0059d21b-0725-4806-8691-2451db36787f,2,Black,Black,{1}{B},Enchantment,Aura,,958628af-243c-4eb0-8620-5d483b6da768
1,Phyrexian Arena,,54f69d43-de01-46a8-b102-b47e23e0e947,3,Black,Black,{1}{B}{B},Enchantment,,,ee579a32-a048-4335-b966-231ba731cdea
1,Phyrexian Awakening,,6b9ed068-b6bb-4c9e-a8c9-56aa9b62037a,3,White,White,{2}{W},Enchantment,,,0566ab5d-c804-4ac0-add2-87fc352b4c7e
1,Phyrexian Digester,,f9112062-1a1b-462b-85d3-821ea91778b8,3,,,{3},"Creature,Artifact","Construct,Phyrexian",,9e7b03ae-dcf5-4892-9000-aee7e2cd2fed
1,Phyrexian Dragon Engine,,e2b826be-4256-4fd6-ad4d-6c80933ee940,3,,Red,{3},"Creature,Artifact","Dragon,Phyrexian",,022b42a6-ee0f-4080-b973-c1b68938c3be
1,Phyrexian Ghoul,,4843ba92-fde2-4b46-8fdb-e0f8aca96959,3,Black,Black,{2}{B},Creature,"Zombie,Phyrexian",,748c2723-dc59-4aa7-9667-d4679448c8b6
1,Phyrexian Ghoul,,08586285-9a42-48ef-9188-0dd5d7294ad2,3,Black,Black,{2}{B},Creature,"Zombie,Phyrexian",,748c2723-dc59-4aa7-9667-d4679448c8b6
1,Phyrexian Golem,,e7a91956-e351-4533-9f0d-4a578617f88b,0,,,,"Creature,Artifact,Token","Golem,Phyrexian",,2dc8033c-8ad9-4888-8705-efeda938ebf0
1,Phyrexian Horror,,1f5fc2cb-a172-418a-a0f3-1a63a5f1aa2c,0,Green,Green,,"Creature,Token","Horror,Phyrexian",,ccaaaaf6-2e86-41d6-b9d4-4e32fa16ff5b
3,Phyrexian Mite,,a0b4b9cc-b0a4-4383-881b-e843e5d8a8c1,0,,,,"Creature,Artifact,Token","Phyrexian,Mite",,2667d723-01c8-4ea3-ac17-cedb3b842c3b
1,Phyrexian Swarmlord,,715565be-0c97-4f06-8e89-2ea44c6007c9,6,Green,Green,{4}{G}{G},Creature,"Horror,Insect,Phyrexian",,4fc2755c-ae7b-4147-a573-b33679a461e8
1,Phyrexian War Beast,,e7a83384-8762-4028-8cab-b690593790a6,3,,,{3},"Creature,Artifact","Beast,Phyrexian",,0c93c418-e10b-4a6d-bddb-3b786bb6a928
1,Phyrexian Warhorse,,f42167ef-7858-4c66-b1bc-41c3288a8ee8,4,Black,"White,Black",{3}{B},Creature,"Horse,Phyrexian",,05075332-6856-4147-a22d-3a5bd1e96b7b
1,Pick Your Poison,,f58cfb23-4d99-4133-bf4b-d7e7c7d17cea,1,Green,Green,{G},Sorcery,,,9af4a832-d634-47aa-91ed-79d44fe08864
1,Pikemen,,bf2f6936-b50c-4907-9b55-ebf8a3fba8f5,2,White,White,{1}{W},Creature,"Human,Soldier",,5556a897-8947-4b78-81ce-a829508a4f11
1,Pillar Launch,,f177e9cc-0c41-417d-9215-5ff23a1a0657,1,Green,Green,{G},Instant,,,a39c758d-82be-4d8c-bb3e-8ee8a6c6788b
1,Pinecone Strike,,ea174cea-40e5-424e-9734-e39aae6c6b17,2,Red,Red,{1}{R},Instant,,,961e3023-39ea-4141-99b6-738280a2815d
1,Pinnacle Emissary,,3c922347-f05f-40a4-bbee-6bc02a1e0de5,3,"Red,Blue","Blue,Red",{1}{U}{R},"Creature,Artifact",Robot,,522e8db5-857e-492f-afed-d60cd2ce3dcd
1,Pinnacle Monk // Mystic Peak,,24d4f26e-7f96-4b38-867e-4fac819b2679,5,Red,Red,,Creature,"Djinn,Monk",,f3d48efa-910a-4872-a5b1-a353c5dbce99
1,"Pippin, Warden of Isengard",,a0a7a648-125a-4cf4-bf8b-e1773d8723ff,2,"Green,Black","Black,Green",{B}{G},Creature,"Advisor,Halfling",Legendary,421ec8a8-2b20-4296-b8f7-010acc3f8097
1,Piranha Marsh,,ea077cff-b5c9-4a40-8e66-8810c37be5cb,0,,Black,,Land,,,6bc8fd7e-7616-484a-ac23-04d37c93733b
2,Pirate Hat,,9d11e3d4-769d-47aa-8d3a-ce1ac60b68b8,2,Blue,Blue,{1}{U},Artifact,Equipment,,b9080653-87cb-4443-a4a3-36637d5ad165
1,Pirate Peddlers,,5c998994-6c3b-4f34-9b31-babba2b17266,3,Black,Black,{2}{B},Creature,"Human,Pirate",,4771a871-576e-4a14-92f0-b5b41c63d615
1,Pitiless Carnage,,fa76fc45-a106-4dc9-9d44-a005eaa2784d,4,Black,Black,{3}{B},Sorcery,,,186bfdac-ce9c-476f-89b6-ef467487fca5
1,Pitiless Gorgon,,c1a925a0-9d26-441b-8b4a-0614a0485fe6,3,"Green,Black","Black,Green",{1}{B/G}{B/G},Creature,Gorgon,,4704ce78-b287-4038-abdd-ddb20116874d
1,Pit Trap,,c588fe7f-945d-4459-904c-67442f88b4e1,2,,,{2},Artifact,,,671c4677-fe0a-4bda-9674-f4dcd9069bfd
1,Plague Nurse,,5e7eef9e-68ae-4743-ad89-64f6fafbe365,4,Green,Green,{3}{G},Creature,"Cleric,Phyrexian",,af7abd22-3134-4872-bbe2-0ad84742d9e5
1,Plains,,24dc369c-020a-4115-a4bb-d60a44de64e3,0,,White,,Land,Plains,Basic,bc71ebf6-2056-41f7-be35-b2e5c34afa99
2,Plains,,24dc369c-020a-4115-a4bb-d60a44de64e3,0,,White,,Land,Plains,Basic,bc71ebf6-2056-41f7-be35-b2e5c34afa99
1,Plains,,7b7c408b-8660-4db5-9a16-5003c11b4ac1,0,,White,,Land,Plains,Basic,bc71ebf6-2056-41f7-be35-b2e5c34afa99
1,Plains,,a3ae6956-7f2d-4569-a9f8-3972b5ec5e56,0,,White,,Land,Plains,Basic,bc71ebf6-2056-41f7-be35-b2e5c34afa99
1,Plains,,c5b472d5-da70-4fd9-a68c-10e17797ad0d,0,,White,,Land,Plains,Basic,bc71ebf6-2056-41f7-be35-b2e5c34afa99
1,Plains,,15dd9a36-55df-4942-a7eb-1c49a7999e68,0,,White,,Land,Plains,Basic,bc71ebf6-2056-41f7-be35-b2e5c34afa99
1,Plains,,8e07d3e6-c602-446f-a453-f54f13bfc55a,0,,White,,Land,Plains,Basic,bc71ebf6-2056-41f7-be35-b2e5c34afa99
1,Plains,,a845de50-4af0-4f4a-9c2a-db587973571c,0,,White,,Land,Plains,Basic,bc71ebf6-2056-41f7-be35-b2e5c34afa99
1,Plains,,69a24fc3-90f9-4f2e-91d9-1aaca888e432,0,,White,,Land,Plains,Basic,bc71ebf6-2056-41f7-be35-b2e5c34afa99
1,Plains,,be30f027-ffdd-4d81-bed2-4adb6b4b803f,0,,White,,Land,Plains,Basic,bc71ebf6-2056-41f7-be35-b2e5c34afa99
1,Plains,,d8fdfa7d-fd11-4c11-8743-a21538474314,0,,White,,Land,Plains,Basic,bc71ebf6-2056-41f7-be35-b2e5c34afa99
27,Plains,,20787f63-e310-4f2c-ab13-1bb108ae3eb2,0,,White,,Land,Plains,Basic,bc71ebf6-2056-41f7-be35-b2e5c34afa99
27,Plains,,a2125c3e-d52c-44b9-b9f1-89f02236d447,0,,White,,Land,Plains,Basic,bc71ebf6-2056-41f7-be35-b2e5c34afa99
26,Plains,,a4446149-341b-449b-86e2-2b6b47b7a75e,0,,White,,Land,Plains,Basic,bc71ebf6-2056-41f7-be35-b2e5c34afa99
1,Plains,,8a880169-41ca-4507-83fd-306a489d31ce,0,,White,,Land,Plains,Basic,bc71ebf6-2056-41f7-be35-b2e5c34afa99
7,Plains,,07fd89a6-56ef-4488-842b-27bf31d8c04f,0,,White,,Land,Plains,Basic,bc71ebf6-2056-41f7-be35-b2e5c34afa99
8,Plains,,ce617aad-2c72-4b47-a9ae-51792459cffd,0,,White,,Land,Plains,Basic,bc71ebf6-2056-41f7-be35-b2e5c34afa99
7,Plains,,c20ec10e-78fc-49dc-a112-7863a34056b1,0,,White,,Land,Plains,Basic,bc71ebf6-2056-41f7-be35-b2e5c34afa99
8,Plains,,4069fb4a-8ee1-41ef-ab93-39a8cc58e0e5,0,,White,,Land,Plains,Basic,bc71ebf6-2056-41f7-be35-b2e5c34afa99
7,Plains,,4069fb4a-8ee1-41ef-ab93-39a8cc58e0e5,0,,White,,Land,Plains,Basic,bc71ebf6-2056-41f7-be35-b2e5c34afa99
4,Plains,,a4446149-341b-449b-86e2-2b6b47b7a75e,0,,White,,Land,Plains,Basic,bc71ebf6-2056-41f7-be35-b2e5c34afa99
1,Plains,,d812b6f3-83f0-44c9-8583-eb97fd8fade8,0,,White,,Land,Plains,Basic,bc71ebf6-2056-41f7-be35-b2e5c34afa99
2,Plains,,a2125c3e-d52c-44b9-b9f1-89f02236d447,0,,White,,Land,Plains,Basic,bc71ebf6-2056-41f7-be35-b2e5c34afa99
1,Plains,,20787f63-e310-4f2c-ab13-1bb108ae3eb2,0,,White,,Land,Plains,Basic,bc71ebf6-2056-41f7-be35-b2e5c34afa99
1,Plains,,e0d1a81e-6710-4922-ba0a-510966c39449,0,,White,,Land,Plains,Basic,bc71ebf6-2056-41f7-be35-b2e5c34afa99
1,Plains,,1164f7ec-7b2f-4cc9-90bb-7eaaa331b4cd,0,,White,,Land,Plains,Basic,bc71ebf6-2056-41f7-be35-b2e5c34afa99
2,Plains,,94e88862-d53d-49b6-8aa5-95f07507c6e1,0,,White,,Land,Plains,Basic,bc71ebf6-2056-41f7-be35-b2e5c34afa99
1,Plains,,81a1a8a6-916b-4eef-8079-6775afcb63cf,0,,White,,Land,Plains,Basic,bc71ebf6-2056-41f7-be35-b2e5c34afa99
1,Plains,,4ff9fbf5-de6f-4ef9-a6ab-56da4b341b77,0,,White,,Land,Plains,Basic,bc71ebf6-2056-41f7-be35-b2e5c34afa99
1,Plains,,b5453630-bfff-4403-a9a9-49f1534e1d42,0,,White,,Land,Plains,Basic,bc71ebf6-2056-41f7-be35-b2e5c34afa99
1,Plains,,7e134268-9ce9-4192-b548-90bedbfe654e,0,,White,,Land,Plains,Basic,bc71ebf6-2056-41f7-be35-b2e5c34afa99
4,Plains,,5fc26aa1-58b9-41b5-95b4-7e9bf2309b54,0,,White,,Land,Plains,Basic,bc71ebf6-2056-41f7-be35-b2e5c34afa99
4,Plains,,20ddb0be-d62d-46fa-b753-36dfab935e8a,0,,White,,Land,Plains,Basic,bc71ebf6-2056-41f7-be35-b2e5c34afa99
4,Plains,,46b94de4-099e-43d7-8f24-d5450b09f1f1,0,,White,,Land,Plains,Basic,bc71ebf6-2056-41f7-be35-b2e5c34afa99
3,Plains,,dfa01578-faf9-4694-86a0-c81f5b2a0dd8,0,,White,,Land,Plains,Basic,bc71ebf6-2056-41f7-be35-b2e5c34afa99
3,Plains,,8fd675c7-7dac-4ad1-9243-6d1eda0fa30c,0,,White,,Land,Plains,Basic,bc71ebf6-2056-41f7-be35-b2e5c34afa99
3,Plains,,e9495172-6fde-4aae-b47e-fc887440120e,0,,White,,Land,Plains,Basic,bc71ebf6-2056-41f7-be35-b2e5c34afa99
4,Plains,,73fb4a34-c11e-45e9-a986-43c0a0ae5424,0,,White,,Land,Plains,Basic,bc71ebf6-2056-41f7-be35-b2e5c34afa99
4,Plains,,3645e11b-6b46-44c0-9741-f70da15692d1,0,,White,,Land,Plains,Basic,bc71ebf6-2056-41f7-be35-b2e5c34afa99
4,Plains,,1859ba05-06bc-4e80-8c0b-fd2475c6ca55,0,,White,,Land,Plains,Basic,bc71ebf6-2056-41f7-be35-b2e5c34afa99
3,Plains,,b2715553-ba9c-4753-9a1f-d13d8e2ed24f,0,,White,,Land,Plains,Basic,bc71ebf6-2056-41f7-be35-b2e5c34afa99
3,Plains,,0b1b55c1-d74b-4688-a3b8-8480d99524c7,0,,White,,Land,Plains,Basic,bc71ebf6-2056-41f7-be35-b2e5c34afa99
5,Plains,,5bb495cc-9908-455e-bec9-3993d595f4f9,0,,White,,Land,Plains,Basic,bc71ebf6-2056-41f7-be35-b2e5c34afa99
6,Plains,,f724ae86-b968-4f49-8267-c2c34c22f1b6,0,,White,,Land,Plains,Basic,bc71ebf6-2056-41f7-be35-b2e5c34afa99
1,Planar Disruption,,8ee69a1f-aeed-4eb4-8987-fa720fc99715,2,White,White,{1}{W},Enchantment,Aura,,6128679e-7e54-41e4-ab6e-25aeeffed49f
1,Planar Incision,,9163cb04-ee28-4127-b53a-89c546996d7d,2,Blue,Blue,{1}{U},Instant,,,a959a91a-3e1d-4bd4-9e14-5ee977540146
1,Planar Outburst,,3d45dfee-810e-4359-96ad-8d423ab86178,5,White,White,{3}{W}{W},Sorcery,,,ff0d05b9-0c9c-4217-abd2-7e7757a0c4c9
1,Planetary Annihilation,,8695796f-b6ed-46db-b1b8-07ed0cc5a5e5,5,Red,Red,{3}{R}{R},Sorcery,,,1d45f248-5b83-4377-a3ba-4eae48e63ca1
1,Plasm Capture,,11ee15d5-1c93-4c30-911f-32e2aabf020e,4,"Green,Blue","Blue,Green",{G}{G}{U}{U},Instant,,,3673219d-d2b5-43ad-b0c8-58b583491158
1,Platypus-Bear,,7ebf742a-3995-4b22-9dc7-b05f57889683,2,"Green,Blue","Blue,Green",{1}{G/U},Creature,"Bear,Platypus",,933e4e8a-01ea-4f58-8f5e-4f6c43f4e105
1,Plea for Guidance,,1d1d6d76-f399-475a-b5cd-544bd7c6d967,6,White,White,{5}{W},Sorcery,,,358cfcf3-8ad0-4877-a59a-76ee269169fb
1,Pledge of Loyalty,,d6f98c26-5b30-400c-8af1-8c6c43065f63,2,White,White,{1}{W},Enchantment,Aura,,e88b3066-eb10-4ade-8207-af4de40facec
1,Plumb the Forbidden,,79c27df1-0c05-4208-a80c-73185ab35424,2,Black,Black,{1}{B},Instant,,,b099fc54-cdbc-46cb-b4e4-7c2ca77b115b
1,Plummet,,4a1a0c7b-ce1c-4284-9362-04b21861f69d,2,Green,Green,{1}{G},Instant,,,85bde6ac-3dd4-4946-8b57-24f57e3eae2b
2,Plummet,,78a29ddb-fc76-407a-aa58-ec92d011bd44,2,Green,Green,{1}{G},Instant,,,85bde6ac-3dd4-4946-8b57-24f57e3eae2b
3,Plunder the Trollshaws,,afb73190-b9bd-4744-a011-a37cd9c0148d,2,Blue,Blue,{1}{U},Instant,,,526f520e-b4bb-4215-9c6b-afc298744f06
1,Poison Counter,,40255bfa-0004-45f1-a31b-17d385f09a95,0,,,,Card,,,60acebe2-e1e5-478a-ab88-6a9c1409bca5
1,Poison Dart Frog,,62c1f09a-9d17-415c-8afa-cd0b62abe48d,2,Green,Green,{1}{G},Creature,Frog,,e88a2b71-c90d-4e16-99a3-93d11fe7a968
1,Poison the Blade,,3de4bf10-a502-4748-9118-5459684542a7,2,Green,Green,{1}{G},Instant,,,8af22295-0d6b-4cdc-b815-eb81ade241ec
1,Pollenbright Druid,,4b0f478c-54f8-4087-ad52-d089e2049dda,2,Green,Green,{1}{G},Creature,"Elf,Druid",,828fe0c0-e280-4a8b-9e49-68cb34c2da97
1,Pollenbright Druid,,e8215686-bf19-4090-87c1-dd4f691f2ae7,2,Green,Green,{1}{G},Creature,"Elf,Druid",,828fe0c0-e280-4a8b-9e49-68cb34c2da97
1,Polliwallop,,6bc4963c-d90b-4588-bdb7-85956e42a623,4,Green,Green,{3}{G},Instant,,,efd2a4ca-1bd0-4762-a997-f099326b1746
1,Pompous Gadabout,,6d803b93-c1df-4a02-9dbb-d347c841d4d7,3,Green,Green,{2}{G},Creature,"Human,Citizen",,0361b9b7-9097-4aae-aa06-c63a5fb47a76
1,Ponder,,81c908ee-e70a-4406-a32d-ab5ab17e67b1,1,Blue,Blue,{U},Sorcery,,,02090581-61aa-4348-ad57-451be8ee91c2
1,Ponder,,81c908ee-e70a-4406-a32d-ab5ab17e67b1,1,Blue,Blue,{U},Sorcery,,,02090581-61aa-4348-ad57-451be8ee91c2
1,Ponder,,262285ab-3a6f-4932-b53b-8ab20bcad955,1,Blue,Blue,{U},Sorcery,,,02090581-61aa-4348-ad57-451be8ee91c2
1,Pond Prophet,,fb959e74-61ea-453d-bb9f-ad0183c0e1b1,2,"Green,Blue","Blue,Green",{G/U}{G/U},Creature,"Advisor,Frog",,6eabebdf-c1a3-4789-a67f-859f0957c5df
1,Port Razer,,e0d0527b-bb28-4986-9843-040d06bd9def,5,Red,Red,{3}{R}{R},Creature,"Orc,Pirate",,653e4b68-3184-4352-ac91-127f7e6d7c12
1,Postmortem Professor,,174f5d7e-5d36-4d13-96bf-9b12cd644716,2,Black,Black,{1}{B},Creature,"Zombie,Warlock",,0859d16e-2a1f-4b48-8687-99af8a8bdb38
1,Pounce,,2b96cba6-33d7-4e1d-88f7-da3da681540d,2,Green,Green,{1}{G},Instant,,,f4126dac-add4-4d5f-bf52-6f74c7c6aa67
1,Powerbalance,,aff7c0bb-1210-4aeb-b5f8-1387eb633b0f,2,Red,Red,{R}{R},Enchantment,,,8be368dc-6212-4627-989e-077eea78f30d
1,Power Plant Worker,,99965310-e4bd-40d9-80f5-3fd1754c61c5,5,,,{5},"Creature,Artifact",Assembly-Worker,,054c6250-ac96-42f6-931d-925761ab7764
1,Powerstone,,d45fe4b6-aeaf-4f84-b660-c7b482ed8512,0,,,,"Artifact,Token",Powerstone,,91da73fe-d028-43d7-bf75-f7ef30b45664
1,Pox Plague,,9c99c17b-ad3a-4859-97e8-469718b81cd9,5,Black,Black,{B}{B}{B}{B}{B},Sorcery,,,c505d304-9428-4532-87a2-167c69f16969
1,Practiced Offense,,79c7cf94-c0a1-432d-90d7-7f0599c2e7a8,3,White,White,{2}{W},Sorcery,,,99678cc9-59c8-4358-b847-8c38ffb4a050
1,"Prahv, Spires of Order",,2a315f63-96ad-4a5f-8eb4-d81361797348,0,,"White,Blue",,Land,,,37ff5ba6-0763-4c73-85bf-66856e67b8f3
1,Prairie Stream,,beaf2d9d-f25c-46d9-940d-b4c3287a5a74,0,,"White,Blue",,Land,"Plains,Island",,5330e24a-8568-446e-840a-594cd08bd1bc
1,Predator's Strike,,75e5bcc2-9203-4526-a9a9-fac6fd02a854,2,Green,Green,{1}{G},Instant,,,f62e9a9f-9989-4a62-b063-cca32e21fe8b
1,Preordain,,1453f92e-df2d-4789-aa1b-a5b5c51567d4,1,Blue,Blue,{U},Sorcery,,,ac641490-ca14-48d7-8cc4-b69ce984befa
1,Presence of Gond,,546c647d-8d0a-4b88-804e-ce0348eb772a,3,Green,Green,{2}{G},Enchantment,Aura,,ab42398c-f0a1-4b94-ac5f-b8768e1b4e05
1,Pretending Poxbearers,,d1af91a5-8681-4a05-910d-96f7a819bfaa,2,"White,Black","White,Black",{1}{W/B},Creature,"Human,Ally,Citizen",,fefef024-3a05-4221-bb74-419ee08716e5
1,Prey Upon,,3c8c721f-93b8-4c43-9054-2168f66726db,1,Green,Green,{G},Sorcery,,,b3c12848-528d-4005-878f-4f950a07240a
1,Prey Upon,,16979827-4011-454a-9886-18326cfa3e77,1,Green,Green,{G},Sorcery,,,b3c12848-528d-4005-878f-4f950a07240a
1,Prickly Pair,,e70f2278-8857-46e4-aa2b-fff5589b750f,3,Red,Red,{2}{R},Creature,"Plant,Mercenary",,4ce8e0d0-6a3e-4c47-a7b7-c1b1ea1b9426
1,Pridemalkin,,df520254-0c72-496b-9222-263ca9d3c5d5,3,Green,Green,{2}{G},Creature,Cat,,f9672b63-415a-448b-a3da-140df63a0f0c
1,Primal Command,,4416de3b-ba68-44a9-843b-26743813c661,5,Green,Green,{3}{G}{G},Sorcery,,,350f5c0a-563f-41c5-8f7b-10f409bb4d3b
1,Primal Druid,,e928f694-c53b-46c5-8390-fa24b53f559c,2,Green,Green,{1}{G},Creature,"Human,Druid",,d031d7d2-1e41-4201-9073-c4c1be182ba4
1,Primordial Hydra,,29515c55-3b48-4c1d-a10b-b27fd1eb7a93,2,Green,Green,{X}{G}{G},Creature,Hydra,,1c36ed3a-c806-47e5-83f9-e44999c67fe5
1,Prince Imrahil the Fair,,7d486def-7c3f-41e9-bb28-4582450a7b9e,2,"White,Blue","White,Blue",{W}{U},Creature,"Human,Noble",Legendary,4c66e0ca-2d8a-4f68-ad15-55d75959d6e8
1,Prismari Charm,,8f6c2a5e-fe13-407c-aadd-c9caf2884ff1,2,"Red,Blue","Blue,Red",{U}{R},Instant,,,c3c25a2c-f71c-4cb7-9117-0bcda9248bfd
1,Prismari Command,,15e291f4-068a-441c-8b43-05055199aca4,3,"Red,Blue","Blue,Red",{1}{U}{R},Instant,,,fa3e28b1-131c-4223-81e0-18dfbab22c26
1,Prismatic Omen,,97bd2780-f132-46dc-a33e-611dd7845bc4,2,Green,Green,{1}{G},Enchantment,,,d90882ae-6572-4214-8d9c-0bdfb75f9be2
1,Prisoner's Dilemma,,d678e736-7c29-433a-9a2a-b78749252377,5,Red,Red,{3}{R}{R},Sorcery,,,fecbbc79-2f74-46b3-a049-45736f904f58
1,Prison Sentence,,76832ca8-95b2-4bc8-a191-9e2f50b77626,3,White,White,{2}{W},Enchantment,Aura,,6d9f2fe0-5657-45b4-9431-36e0f6c8eba2
1,Prized Unicorn,,baac1604-379f-4f03-97ae-9ec10921167c,4,Green,Green,{3}{G},Creature,Unicorn,,766787ef-654a-4544-b5d7-d2f96949edf1
1,Prizefight,,544c810b-5f90-4535-aa76-14f8c6b9428a,2,Green,Green,{1}{G},Instant,,,c0c4ecf6-84e6-443e-8a81-e395b31c631d
1,Prize Pig,,a0b202d8-3c25-467e-86ed-6bea19bb869f,2,Green,Green,{1}{G},Creature,Boar,,14f55fc9-ec19-4b4a-b3de-d75898c19edf
1,Procrastinate,,1edb449d-620f-4e21-9d76-2c840635eb9d,1,Blue,Blue,{X}{U},Sorcery,,,6f8fa68e-e961-4ae1-b27d-22d87e90f26b
1,Prodigal Sorcerer,,d30a846e-a5b1-4603-af4f-6494f3c4fbb3,3,Blue,Blue,{2}{U},Creature,"Human,Wizard,Sorcerer",,5e961d15-5972-4e4b-9385-1cd7cd7c6bbe
1,Profane Command,,d2ab6949-a0fc-4fe5-ae64-53b53914f34c,2,Black,Black,{X}{B}{B},Sorcery,,,6f9ecfc4-85bd-4171-9031-dbe0e39e0135
1,Profaner of the Dead,,87630910-47cc-4347-b126-fd779e7dadc0,4,Blue,Blue,{3}{U},Creature,"Wizard,Snake",,e6bfac15-ec3c-4a55-946a-0b4514eabafd
1,Progenitus,,e77fbc87-d78e-4602-baa0-da9b0d464dfb,10,"White,Green,Red,Black,Blue","White,Blue,Black,Red,Green",{W}{W}{U}{U}{B}{B}{R}{R}{G}{G},Creature,"Avatar,Hydra",Legendary,2d7e00b6-12f0-4b03-82a6-50e3d1b5395e
3,Prologue to Phyresis,,ac625f30-ed91-4b21-ada8-aaa5b2ad79b8,2,Blue,Blue,{1}{U},Instant,,,3f661b58-e8ca-412c-bdac-af151162de12
1,Propaganda,,0806d4a1-4d2f-454b-b830-5ab58e13a452,3,Blue,Blue,{2}{U},Enchantment,,,ea9709b6-4c37-4d5a-b04d-cd4c42e4f9dd
3,Prophetic Prism,,1fae351c-b918-4648-a361-d5239ae63156,2,,,{2},Artifact,,,134a9877-5cfb-4a2a-a0f0-930dce45f58b
1,Prophetic Prism,,3056ac38-7630-4301-88bb-a012a5b186ed,2,,,{2},Artifact,,,134a9877-5cfb-4a2a-a0f0-930dce45f58b
1,Prosperity,,3fa5e806-3cf2-4241-b45d-a05d2b715efd,1,Blue,Blue,{X}{U},Sorcery,,,c586312d-d04a-4bfb-bbb2-b41186ca178e
1,Prosperous Innkeeper,,096d3c0c-98e2-4cfc-a6e1-fddb0359c63f,2,Green,Green,{1}{G},Creature,"Citizen,Halfling",,da785227-cf8a-4d44-9e7c-fc909ea868f2
1,Protean Hulk,,2f0c4714-b9cd-48a3-8a2a-72860d0ac000,7,Green,Green,{5}{G}{G},Creature,Beast,,10180e2f-90c5-4d41-ba44-16b14948f923
2,Protector of Gondor,,85708748-40ca-4066-a287-7a6a189ff3df,4,White,White,{3}{W},Creature,"Human,Soldier",,cf6bb391-4fde-43c4-a0c5-990630d0ddcf
1,Prowler's Helm,,c100a22c-bf34-42b7-9339-4733698c0935,2,,,{2},Artifact,Equipment,,603ef53f-6191-4229-b85f-adad6f4503ce
2,Prowling Caracal,,1e689e4a-fc54-46f4-b0c5-c0e65d88340e,2,White,White,{1}{W},Creature,Cat,,0eabe5e9-cb03-4481-9360-5e79eccd0631
1,Psychic Strike,,0d87927c-80a6-4146-92a5-58c510ce7958,3,"Black,Blue","Blue,Black",{1}{U}{B},Instant,,,17694111-5623-48b3-8c54-c383418e8d2b
1,Psychosis Crawler,,783a4620-3054-4f31-b2ac-e3272197c291,5,,,{5},"Creature,Artifact","Horror,Phyrexian",,2876e74f-a242-4995-9702-0b737a1ab67a
1,Pterafractyl,,ecd33152-e290-4505-addd-a8d08cefdddd,2,"Green,Blue","Blue,Green",{X}{G}{U},Creature,"Dinosaur,Fractal",,cca03b76-dd3c-4228-b97a-f7fa20819b2e
1,Public Thoroughfare,,1f8b915f-3e82-4b05-b963-01ebff7a8f7b,0,,,,Land,,,de5b995c-9691-4555-9070-66bcbc29f955
1,Pull from Tomorrow,,74d8d661-a43f-4cee-87d5-1f74433a283e,2,Blue,Blue,{X}{U}{U},Instant,,,b1a23235-3076-475c-a68a-db29cf2a9dba
1,"Purphoros, Bronze-Blooded",,af3af5c4-0960-44a2-976e-abdf7803c436,5,Red,Red,{4}{R},"Creature,Enchantment",God,Legendary,6728b9d0-d3ab-4ba3-af13-63cb83e0ed99
1,Purple Pentapus,,c3ec1b6e-2f63-4b84-a101-8764c3e6d0f2,1,Black,Black,{B},Creature,"Octopus,Starfish",,37d2e83d-f5fd-48d2-b091-3c9167522530
1,Putrefy,,b427f1a9-039f-4d1a-94c6-f9c8044217e1,3,"Green,Black","Black,Green",{1}{B}{G},Instant,,,9b271430-f53d-42d6-a547-2f286dd9bcb6
1,Pyroclasm,,0c0e7131-db26-448d-afda-f48337a026f0,2,Red,Red,{1}{R},Sorcery,,,e4bcd4ea-e7cd-4471-8f3b-18bb51d3d70c
1,Quandrix Charm,,318486e0-f255-40f5-8150-dc272eec9d7d,2,"Green,Blue","Blue,Green",{G}{U},Instant,,,f43e36ea-6bf5-45bd-a4ad-cc507ae45641
1,Quandrix Command,,b673dfb7-e384-4586-8326-ae6f23edfe78,3,"Green,Blue","Blue,Green",{1}{G}{U},Instant,,,9c0f7cdc-9095-40ae-bf83-75a5ffda72b9
1,Quandrix Pledgemage,,07633b7f-4150-458b-89c3-d05dc0e3c4bd,3,"Green,Blue","Blue,Green",{1}{G/U}{G/U},Creature,"Druid,Merfolk",,8a39809e-219e-4f59-a233-ea28d05c30ef
1,"Quandrix, the Proof",,015afe31-af3c-4c9b-9997-d7c33b915a33,6,"Green,Blue","Blue,Green",{4}{G}{U},Creature,"Elder,Dragon",Legendary,2cbccc46-bdef-4dfb-90a4-0278c5c8488a
3,Quarrel,,5900a0b4-aa89-4019-94c9-7e9ea3b4792e,2,Green,Green,{1}{G},Instant,,,db05b114-2eb5-46bc-81e7-7e036d8eaab3
1,Queen Allenal of Ruadach,,82d66aab-d99c-46de-ba72-b6b5fa0847c2,3,"White,Green","White,Green",{G}{W}{W},Creature,"Elf,Noble",Legendary,5f04d4b0-2c75-4f2d-97d5-96220b624b17
1,Queen Brahne,,5957ab2d-55ed-4160-8c78-8c70009c39d8,3,Red,Red,{2}{R},Creature,"Human,Noble",Legendary,0527b7b5-a55d-4720-af1f-17fc1178f4a6
1,Queen Marchesa,,0fdae05f-7bdc-45fb-b9b9-e5ec3766f965,4,"White,Red,Black","White,Black,Red",{1}{R}{W}{B},Creature,"Human,Assassin",Legendary,d7ac4be1-dcca-49b6-8ddb-d1b0e6cf2dcf
1,Queen of Ice // Rage of Winter,,de2f964a-e4e1-4321-92ad-34b781868e11,3,Blue,Blue,{2}{U} // {1}{U},Creature,"Human,Wizard,Noble",,f5511802-56fe-4922-83d2-ae723e1beab7
1,Quench,,ee0ba01b-de96-4f8f-9405-ff3ad288afac,2,Blue,Blue,{1}{U},Instant,,,fa1b722a-109e-4a43-bd7b-818292728cb3
1,Quench,,1779a6c5-147d-4632-b1d9-95e89a64dc2c,2,Blue,Blue,{1}{U},Instant,,,fa1b722a-109e-4a43-bd7b-818292728cb3
1,Quest for the Necropolis,,813020ef-9d98-4f79-a953-85e7e7e5d3e1,1,Black,Black,{B},Enchantment,,,407d9d09-3db6-49b0-9e80-4e1538156e44
1,"Queza, Augur of Agonies",,7edb7a26-82be-4efd-9a5c-a3816e1ee2d6,4,"White,Black,Blue","White,Blue,Black",{1}{W}{U}{B},Creature,"Advisor,Octopus",Legendary,c983338d-ae6b-4a15-9931-daa20fca8269
1,Quick Draw,,56399cd0-1214-42b6-be38-f2cbd770915f,1,Red,Red,{R},Instant,,,ae0d17f6-859c-4b41-8b66-b68abb837bbb
1,Quicken,,e6209bbf-5861-4755-abb6-0f04def9527e,1,Blue,Blue,{U},Instant,,,cf188dd3-1927-481b-b8c0-93b1222dbf53
1,Quickening Licid,,e6e91f3d-5a23-4df1-a879-d18a3af92a28,2,White,White,{1}{W},Creature,Licid,,2bdd9ca3-542a-43c0-9831-c6add23890d6
1,Quicksilver Dagger,,a9f8cd20-caeb-41de-bf0f-1cdfa52d7f55,3,"Red,Blue","Blue,Red",{1}{U}{R},Enchantment,Aura,,5c77bf76-bb0f-4e44-babe-0e7b7b555e1f
1,Quicksilver Fisher,,b394cdd1-a632-4b57-8356-4e2d9c9620f7,5,Blue,Blue,{3}{U}{U},Creature,"Drake,Phyrexian",,b3e3d037-992b-4718-913d-7ab509d2047e
1,Quick Study,,2d4f0bc7-da7c-4749-a24c-b01f3eb5860c,3,Blue,Blue,{2}{U},Instant,,,7bff8d4a-1c7d-48b8-b3e3-737dd6f01823
1,Quick Study,,b78e2bca-bc93-464a-8911-8361abff2ac6,3,Blue,Blue,{2}{U},Instant,,,7bff8d4a-1c7d-48b8-b3e3-737dd6f01823
1,Quill-Blade Laureate // Twofold Intent,,62a47835-5719-48c4-a740-a0c5f00dce11,2,White,White,{1}{W} // {1}{W},Creature,"Human,Cleric",,bd9d3a70-faed-4bc6-97d8-1601b36cdb21
2,Rabaroo Troop,,62a983b4-ac73-4949-9317-05a75a8ce164,5,White,White,{3}{W}{W},Creature,"Kangaroo,Rabbit",,48252207-d345-455c-b655-c2027664e6a6
1,Rabble Rousing,,5dafe2f2-9b1e-484b-a60e-9cf9ec875a6b,5,White,White,{4}{W},Enchantment,,,2e420001-2b3d-4eb7-b01c-3a49d5e241c2
3,Rabid Bite,,effe3fab-6d13-4603-8a21-8a3c2a0d9e08,2,Green,Green,{1}{G},Sorcery,,,6d5dc34b-3eea-4b77-8db7-94bc30b14c4c
1,Rabid Bite,,f0d8ff93-6f62-4695-85ad-d70a0b928e92,2,Green,Green,{1}{G},Sorcery,,,6d5dc34b-3eea-4b77-8db7-94bc30b14c4c
2,Rabid Bite,,bbe53385-d63f-4d07-94ed-3ea5a48c79c8,2,Green,Green,{1}{G},Sorcery,,,6d5dc34b-3eea-4b77-8db7-94bc30b14c4c
1,Radiant Summit,,1595f80a-b566-49ce-a64f-4289443b1b8d,0,,"White,Red",,Land,"Plains,Mountain",,5dd0cc44-4647-4857-ad3b-22494099d08a
5,Radiating Lightning,,9395fce4-11bf-4934-8323-5be4862c9779,4,Red,Red,{3}{R},Instant,,,9794f397-dd86-4cfe-a431-5f8d8c6b68ea
2,Radical Idea,,7c1290ba-dd9d-4cfe-b906-e3f9f89af9e4,2,Blue,Blue,{1}{U},Instant,,,fd51dce2-8e8a-4686-910e-1bbc2825d190
1,Radioactive Spider,,f2d267f5-7f12-45f8-8fcb-e0ba3fbdeddc,1,Green,Green,{G},Creature,Spider,,f15bd5c0-99ff-42c6-8eed-48de6df81b61
1,Raffine's Informant,,4e64ff87-2099-4360-94f6-164277b7b514,2,White,White,{1}{W},Creature,"Human,Wizard",,838c4831-7d5c-4025-92b3-46eee59d6b34
1,"Raff, Weatherlight Stalwart",,651c3dd6-e1a8-4a65-a200-f86d308570ac,2,"White,Blue","White,Blue",{W}{U},Creature,"Human,Wizard",Legendary,41f3acbf-6092-435f-a5af-4d80dd6e1aef
1,Ragged Short Spear,,7bf81a8b-52ad-49f5-a3d4-22613cad3a3d,2,Red,Red,{1}{R},Artifact,Equipment,,bb67d0a4-864e-4f46-8538-fdd920bf0197
1,Ragged Veins,,c7f3312f-71d0-4dfd-ba39-c2a2ff8d5bd0,2,Black,Black,{1}{B},Enchantment,Aura,,c111703f-e37a-4eaf-b6e1-708a448e61aa
1,Raid Bombardment,,9c2d1a48-efde-4134-95f0-b23f6cf85259,3,Red,Red,{2}{R},Enchantment,,,1734e777-d34a-4526-ae24-ef034f147cc5
1,Rainveil Rejuvenator,,9bc5c316-6a41-48ba-864b-da3030dd3e0e,4,Green,Green,{3}{G},Creature,"Druid,Elephant",,6ccf72ee-a86a-4b13-9e76-e308d0d28523
1,Raise the Alarm,,81d3e5c5-6531-48e7-9dd6-2db519dd61b1,2,White,White,{1}{W},Instant,,,5b2364d7-a811-4595-a1b4-224c70555ffa
1,Raise the Alarm,,6c7c8527-55f6-494d-b4f7-c427a5735053,2,White,White,{1}{W},Instant,,,5b2364d7-a811-4595-a1b4-224c70555ffa
1,Rakdos Carnarium,,20c799a9-ab94-46e6-9111-00505e071c41,0,,"Black,Red",,Land,,,0a023964-2905-4928-9c3e-dc63e6ebd218
1,Rakdos Carnarium,,e8f41cb8-1d86-4fef-9689-030625674b9d,0,,"Black,Red",,Land,,,0a023964-2905-4928-9c3e-dc63e6ebd218
1,Rakdos Charm,,0fcd4394-d22d-4eec-ad73-ffaf10ad60de,2,"Red,Black","Black,Red",{B}{R},Instant,,,5e62b51d-faec-4aa0-9504-cf2c282d08ea
1,Rakdos Guildgate,,c51f2857-e04d-44db-8d89-14f96388f2f1,0,,"Black,Red",,Land,Gate,,361f534b-39d1-4421-b5a8-d3813c62f86d
1,Rakdos Signet,,2501bd89-13fa-470a-9419-6b1a53ab63a0,2,,"Black,Red",{2},Artifact,,,3adb7681-977f-4a32-9ec8-51481b958268
1,Raking Claws,,6eb0d9a2-f9bb-4d8e-a1ca-896c42f8ad56,2,Red,Red,{1}{R},Instant,,,c2248d3d-3157-4610-868d-2b3fae2b1ec8
1,Rakish Revelers,,2258b7b6-e679-4fcf-9cfe-2ff01a8996dc,5,"White,Green,Red","White,Red,Green",{2}{R}{G}{W},Creature,"Elf,Druid,Rogue",,7db1402e-a434-45d2-9d21-9e0faeeaff10
1,Rakish Scoundrel,,6aaa8c6b-7ef7-45db-99c9-4a6e7f177b94,4,"Green,Black","Black,Green",{2}{B}{G},Creature,"Elf,Rogue",,d69cb63f-98cc-4699-a03d-4f1beeeb7065
1,Ral and the Implicit Maze,,ebadb7dc-69a4-43c9-a2f8-d846b231c71c,5,Red,Red,{3}{R}{R},Enchantment,Saga,,3affd37a-d4f6-488a-b30f-8e824b640687
1,Rally at the Hornburg,,ed59f238-378d-4545-8371-ceef27d6a9e3,2,Red,Red,{1}{R},Sorcery,,,7d3f542a-de64-4de8-9de0-0e25004467f1
2,Rally at the Hornburg,,ee7292f7-1c7e-449c-9c52-7584d6a14c2c,2,Red,Red,{1}{R},Sorcery,,,7d3f542a-de64-4de8-9de0-0e25004467f1
1,Rally at the Hornburg,,ee7292f7-1c7e-449c-9c52-7584d6a14c2c,2,Red,Red,{1}{R},Sorcery,,,7d3f542a-de64-4de8-9de0-0e25004467f1
1,Rally the Monastery,,b56e0037-8143-4c13-83e1-0c3f44e685ea,4,White,White,{3}{W},Instant,,,3f6101a5-3038-45b0-8302-b2e4127b9510
1,"Ral, Storm Conduit",,678ce3bf-152d-45ca-87ae-ad46c921328b,4,"Red,Blue","Blue,Red",{2}{U}{R},Planeswalker,Ral,Legendary,b7da26c9-78a6-41c5-a5ef-6555e8274d7a
1,Rampaging Baloths,,805c9be0-d3aa-4f81-a70f-f66d0bb43b73,6,Green,Green,{4}{G}{G},Creature,Beast,,2d3e6549-6cc6-434f-a189-ba3b55e64c34
2,Rampant Growth,,07954800-e3b8-4d73-a763-56a64726c384,2,Green,Green,{1}{G},Sorcery,,,8539f295-5d58-4436-a73a-b9277c4c7795
1,Rampant Growth,,01d56cde-e186-41e7-bcb2-80736a989678,2,Green,Green,{1}{G},Sorcery,,,8539f295-5d58-4436-a73a-b9277c4c7795
1,Ram Through,,7d41ca70-8a47-44a7-9494-265e2f401028,2,Green,Green,{1}{G},Instant,,,4b1befff-48fa-47a3-832e-bdaf43495c02
1,Ram Through,,44063a90-e4cf-4bcd-a128-792de15371a7,2,Green,Green,{1}{G},Instant,,,4b1befff-48fa-47a3-832e-bdaf43495c02
1,Rancor,,38e281ab-3437-4a2c-a668-9a148bc3eaf7,1,Green,Green,{G},Enchantment,Aura,,9d2d6479-531c-4ce1-b52b-00e36fa63b64
1,Rancor,,8a4d8527-af29-408d-a3a3-6781db0cf439,1,Green,Green,{G},Enchantment,Aura,,9d2d6479-531c-4ce1-b52b-00e36fa63b64
1,Rancor,,59e256c2-38df-4012-9308-ce17dd889e5f,1,Green,Green,{G},Enchantment,Aura,,9d2d6479-531c-4ce1-b52b-00e36fa63b64
1,Rapacious Dragon,,6ca026be-d204-4ec2-a349-aac5fc3a05ec,5,Red,Red,{4}{R},Creature,Dragon,,0944ec2e-1dd9-459f-8f1d-667242cf52fe
1,Rapacious Guest,,ff9dfba4-07d2-4407-a441-88acc7284d43,3,Black,Black,{2}{B},Creature,"Citizen,Halfling",,54accd4a-b471-4ae5-b3b2-a5cec44023b7
4,"Raphael, Tough Turtle",,f24c90c8-ed04-4b4e-8b19-c7d07a90c6b8,2,Red,Red,{1}{R},Creature,"Mutant,Ninja,Turtle",Legendary,2c72e6d2-bbb0-42de-b465-438d584cbddc
1,"Raph & Leo, Sibling Rivals",,49293f77-5d7b-4106-b485-db6ce0ed37e6,3,"White,Red","White,Red",{1}{R/W}{R/W},Creature,"Mutant,Ninja,Turtle",Legendary,57f39ce2-ecbb-4262-8140-03aba5c4303f
1,Rapturous Moment,,21afe19d-881a-48cb-863e-22942bea5ebe,6,"Red,Blue","Blue,Red",{4}{U}{R},Sorcery,,,c997afb7-82cb-4579-885e-3628cb1b51e4
1,Rat,,d5328e78-65c5-46e8-8980-3075ece0fa99,0,Black,Black,,"Creature,Token",Rat,,7c753b68-b519-43ba-9c58-4902f4850626
1,Ratadrabik of Urborg,,9315812d-03e8-4eb4-a693-e7adf281f7fb,4,"White,Black","White,Black",{2}{W}{B},Creature,"Wizard,Zombie",Legendary,b3ab43f2-4f2b-4439-9254-0110ce443fdb
1,Ratcatcher Trainee // Pest Problem,,7f4c0959-a107-4d61-9e51-256b2955f6ba,2,Red,Red,{1}{R} // {2}{R},Creature,"Human,Peasant",,ecc91e38-90fa-4d89-b262-d5f36dce5be4
1,Raucous Audience,,ccd03ec3-0fae-48b2-9f04-9c57d2f94267,2,Green,Green,{1}{G},Creature,"Human,Citizen",,5be6f245-31cf-4294-ace0-ca6ce3463fed
2,Raucous Audience,,ccd03ec3-0fae-48b2-9f04-9c57d2f94267,2,Green,Green,{1}{G},Creature,"Human,Citizen",,5be6f245-31cf-4294-ace0-ca6ce3463fed
1,Raven Eagle,,2262f24b-db6b-4f86-96d0-47a20fc015ab,3,Black,Black,{2}{B},Creature,"Bird,Assassin",,f75ac0a3-8795-48b4-91fd-4717900ef5b7
1,Ravenform,,2c2cfcd7-b43a-4dad-a033-e661f55ceecd,3,Blue,Blue,{2}{U},Sorcery,,,d3d61a6a-7870-44df-92e5-513dac2c2c3e
1,Ravenhill Flock,,acbb4d32-2771-469e-a6de-0df15155cc62,4,Blue,Blue,{3}{U},Creature,Bird,,7f961374-00b0-40df-83eb-9ced2bb519aa
2,Ravening Warg,,ea7b5052-b343-466d-879e-2a211657ef0a,2,Black,Black,{1}{B},Creature,Wolf,,8060d231-7477-441d-b249-8e75aa1d7791
1,Raven of Fell Omens,,e2df3cb4-1658-450a-912a-df336706acdc,2,Black,Black,{1}{B},Creature,Bird,,eec7d4f4-4141-49ed-8978-aefacc0a6609
1,Ravenous Robots,,3b303ea3-9f4d-4c28-9446-285a23f841a0,2,Red,Red,{1}{R},"Creature,Artifact",Robot,,45873747-f2a4-4d83-9492-bfc97df7b605
1,Razorfin Hunter,,99829552-917a-4373-9772-4255dff542d6,2,"Red,Blue","Blue,Red",{U}{R},Creature,"Goblin,Merfolk",,45baa5d1-79aa-4583-b938-0d5feaa5aa0c
1,Razorgrass Ambush // Razorgrass Field,,57065dca-f90e-4184-bbc4-95d726a4160b,2,White,White,,Instant,,,5da954fa-9001-4557-825c-1462035d21ed
2,Razor Rings,,b05cfee5-ee59-4df6-a5f6-d9ef0fa7f98a,2,White,White,{1}{W},Instant,,,eb5afbd7-4d21-4449-9204-eeb4ebf6a72a
1,Razortide Bridge,,0bbd24cd-48f7-40d7-9741-f30108f04b84,0,,"White,Blue",,"Artifact,Land",,,6cb37ac1-dd11-4a8c-bca5-ef44d828059f
3,Razortrap Gorge,,98d0d067-b52d-47ec-ba7b-8cfcd716c0e5,0,,"Black,Red",,Land,,,8f69bd3a-244e-42d8-bfac-5a426f4b54b4
1,Razortrap Gorge,,98d0d067-b52d-47ec-ba7b-8cfcd716c0e5,0,,"Black,Red",,Land,,,8f69bd3a-244e-42d8-bfac-5a426f4b54b4
1,Razzle-Dazzler,,f7d08008-9272-405e-82ef-566e6d42bb17,2,Blue,Blue,{1}{U},Creature,"Human,Wizard",,a1ac6d5c-b2d0-4ca4-8af8-16fd3dd3b3b5
1,Reach for the Sky,,eb871985-a11b-4dfe-b0e3-898888c86277,4,Green,Green,{3}{G},Enchantment,Aura,,68930fb6-d833-40cf-8917-1a1bf60edbe3
1,Read the Bones,,d6c66076-fb85-4a5e-8cd0-d103834b3cd1,3,Black,Black,{2}{B},Sorcery,,,5bf4d8d9-a2b2-4dba-ac05-9d4470a89db2
1,Read the Bones,,d6c66076-fb85-4a5e-8cd0-d103834b3cd1,3,Black,Black,{2}{B},Sorcery,,,5bf4d8d9-a2b2-4dba-ac05-9d4470a89db2
1,Realm of Koh,,061ac694-610c-479f-b038-a4ef5270d5d7,0,,Black,,Land,,,bb9ce416-eef1-49e8-89a0-2b6837505070
1,Reaper of Night // Harvest Fear,,4dc774b4-3f70-4351-b1b8-8a0193cb3a50,7,Black,Black,{5}{B}{B} // {3}{B},Creature,Specter,,d40e5a76-6c9a-47eb-b412-d3056cf36b3f
1,Reassembling Skeleton,,a2ec6120-2de0-4166-be85-2d773fa7ebbb,2,Black,Black,{1}{B},Creature,"Warrior,Skeleton",,9dbc3530-b278-4c8d-b2cc-a09dfac9d5e5
1,Rebellious Captives,,e64a4a8b-323c-4c8b-92af-1a3295799e65,2,Green,Green,{1}{G},Creature,"Human,Ally,Peasant",,70401db7-edbc-402f-98ef-be74bd316273
1,Rebellious Strike,,c9bafe19-3bd6-4da0-b3e5-e0b89262504c,2,White,White,{1}{W},Instant,,,4f3d7102-f8ce-42d4-94eb-f69b695773d1
1,Reckless Blaze,,82c686f9-b403-4ab2-af5d-cf586e18ecf5,5,Red,Red,{3}{R}{R},Sorcery,Lesson,,75137acb-dc8e-439b-8d84-c5cf682ff6bc
1,Reckless Fireweaver,,63ffac51-62c4-4170-85b3-a43d7cfae7d7,2,Red,Red,{1}{R},Creature,"Human,Artificer",,180e1a7e-890d-477c-80a5-da8a5f2857b3
1,Reckless Handling,,239165bb-7819-4d54-a84c-2911934253d6,2,Red,Red,{1}{R},Sorcery,,,f1ea7dc5-01cb-4780-947c-08ea9324c52f
1,Reckless Lackey,,912fcd14-5e81-418c-997b-771f2f38f63d,1,Red,Red,{R},Creature,"Goblin,Pirate",,73733fa5-d292-40ec-8f17-05ba5feb40ab
2,Reckless Lackey,,912fcd14-5e81-418c-997b-771f2f38f63d,1,Red,Red,{R},Creature,"Goblin,Pirate",,73733fa5-d292-40ec-8f17-05ba5feb40ab
1,Reckless Scholar,,e9e541ff-dbbe-4580-82ef-c30bd3385afe,3,Blue,Blue,{2}{U},Creature,"Human,Wizard",,604aded2-64c2-4474-b5b7-8c83e0e3fe76
3,Reckoner's Bargain,,6338942d-d650-4571-8ec6-4d658792c53e,2,Black,Black,{1}{B},Instant,,,044ea111-ce87-49ab-98f7-ae8447f48ac5
1,Reckoner's Bargain,,6338942d-d650-4571-8ec6-4d658792c53e,2,Black,Black,{1}{B},Instant,,,044ea111-ce87-49ab-98f7-ae8447f48ac5
1,Reclamation Sage,,b800bb44-3594-4fb7-b007-10732632b51a,3,Green,Green,{2}{G},Creature,"Elf,Shaman",,032ec6e2-6cc3-4a97-9cc7-3233f5e11904
1,Reconnaissance Mission,,ae9f7efa-d125-4f83-825e-172ea099a62a,4,Blue,Blue,{2}{U}{U},Enchantment,,,11bf211c-95a3-4e7f-bd08-13f979d54e73
1,Reconstructed Thopter,,bcc8a8d8-6d8e-44b3-a29b-5fa4a851a25b,3,,,{3},"Creature,Artifact",Thopter,,c87ff8e8-a3da-4848-9881-fbc896acf7c5
3,Red Dragon,,7cf57369-b8e2-481c-89d4-c83c617499a3,6,Red,Red,{4}{R}{R},Creature,Dragon,,ff6e4346-463c-445d-8f72-11cb35dd99ee
2,Red Elemental Blast,,a54246c9-5e5c-484e-a546-ae1f9fd020f3,1,Red,Red,{R},Instant,,,bb329a5c-b9f9-4973-a53f-090024146325
1,Red Herring,,6c137a44-9ab6-4e59-8324-34d9dca8f5a6,2,Red,Red,{1}{R},"Creature,Artifact","Fish,Clue",,f0ee45b5-697b-48f8-b1a6-cb3ae75e4a29
1,Redirect Lightning,,2b5b14a7-1fdd-4efc-b197-cadfa7f7c860,1,Red,Red,{R},Instant,Lesson,,c62b5c22-e058-436f-9575-a01cb2112829
4,Refurbished Familiar,,b338e078-629c-4cac-bd1d-e1f0a132728d,4,Black,Black,{3}{B},"Creature,Artifact","Rat,Zombie",,009e1638-9055-4872-93e1-85841bce4648
1,Refute,,38806934-dd9c-4ad4-a59c-a16dce03a14a,3,Blue,Blue,{1}{U}{U},Instant,,,eb1dfa29-7371-4cb6-bfa2-16f7820b69be
1,Regrowth,,d771fc5d-b9a1-4637-8241-3f54616b64af,2,Green,Green,{1}{G},Sorcery,,,e6e4a8bd-5c40-4654-8de1-0da9afed90fd
1,Regrowth,,d771fc5d-b9a1-4637-8241-3f54616b64af,2,Green,Green,{1}{G},Sorcery,,,e6e4a8bd-5c40-4654-8de1-0da9afed90fd
1,Regrowth,,d771fc5d-b9a1-4637-8241-3f54616b64af,2,Green,Green,{1}{G},Sorcery,,,e6e4a8bd-5c40-4654-8de1-0da9afed90fd
1,"Reidane, God of the Worthy // Valkmira, Protector's Shield",,3606519e-5677-4c21-a34e-be195b6669fa,3,White,White,,Creature,God,Legendary,35ae7b25-6d0f-49f8-a40d-dd2cf88e6f44
1,Reject,,d77f0731-fb40-4dc2-8530-afcb5ce1f27f,2,Blue,Blue,{1}{U},Instant,,,198fed4c-297e-41c0-a172-e471c7401fbb
1,Relentless Assault,,a0c48308-12e8-4b85-a5ef-1e0643bd814c,4,Red,Red,{2}{R}{R},Sorcery,,,dc1c0e8c-d0c1-445c-968f-7dec91e5d5fc
1,Relic Axe,,c5101637-3232-43d8-86c2-1d9641463612,2,,,{2},Artifact,Equipment,,d851312f-8b4e-4d8e-bfee-c470853be930
1,Relic of Legends,,ed235727-7e60-4b37-8947-4b3613711c4d,3,,,{3},Artifact,,,4d9554de-c005-41ab-a941-39328ebff9de
1,Relm's Sketching,,6aedac12-3714-4a81-bd4d-1d2555c66f78,4,Blue,Blue,{2}{U}{U},Sorcery,,,dd6601c6-810d-4883-89d2-5d31419fb1cc
1,Remand,,0027e5ca-8046-40a0-bd73-79be55f28bff,2,Blue,Blue,{1}{U},Instant,,,d71cd08e-3e84-41ff-b9db-9e343c0af6b4
1,Remedy,,9700fe0e-bf71-463b-ad7b-34831c7f9e99,2,White,White,{1}{W},Instant,,,c644f190-63e5-4496-8612-bbe7be91afc9
1,"Renata, Called to the Hunt",,1998356b-4eb3-43a7-8534-10eb212c7f2a,4,Green,Green,{2}{G}{G},"Creature,Enchantment",Demigod,Legendary,6761b077-7a89-42c9-93ab-675fe4231564
1,Renegade Tactics,,6c06a39c-68bb-4e65-9a6d-9d9bc745201f,1,Red,Red,{R},Sorcery,,,7fbcd256-c132-406f-a490-df9709835504
1,Repair and Recharge,,04ff4a4b-4e86-41d1-a6b6-312aac0d3e1a,5,White,White,{3}{W}{W},Sorcery,,,4f42517b-e62e-4b8c-8c56-cb32fb62c478
1,Repeal,,9e7dd929-4bba-46a6-86c9-b8ed853eb721,1,Blue,Blue,{X}{U},Instant,,,b1f2b26c-91b2-4f3c-9f48-6429ec3fde48
1,Repeat Offender,,0c2ca1e7-e0de-4d29-a81b-62185ccd295f,2,Black,Black,{1}{B},Creature,"Human,Assassin",,4d1885d1-212e-47ae-865f-e6dc4148ddf2
1,Reprieve,,1bd3fa8a-6c50-4f7f-9ae3-0810eec5e3db,2,White,White,{1}{W},Instant,,,f0449cbd-855c-4c20-a1f5-f76a395d8d39
1,Reprobation,,b1349c3d-39ad-40ba-897e-59e5b76de853,2,White,White,{1}{W},Enchantment,Aura,,445dfef5-358e-49b1-880c-b30fc45f0a9a
1,Requisition Raid,,6d9efae9-365d-46c8-be92-d4a3038f0414,1,White,White,{W},Sorcery,,,09669283-eb14-46a2-b37a-51d7a52da891
1,Rescue from the Underworld,,2e46aa9c-7a29-4eb4-bc44-a201c22824d2,5,Black,Black,{4}{B},Instant,,,7217ea53-3685-48d6-9df1-58a551f8c979
1,Resolute Reinforcements,,3e11ad33-b9d7-43ef-840a-61955683b599,2,White,White,{1}{W},Creature,"Human,Soldier",,eaaed253-9b11-47e2-8624-0340ab2207f6
1,Resolute Reinforcements,,940f3989-77cc-49a9-92e0-095a75d80f0f,2,White,White,{1}{W},Creature,"Human,Soldier",,eaaed253-9b11-47e2-8624-0340ab2207f6
1,Response // Resurgence,,92162888-35ea-4f4f-ab99-64dd3104e230,7,"White,Red","White,Red",{R/W}{R/W} // {3}{R}{W},Instant,,,ae93854b-c808-44cb-b0be-7d1035c597d7
1,Rest in Peace,,43eb0e85-1c26-4d2c-bdac-6e94717f0762,2,White,White,{1}{W},Enchantment,,,087f9ad7-e74f-40e2-8102-1ed2925d0418
1,Restorative Technique,,dbe9102d-b92b-4c32-93f6-5b6dc0fa08e6,3,Green,Green,{2}{G},Sorcery,,,f7b2606c-42b8-46d6-bcaa-8d4506b348eb
4,Retraction Helix,,4fe8c0b9-fdf4-4fc0-aa7c-774546cdd792,1,Blue,Blue,{U},Instant,,,2707f9f4-2b80-47ac-af0a-99fc53af94bf
1,Retreat to Hagra,,c80046c2-021f-448c-9f54-2a1a100ec0aa,3,Black,Black,{2}{B},Enchantment,,,73cbb4f0-90d6-4228-9341-791e3e9c4b48
1,Retreat to Kazandu,,4d3a089f-2049-406f-aa7e-2fdcbc59a826,3,Green,Green,{2}{G},Enchantment,,,3f8e5ff1-af89-427e-924c-19a44f9a3788
1,Retrofitter Foundry,,fcddaf73-0242-4db8-817b-d65c17119372,1,,,{1},Artifact,,,aaadfe41-b2be-4183-b45e-a70e53a59d2e
1,Return from the Wilds,,9597d9ea-d9b2-4009-8e7c-02caa3585bc5,3,Green,Green,{2}{G},Sorcery,,,541adb13-1277-4c9e-ae1e-976f7aac1c72
1,Return of the Wildspeaker,,2540964b-9caa-4951-8bba-ea2f84dc3698,5,Green,Green,{4}{G},Instant,,,2b76f9e9-cd28-4eaf-8674-215c34263f96
2,Return the Favor,,a9cc02d1-799d-42aa-9bc2-4c05452b63b4,2,Red,Red,{R}{R},Instant,,,30377bd5-99ab-4888-9ea7-e5a069b527e8
1,Return to Action,,342ec072-e581-490c-b5ae-a625bd35a153,2,Black,Black,{1}{B},Instant,,,9c002b4d-bb6c-45a5-88e1-1df2958dff9f
1,Return to Nature,,085e3129-591b-46ec-ac8b-cff428927c01,2,Green,Green,{1}{G},Instant,,,777b8ec4-a783-4297-96b7-4f200d0eb734
1,Revel Ruiner,,e3fbe7f0-8a91-4832-8953-54ab3669372c,4,Black,Black,{3}{B},Creature,"Rogue,Octopus",,adfb28ca-2ba6-4104-b731-f8fd9367f7ec
1,Revenge of Ravens,,3474289a-193e-452d-b248-e53ee99e22c0,4,Black,Black,{3}{B},Enchantment,,,dd96f145-73eb-4a6d-bcfd-5d6313fac1f9
1,Reverberate,,997d4adb-d1bc-4d8f-9ed1-20fc8d7e4780,2,Red,Red,{R}{R},Instant,,,a1f55890-31c5-4ed4-a2cd-7a4a9f05f8ca
2,Reverent Howl,,16765eb2-d497-4cd6-b683-20eac2f10bbf,3,Black,Black,{2}{B},Instant,,,86214b4c-a3ad-4372-b5fe-8f742a7a3d4c
1,Reverse the Polarity,,76f3ea66-555c-490d-b34f-12c267bc4e9b,3,Blue,Blue,{1}{U}{U},Instant,,,4499d8cd-d090-4acc-a1d9-3d9d9b6ef768
1,Revitalize,,dfbdd90c-1ae3-45e5-b1e5-5b8615a1511f,2,White,White,{1}{W},Instant,,,b1385b03-cb4b-4812-857f-7421f1df39af
1,Revitalizing Repast // Old-Growth Grove,,03522b6b-31ec-4126-8885-5dbb2248688b,1,"Green,Black","Black,Green",,Instant,,,8dd6d060-d023-48a6-85cb-7a5521b6257b
1,Revive the Shire,,46b7f493-1b57-4b07-8510-30703282f879,2,Green,Green,{1}{G},Sorcery,,,67afcfef-3f0c-4823-b690-01732f28a005
1,Revoke Existence,,9dbb9f86-f487-44b1-815f-30d87868b531,2,White,White,{1}{W},Sorcery,,,289e1a7c-b301-4395-baf8-e9a1c6d38aab
1,Rewind,,b09e1bb0-ffe8-4e5b-9a9a-f542ab439d3c,4,Blue,Blue,{2}{U}{U},Instant,,,bb27bfdf-fe8d-45bd-ad62-8118dce06eda
1,"Rhino, Barreling Brute",,4b8ac400-1e98-49fc-94be-00386d15f2ae,7,"Green,Red","Red,Green",{3}{R}{R}{G}{G},Creature,"Human,Villain",Legendary,9a6bf8a3-7640-4890-ac62-d5028f41978b
1,Rhizome Lurcher,,db9ce92b-79cc-4e26-b511-30ae8ea6a2a1,4,"Green,Black","Black,Green",{2}{B}{G},Creature,"Fungus,Zombie",,85e18895-d1d2-46c7-afd0-31da410c0438
1,Rhonas's Monument,,53d2260a-e001-4d03-a108-759591e4d233,3,,,{3},Artifact,,Legendary,b9a7c722-6b24-4383-ac6e-2a30f7834269
1,Ribskiff,,1ec8f984-5ed4-4b34-8b2a-a113cbba001d,4,,,{4},Artifact,Vehicle,,8f761657-7127-4552-a200-532e063e2419
1,Riddlemaster Sphinx,,7980e24c-bcb4-479c-8012-f19f4e87f0bf,6,Blue,Blue,{4}{U}{U},Creature,Sphinx,,29f61caf-1aba-40cd-aff6-c3685a0997d7
2,Riddlemaster Sphinx,,037f6792-ab41-4bcd-a0a3-a4af4a801eb7,6,Blue,Blue,{4}{U}{U},Creature,Sphinx,,29f61caf-1aba-40cd-aff6-c3685a0997d7
1,Ride the Shoopuf,,19ad36d6-8bf4-490c-9980-b98a470af892,2,Green,Green,{1}{G},Enchantment,,,81b67745-0b1f-4433-963d-9b9653fb4d95
1,Righteous Aura,,fed82843-2853-42d3-bcf6-b831032b7a69,2,White,White,{1}{W},Enchantment,,,5bf93d4f-be59-4aa7-83d5-7c35d1f07fae
1,Riot Control,,d7886607-86db-4221-8752-296104aaaef2,3,White,White,{2}{W},Instant,,,a189e20f-1072-4608-9e50-da2a9d7a7ee3
1,Rise from the Tides,,cdbca952-b4e8-4833-aee3-7da8ae82906e,6,Blue,Blue,{5}{U},Sorcery,,,390b862a-2a85-44bd-832c-f5bbd3eb4ea0
1,Risen Reef,,715ad2ff-7eae-42f1-bb3c-a3afc2c9b82a,3,"Green,Blue","Blue,Green",{1}{G}{U},Creature,Elemental,,2ae71e86-4400-4a30-9077-4d57a43e7395
1,Rise of the Dark Realms,,ceb5df52-4e03-4629-b8d5-d440d9cc5175,9,Black,Black,{7}{B}{B},Sorcery,,,e5223a09-f732-4747-8914-e6546ab0ef4c
1,Rise of the Dread Marn,,b9f68e39-e3a9-4f9e-ba43-bd4b126a9137,3,Black,Black,{2}{B},Instant,,,0998768a-1632-4da1-8310-352582501c4b
1,Rise of the Witch-king,,3f440fa1-5387-41d6-a80f-5b19dbb21514,4,"Green,Black","Black,Green",{2}{B}{G},Sorcery,,,3c86541c-3601-4a38-8872-39705e41303a
1,"Rishkar, Peema Renegade",,88f4aecc-b728-4960-8131-1e5aa6c3c030,3,Green,Green,{2}{G},Creature,"Elf,Druid",Legendary,761021ce-4559-464e-aa03-85c2fe78e267
1,Rising of the Day,,d4fbcac6-8ac9-44a8-9d1a-03d0799ac253,3,Red,Red,{2}{R},Enchantment,,,434a20f8-3f87-4004-9155-0f196fc2257e
1,Risk Factor,,4eda89d9-9bd1-4a55-ac02-f9a0625d8e5b,3,Red,Red,{2}{R},Instant,,,7f61a2a6-2fe2-48ec-8e2e-74d147be0a0a
1,Risky Research,,1f8aa705-6177-42e9-95cb-e7f880c186e3,3,Black,Black,{2}{B},Sorcery,,,47d52cd7-d72f-455f-aad3-70f08d54691f
4,Risky Shortcut,,c80aa587-4445-43d7-abc0-654d94ff4cda,3,Black,Black,{2}{B},Sorcery,,,a7c55495-6aca-4d17-b61a-cab8fa38b9f4
1,Rite of Replication,,006ebdeb-ae82-4de9-8f9e-f76f275ea811,4,Blue,Blue,{2}{U}{U},Sorcery,,,fb60739e-1dc3-481d-a056-ad72e665c680
1,Rith's Grove,,8a605ce4-ede6-44dd-a2ea-e953902be6bd,0,,"White,Red,Green",,Land,Lair,,e13289e5-370b-435b-a38e-cf57c3078cec
1,Riveteers Charm,,3ca0eb05-95d2-4eba-a3de-0e08739459a3,3,"Green,Red,Black","Black,Red,Green",{B}{R}{G},Instant,,,54e1b7f3-096a-4eb0-bcce-cce036d6cbe5
1,Riveteers Overlook,,1d161f81-c01a-4c91-b025-52dcb1881638,0,,,,Land,,,5548ff43-e5f6-4a63-8562-a2b1de06d6f5
1,Road // Ruin,,f336b4d4-9a84-4a87-a8ea-a83a842890ee,6,"Green,Red","Red,Green",{2}{G} // {1}{R}{R},Instant,,,f18d8939-7ee8-4a44-a1c8-6ae3a08f52fd
1,"Roads Go Ever, Ever On",,b3c1ebd6-967f-4b8c-8f1f-442ce8c1da24,2,White,White,{1}{W},Enchantment,Saga,,3cd3cdc9-2ed2-4cdf-b58a-12c3a2ef218b
1,Roaring Earth,,8cbdd88e-c532-4fc0-a1fe-8aa0c26d1092,2,Green,Green,{1}{G},Enchantment,,,43abfce5-b1dd-4784-bb91-d57b2c28f6a6
1,Roar of Challenge,,83456f8f-8a1a-403c-816b-25e454ba1edf,3,Green,Green,{2}{G},Sorcery,,,9d83a1d3-ef0f-4134-a38b-c992d396592b
1,Rockalanche,,52b213d3-6f68-43e6-91e9-435d8fe1f34c,3,Green,Green,{2}{G},Sorcery,Lesson,,d1ecfad3-e79a-447b-a932-68ef728eaf1f
1,Rockalanche,,52b213d3-6f68-43e6-91e9-435d8fe1f34c,3,Green,Green,{2}{G},Sorcery,Lesson,,d1ecfad3-e79a-447b-a932-68ef728eaf1f
2,Rocky Rebuke,,52fd910f-6d42-41f5-a4be-f375aa254ea2,2,Green,Green,{1}{G},Instant,,,fd85db70-8616-42df-9dac-bad7923f88d7
1,Rocky Tar Pit,,41c99349-2181-4eee-bf71-717e1dc94f7f,0,,,,Land,,,8709b5b1-ef9e-45b2-bf4f-ef4c4d613dcd
1,Rodeo Pyromancers,,df877a29-06e1-474d-8600-410bbec674ae,4,Red,Red,{3}{R},Creature,"Human,Mercenary",,82debe1c-31cb-411f-a353-98a952180666
1,Rogues' Gallery,,8b9b1fce-585f-442c-99a6-3b9767d68f13,3,Black,Black,{2}{B},Sorcery,,,7ea1b0e8-a577-47e2-b4cb-a6ca973742d0
1,Rogue's Gloves,,22a35bd7-8f0f-421a-948d-810513e6b0a0,2,,,{2},Artifact,Equipment,,308d7868-49f9-47a3-a7b1-4b0332d610f1
1,Rogue's Passage,,8230642b-865e-4114-87f9-516fb7efa6cd,0,,,,Land,,,f29dc596-2121-4421-8463-15f6c2e8b9b3
2,Roiling Regrowth,,fa259096-b24f-414c-af59-301bed4b4627,3,Green,Green,{2}{G},Instant,,,65d63518-3261-40b5-87b8-19c152b29ee3
1,Roku's Mastery,,c6d9145b-cef7-4e39-8f62-0e5a6a1f08a3,2,Red,Red,{X}{R}{R},Instant,,,e5659c45-e064-4690-b90a-24ffe3793d4d
1,Roll-Roll-Roll-Roll,,a2e4099e-86bd-461f-87fa-7f7850ae7eec,3,Blue,Blue,{2}{U},Enchantment,Saga,,aa913409-7a7a-4e74-82ff-7ff8195585ad
1,Romantic Rendezvous,,38120361-153f-414e-8a45-f86bb2e35a17,2,Red,Red,{1}{R},Sorcery,,,8ca585b5-25c4-41cc-a0b9-dc66ae803d04
1,"Rona, Sheoldred's Faithful",,8eaeb2b7-ad2d-4e00-b37a-06963ae41bb2,4,"Black,Blue","Blue,Black",{1}{U}{B}{B},Creature,"Human,Wizard",Legendary,52e92296-7af9-4e68-8045-40b6d6b73910
2,Rooftop Assassin,,e4e4311a-8583-4cf0-8126-508dbfbcddb6,4,Black,Black,{3}{B},Creature,"Vampire,Assassin",,f3baef8c-f8d7-4cb2-b5cc-b889a991e4e8
2,Rootborn Defenses,,2b24b560-7458-4480-aa03-80190f69df71,3,White,White,{2}{W},Instant,,,04046ae4-5c51-434b-930c-f3b1d348bf4b
1,Rootbound Crag,,76364643-bfcb-4c50-9224-bf9e35648ddf,0,,"Red,Green",,Land,,,9516c4c1-d72d-434f-97e1-6a862434a169
1,Rosecot Knight,,9ae7df20-1ccf-459b-b81c-ab8763c77ccf,5,White,White,{4}{W},Creature,"Human,Knight",,b81a9cf5-4059-45fb-a4e1-f2fe6aa3c841
1,Rosethorn Halberd,,d4a66e33-af5c-42b5-bef6-0ff0197ecc14,1,Green,Green,{G},Artifact,Equipment,,94848b02-757c-456c-a12c-b0be193221d0
1,Rosie Cotton of South Lane,,75338f49-1f02-4333-87e4-5779ef14e688,3,White,White,{2}{W},Creature,"Peasant,Halfling",Legendary,168d5711-4459-440f-8de4-aabffd47c44d
1,Rotten Reunion,,97398ad2-675b-4a34-aab7-935dd6714f1c,1,Black,Black,{B},Instant,,,1bde8eaa-9beb-4529-b540-5e0155c09713
1,Rotwidow Pack,,2cda35eb-ae42-43be-9015-3c468c7ebede,4,"Green,Black","Black,Green",{2}{B}{G},Creature,Spider,,27b5d9d8-cc19-46be-9862-405cf7ef5408
1,Rot Wolf,,7a81dfcf-a7c4-41a4-b1e9-b9e9c3f75742,3,Green,Green,{2}{G},Creature,"Wolf,Phyrexian",,7409906d-7111-48fa-bfea-8b95e0fdb7dc
1,Rough Rhino Cavalry,,a8bc29cf-f6f8-4bb8-b722-f016b58b6d2d,5,Red,Red,{4}{R},Creature,"Human,Mercenary",,3ac94b28-4b0a-4121-99b9-9cd7dff7948c
1,Rowdy Snowballers,,17d71522-b133-4003-b787-0c742a2fd70e,3,Blue,Blue,{2}{U},Creature,"Human,Ally,Peasant",,74224cce-c2ce-4456-8a97-3abbbb199385
1,Royal Treatment,,b6516b8f-ecfb-401e-ba8e-bf561aa2be64,1,Green,Green,{G},Instant,,,fd0f8fdc-4065-41f4-b8fb-ecb8f185774d
1,Royal // Young Hero,,cff8ef48-2988-4d21-837e-01f1459e07c5,0,,,,"Enchantment,Token","Aura,Role",,48b92b4d-ba82-4ea4-a48b-3d2813350260
2,Rubblebelt Maverick,,81c7ff67-b9e1-4d2e-b1ae-da9b946da00b,1,Green,Green,{G},Creature,"Human,Detective",,1ba59349-a162-4444-b3e0-cddfc01ef03b
1,Rubblebelt Recluse,,b0d43107-713d-4ff2-8cbd-237c7393229f,5,Red,Red,{4}{R},Creature,"Ogre,Berserker",,3ef0fff2-6010-42de-a7ce-e4cac295a481
1,Rubblehulk,,8c502590-f780-4512-8067-7c66f16f8c9d,6,"Green,Red","Red,Green",{4}{R}{G},Creature,Elemental,,063960e0-3f9c-4697-ba5e-81c56ac1b5d2
1,Rugged Highlands,,3aeef1b1-a351-47ce-a686-a0eb0a35a894,0,,"Red,Green",,Land,,,6c922206-6e68-4dcd-9559-88da1074f2c4
4,Rugged Highlands,,58d511be-60e0-4755-abec-18eebb530605,0,,"Red,Green",,Land,,,6c922206-6e68-4dcd-9559-88da1074f2c4
1,Rugged Prairie,,81ce61b1-5ef2-4562-b289-ceea8f3ee447,0,,"White,Red",,Land,,,8e7641e1-e814-4d5a-9cb3-71ad2f4ceee8
1,Rug of Smothering,,a73d1cb0-d0dc-4f2a-9cf2-954d5889dd08,3,,,{3},"Creature,Artifact",Construct,,da1035c4-bafe-434e-b1bd-5b08960d4c91
1,Ruin in Their Wake,,d291d064-b191-4ff6-940a-c9cfc4289ff8,2,,Green,{1}{G},Sorcery,,,68adbc52-34dd-47c4-bb1c-0c51033fe7cc
1,Ruinous Rampage,,91d7a4c2-1a4b-4e9f-b543-225b6906752f,3,Red,Red,{1}{R}{R},Sorcery,,,5020628c-5e47-4a83-89c3-7bf5726e69ad
1,Ruinous Ultimatum,,930bc0f5-758a-49a7-ab23-5b74802bcddb,7,"White,Red,Black","White,Black,Red",{R}{R}{W}{W}{W}{B}{B},Sorcery,,,a6f38908-aa4f-4f99-a28e-85d11dab52e4
1,Ruinous Waterbending,,53161747-c82b-41e8-90ea-7791ea262a85,3,Black,Black,{1}{B}{B},Sorcery,Lesson,,7d3a0216-871b-4c1b-adb1-de99b832f577
1,Rumble Arena,,3f5d2c38-663c-4f64-8cfc-c102462e82ef,0,,,,Land,,,83f2470e-2114-4cd9-ab1a-21b76e9cdf63
1,Rummaging Goblin,,cc5b622c-83a4-477e-a99c-2674e2bd6bb9,3,Red,Red,{2}{R},Creature,"Goblin,Rogue",,2055eb91-ee36-4752-a6dc-581eaef335c8
5,Run Amok,,44c8136f-2826-476c-a103-7094670506a6,2,Red,Red,{1}{R},Instant,,,d463de75-8d3c-4077-a2cc-c304a63acc69
1,Runaway Steam-Kin,,d8c9c111-fbc7-44e1-94bd-1ca164370623,2,Red,Red,{1}{R},Creature,Elemental,,eb414a8f-566f-4635-80a1-77b2e18ac8dc
1,Run Away Together,,e598eb7b-10dc-49e6-ac60-2fefa987173e,2,Blue,Blue,{1}{U},Instant,,,290faa28-450e-4797-9a8f-642d8af3f82a
1,Rune-Scarred Demon,,0c9d67da-4fc9-4d4a-95e4-0303c5404705,7,Black,Black,{5}{B}{B},Creature,Demon,,14aefe99-fb60-4f1c-a71f-7ffbe94c8b13
2,Rune Snag,,45b6cadf-1974-47c8-98d8-ba413486c3b5,2,Blue,Blue,{1}{U},Instant,,,49bf3805-cc9e-4550-8a01-171282aa49c9
1,Rush of Knowledge,,65b03b40-671f-4973-8d75-c3fa878ef603,5,Blue,Blue,{4}{U},Sorcery,,,34282c99-68ef-4855-b683-7bb205fa6374
1,Rustvale Bridge,,2207467a-b82a-47ae-8867-15a859328fe9,0,,"White,Red",,"Artifact,Land",,,a3faf70d-c034-4692-9e92-1922029e3852
1,Rustvale Bridge,,da54e458-1d4f-45f0-a225-99eb9c4049fb,0,,"White,Red",,"Artifact,Land",,,a3faf70d-c034-4692-9e92-1922029e3852
2,Rustvale Bridge,,da54e458-1d4f-45f0-a225-99eb9c4049fb,0,,"White,Red",,"Artifact,Land",,,a3faf70d-c034-4692-9e92-1922029e3852
1,Rustwing Falcon,,c6691e62-8887-41e8-8e74-76ee2353d45e,1,White,White,{W},Creature,Bird,,438ee544-78a2-4e32-9343-70838b60ac16
1,Ruthless Waterbender,,864f3e70-d56b-4419-8e1c-80a672f28a72,2,Black,Black,{1}{B},Creature,"Human,Soldier,Ally",,100771fd-07db-47be-ada3-935dc918fa33
1,Saber-Tooth Moose-Lion,,b15f302d-c451-4e79-a5af-75ee3ba4cadf,6,Green,Green,{4}{G}{G},Creature,"Cat,Elk",,7af493e3-15a1-42d6-a66c-82aacabe816f
1,Saber-Tooth Moose-Lion,,b15f302d-c451-4e79-a5af-75ee3ba4cadf,6,Green,Green,{4}{G}{G},Creature,"Cat,Elk",,7af493e3-15a1-42d6-a66c-82aacabe816f
1,Sabotender,,12df1295-8b08-4c8e-bac9-55b4f514c0be,2,Red,Red,{1}{R},Creature,Plant,,65385311-1158-4e94-892a-683997706ca8
1,Sacred Foundry,,0a26d900-c652-4f9c-8681-a35c5f8b1937,0,,"White,Red",,Land,"Plains,Mountain",,45181cb8-2090-4471-ba90-e5a8f04d525f
1,Sacred Peaks,,24957d64-ad17-4d4f-8a00-3cdd83e1ce88,0,,"White,Red",,Land,"Plains,Mountain",,fb69bc57-f05a-41c2-9b7b-9a9761ef0cd3
1,Sadistic Glee,,d9e1959c-b87b-4e17-a0d2-0489ea79220b,1,Black,Black,{B},Enchantment,Aura,,2af22962-8f66-4868-a175-ad5d7f4c9d58
1,Sage of the Unknowable,,9f481ab3-ca6c-4a5c-aa32-d087464fc4da,2,Blue,Blue,{1}{U},Creature,"Human,Wizard",,359a570e-92a7-4954-9a05-89cc75df57e7
1,Sage's Nouliths,,a12ff7c3-6ae0-4098-9240-ff3fd16a5288,2,Blue,Blue,{1}{U},Artifact,Equipment,,97248734-6e99-42a2-8f11-f3337b25f8ab
1,"Saheeli, Sublime Artificer",,12612d5c-9264-48bb-b5ad-21710c9f080c,3,"Red,Blue","Blue,Red",{1}{U/R}{U/R},Planeswalker,Saheeli,Legendary,ab655810-f67e-4576-9174-35b16f5e3235
1,"Sai, Master Thopterist",,dea200c8-6da5-4938-8b76-cc693e03de29,3,Blue,Blue,{2}{U},Creature,"Human,Artificer",Legendary,52241b9c-7a69-4176-9234-8bdab09d8e64
1,Sakashima's Will,,ca9fd318-ffb2-40d0-b1e0-e951d7735f78,4,Blue,Blue,{3}{U},Sorcery,,,2c3c3bec-00f0-4de2-b929-73f1c9276ec4
1,Sakura-Tribe Elder,,91c7707a-bae0-4196-bf26-d276f57b7369,2,Green,Green,{1}{G},Creature,"Shaman,Snake",,e3afc704-220f-498f-9eaa-0821b17dc24c
1,Salvation Engine // Salvation Engine,,32dc0d6c-b9bd-421d-ba8c-fa10ff7e2011,0,,,,Card,,,c77c18bc-7a47-45a4-9ae9-2bc2a8e5277f
1,Samite Healer,,05a74bec-ba6c-45f3-bc25-60cda8fa908b,2,White,White,{1}{W},Creature,"Human,Cleric",,95a0ca48-d924-47f4-86ed-42c673ee778c
1,"Sam, Loyal Attendant",,687a2b76-3f05-4732-bd9b-513d06d16300,3,"White,Green","White,Green",{1}{G}{W},Creature,"Peasant,Halfling",Legendary,2837be10-23ad-49d2-943e-b1e00edbbbd9
1,Sample Collector,,76f7480c-82cc-4ddd-b619-c1a609c29a13,3,Green,Green,{2}{G},Creature,"Troll,Detective",,566b65bb-fa5d-4da6-a766-b08128ee0049
1,Sam's Desperate Rescue,,bdd4d735-8cda-47c1-865b-48b51ac8f666,1,Black,Black,{B},Sorcery,,,5a3336f1-614a-4b3f-8752-522a34d0417a
1,Sam's Desperate Rescue,,bdd4d735-8cda-47c1-865b-48b51ac8f666,1,Black,Black,{B},Sorcery,,,5a3336f1-614a-4b3f-8752-522a34d0417a
1,Sam's Desperate Rescue,,0a1c0e3b-a9ee-4f37-aabf-2989a06d7fe4,1,Black,Black,{B},Sorcery,,,5a3336f1-614a-4b3f-8752-522a34d0417a
1,Samwise Gamgee,,a1b6f13e-63d0-46bf-aa57-23c2dbdf62dd,2,"White,Green","White,Green",{G}{W},Creature,"Peasant,Halfling",Legendary,7ce37c26-91ea-493f-bfc3-a890d4538bc1
1,Samwise the Stouthearted,,16891fb5-1388-465c-8d86-97de0ee94ef1,2,White,White,{1}{W},Creature,"Peasant,Halfling",Legendary,0e26b429-0469-474a-818a-2d4696c38a05
1,Samwise the Stouthearted,,44c6a273-9307-432a-96f5-3e536da70f95,2,White,White,{1}{W},Creature,"Peasant,Halfling",Legendary,0e26b429-0469-474a-818a-2d4696c38a05
1,Sanctify,,7c9aeb6e-678e-44ed-8143-c44250cdb196,2,White,White,{1}{W},Sorcery,,,c804ac8e-7427-43c6-b496-3ee6de192f03
1,Sanctum Weaver,,12089acb-81f5-4d49-89f4-1f207f3b92fd,2,Green,Green,{1}{G},"Creature,Enchantment",Dryad,,acfe7ec0-0606-4d5e-b1fa-25f0c7aeec47
2,Sandbenders' Storm,,b3bf4a25-4329-4318-870a-2b06aa620dc4,4,White,White,{3}{W},Instant,,,dfc8b8de-be1d-4f7f-bb21-4761a0e7db4e
1,Sandsteppe Citadel,,2dd40d90-c939-458a-9a98-27d10da6ff2f,0,,"White,Black,Green",,Land,,,544dbabd-cbfc-40da-a5ba-2fea9cddb453
1,Sandstone Bridge,,c781e932-4605-47aa-add1-4ee62f4e7ead,0,,White,,Land,,,08911e8e-cd67-4960-a927-958c33632469
1,Sandstone Oracle,,c7333ea3-2c98-405a-a5cc-eecba9b14a00,7,,,{7},"Creature,Artifact",Sphinx,,850e2dbd-b904-41b9-8ffe-0aa562837bde
1,Sangromancer,,3af47f00-2f43-4de9-9a88-966331be83c4,4,Black,Black,{2}{B}{B},Creature,"Vampire,Shaman",,920445ab-0ac2-4de7-bc1c-f5e58eb4424c
1,Sanguine Bond,,bd199c13-9437-4162-bde9-9301589989aa,5,Black,Black,{3}{B}{B},Enchantment,,,73089a39-a2f6-4aa2-a058-e6551475153d
4,Sanguine Syphoner,,b1daf5bb-c8e9-4e79-a532-ca92a9a885cd,2,Black,Black,{1}{B},Creature,"Vampire,Warlock",,b81a748b-f7a6-4ec4-8b18-40a1819745f6
1,Saproling,,34e5ec9e-8e9c-4396-86b3-c9ca99eaf2fa,0,Green,Green,,"Creature,Token",Saproling,,2b7dba01-b08c-4218-9fc1-da55559d9155
1,Sarpadian Simulacrum,,099c65d5-9dd3-41d3-9102-3f6cb30c7b8e,1,Red,Red,{R},"Creature,Artifact",Goblin,,b563a578-86ce-41a5-a83e-c70c6a4960e2
2,Saruman's Trickery,,8eb6c23b-e52e-4533-9625-884eb0a4d866,3,Blue,Blue,{1}{U}{U},Instant,,,1b415806-a3e3-4d87-b4c1-ccd11a8ee589
1,"Saryth, the Viper's Fang",,8050afb7-3c16-4456-aa34-4cc999fac7f5,4,Green,Green,{2}{G}{G},Creature,"Human,Warlock",Legendary,4e07a0b3-f340-4ed1-a8a9-c25fe6f37fb3
1,Satyr Enchanter,,e31c544f-a748-4180-8366-9bb1622bb99d,3,"White,Green","White,Green",{1}{G}{W},Creature,"Druid,Satyr",,aa321138-b1a7-4b8e-a2ca-b9ce65704e92
1,Satyr's Cunning,,646d8201-be68-42fa-bcfd-42d81a2ad195,1,Red,Red,{R},Sorcery,,,46fd9b9e-ef8f-41d6-9f1d-040bb7fe74c1
4,Satyr Wayfinder,,13c5a1ce-932a-4b3d-8b86-ed920e646afc,2,Green,Green,{1}{G},Creature,Satyr,,ead4c01a-e2ae-49c9-95d9-651d81005907
1,"Sauron, the Lidless Eye",,d82a4c78-d2fc-425a-8d0e-2e64509a08f1,5,"Red,Black","Black,Red",{3}{B}{R},Creature,"Avatar,Horror",Legendary,00b9d3a3-fd64-4757-9159-b3af06b5f5b1
1,Savage Punch,,39db8020-86a6-4ff2-8715-654121c2f3a2,2,Green,Green,{1}{G},Sorcery,,,3ca58e01-21c6-4314-ab3d-280ba6f9f509
1,Savage Smash,,4b05cacb-1f62-46ca-90a0-202d4adcff2c,3,"Green,Red","Red,Green",{1}{R}{G},Sorcery,,,676c0315-1cb3-4d80-b136-16d88fd612cb
1,Savvy Hunter,,2285b3a3-782e-4acd-bf32-cb116c27b883,3,"Green,Black","Black,Green",{1}{B}{G},Creature,"Human,Warrior",,602132c2-8ee8-41f8-bfac-cb17d32203f5
1,Sazh's Chocobo,,dda6b4d0-1b60-46b0-b321-b9ffe15afff4,1,Green,Green,{G},Creature,Bird,,c2b082b4-5d9c-4125-b353-d1cf4f334720
1,Scale the Heights,,e781d6ad-950e-49bf-9645-e2354086ae49,3,Green,Green,{2}{G},Sorcery,,,13d5b664-db13-406e-9956-3d9fe4177d33
1,Scathe Zombies,,54360cdf-ecbb-4a52-96a3-fd5d8f9b30bf,3,Black,Black,{2}{B},Creature,Zombie,,e0fefaf0-da20-4d58-8db7-019dba16c780
1,Scathing Shadelock // Venomous Words,,03e664cd-c3a6-4263-b2d8-dd99058fb8ec,5,Black,Black,{4}{B} // {B},Creature,"Snake,Warlock",,2796c3d9-9e56-40f2-8398-7a131c4657ff
1,Scattered Groves,,f12f441a-4d58-4ea5-90b8-f4e32db391a1,0,,"White,Green",,Land,"Plains,Forest",,3c87ea85-ca29-45a7-b5b2-758c62898b0a
1,Scavenger Grounds,,707d733d-2928-4215-91d2-1340fc9ee903,0,,,,Land,Desert,,5ece7d03-9ee7-4953-a06e-9d8e41874903
1,Scavenging Ooze,,614d466e-f830-4a2f-8740-b416a15c67dd,2,Green,Green,{1}{G},Creature,Ooze,,1ff25f67-36a7-4cfa-a2b1-2135b5b6fb67
1,Scene of the Crime,,de039992-631b-4feb-a522-acdb0a6d1f26,0,,,,"Artifact,Land",Clue,,ba11a517-1dbd-4797-9f5e-46ce0f6c77c0
1,Scheming Silvertongue // Sign in Blood,,fe85a124-0d8b-4a29-8df1-65888a39147f,2,Black,Black,{1}{B} // {B}{B},Creature,"Vampire,Warlock",,44443716-8356-40cd-a879-35264b29108c
1,Scion of Halaster,,c876f9b3-b4f6-4177-9c43-443ae2a028d0,2,Black,Black,{1}{B},Enchantment,Background,Legendary,227ddf6c-d21a-48da-84fb-395c7e096914
1,Scion Summoner,,e709bf1f-9bbb-4da7-a1ea-7deb94858b8c,3,,Green,{2}{G},Creature,"Eldrazi,Drone",,fa60f3a6-5834-4059-adea-dd17366b7885
1,Scorn-Blade Berserker,,792e7386-4c2d-4fa9-b499-fa3681f2a50e,1,Black,Black,{B},Creature,"Human,Berserker",,93107139-b743-4d62-b0ac-9997202e0562
1,Scoured Barrens,,84f0d2ed-063a-4086-8563-de3bc71330cf,0,,"White,Black",,Land,,,d37f858e-03c8-4594-9b92-cd03699a1591
1,Scout's Warning,,e6639e3d-b0c4-4c08-83d5-f3fc58fac9b2,1,White,White,{W},Instant,,,f65cba6a-3ef4-4841-b2c1-578b2a2c3300
4,Scrapwork Mutt,,4742800a-4872-4c2d-b884-01e0ba16950c,2,,Red,{2},"Creature,Artifact",Dog,,5906b378-c7a7-44fd-a63b-55a347d97854
1,Scrapwork Rager,,e28de770-7975-4aa9-b656-e7dbe6bff290,4,,Black,{4},"Creature,Artifact","Horror,Phyrexian",,552867ec-5741-4e34-813f-4aaf185661f7
1,Scrapyard Salvo,,3a4874eb-635b-47f0-bbee-6bd8b26e2f10,3,Red,Red,{1}{R}{R},Sorcery,,,f63894a8-318f-4cfb-9a17-359fb9153e74
1,Scrawling Crawler,,a1176dcf-40ee-4342-aa74-791b8352e99a,3,,,{3},"Creature,Artifact","Construct,Phyrexian",,1d60c80d-9a95-4051-bbf7-02ca51ee1be2
1,Scream Puff,,c62d0ae9-5a82-40bf-b8bb-9c2e2d55d458,5,Black,Black,{4}{B},Creature,Horror,,b46ddf4b-7ed8-49c4-8828-f0fbbc023c1f
1,Screams from Within,,27e2a759-971d-455b-845c-2e9b471950bb,3,Black,Black,{1}{B}{B},Enchantment,Aura,,a3b3b9ae-1e48-481d-80a5-7e2a26cf2f50
1,Screams of the Damned,,66cc53cf-13eb-4028-944d-a670ad30dbca,5,Black,Black,{3}{B}{B},Enchantment,,,831bb507-aaf0-4e6a-98d9-f010f96aff96
1,Scrollshift,,6fc278d1-2ea4-4fbc-95cd-a9cd48c3c630,3,White,White,{2}{W},Instant,,,9f762b9f-7525-4ff8-bc1d-fbab66fd4013
3,Scurrid Colony,,c9c0a096-870d-443c-92d3-f7ec1f362616,2,Green,Green,{1}{G},Creature,Squirrel,,7dd68fd9-f5a7-49ee-aa36-93d646254335
1,Scurrilous Sentry,,29e2805f-59fa-4a6d-97bc-266191b2aa8d,4,Black,Black,{3}{B},Creature,"Human,Knight,Rogue",,52bfcb09-007c-47d8-8038-692e7dd8f922
1,Scurry Oak,,0fb48c2e-ee0f-4fae-9c22-247870c10d5b,3,Green,Green,{2}{G},Creature,Treefolk,,eee6c02b-7d6a-4445-ad27-8b03176147d4
1,Scute Swarm,,309b2cb5-b9a8-417d-b5ae-0a7d03ff93f0,3,Green,Green,{2}{G},Creature,Insect,,aa854d50-444c-49d9-bfb1-5476b33c1c0b
1,Scuttlegator,,d886fd9a-7800-41f1-b692-32a439b045da,6,"Green,Blue","Blue,Green",{4}{G/U}{G/U},Creature,"Crab,Turtle,Crocodile",,9bc0ca04-26ab-4743-bc65-0b5f4115c8f7
1,Scytheclaw Raptor,,9436cf62-56d6-4662-9982-72e9be80d25c,3,Red,Red,{2}{R},Creature,Dinosaur,,8c653a0d-e35a-4596-bed6-b5156192955b
1,Seal from Existence,,2ccc29cc-025d-402e-9fe3-75998eb290c9,3,White,White,{1}{W}{W},Enchantment,,,72c4c682-df97-4408-997b-e849f54aba39
1,Sea Monster,,6ee7c3e0-e016-445f-ab3a-3e2d5c26bdac,6,Blue,Blue,{4}{U}{U},Creature,Serpent,,21b07ce7-b4f9-438c-8c09-e624557d62d2
1,Searing Barb,,69f156b6-68c2-4787-b3f0-6d1079bb576f,3,Red,Red,{2}{R},Sorcery,,,9a1622a5-c982-407b-a158-7b8ad9238aac
2,Searing Barrage,,d2f11135-e9ce-4e4c-bea7-72a46d326e40,5,Red,Red,{4}{R},Instant,,,26c17025-1123-46d9-a8bd-edbad01c4b6e
1,Season of Loss,,cc540652-916b-45c5-ae5a-0a0bc557cee1,5,Black,Black,{3}{B}{B},Sorcery,,,31b5d0ad-3a4d-4f43-b0a9-c9f7a362680f
1,Season of the Bold,,84352565-558b-4f9b-a411-532147806a78,5,Red,Red,{3}{R}{R},Sorcery,,,5fe29c25-a7ad-4c79-a5a5-da1bbc832141
1,Season of the Burrow,,33bf9c60-4e58-48a4-8e53-abef7ab3b671,5,White,White,{3}{W}{W},Sorcery,,,8e013e51-1684-4f58-8fe1-3588b6fbb5b5
2,Seat of the Synod,,5da5587d-6b6c-4645-8cc9-2866d1e6911b,0,,Blue,,"Artifact,Land",,,39451b4d-cd7a-40da-b457-cb51b609173f
2,Seat of the Synod,,57a194b3-2899-4dee-977a-c77df0b94dfe,0,,Blue,,"Artifact,Land",,,39451b4d-cd7a-40da-b457-cb51b609173f
1,Secluded Starforge,,a997ff9f-045a-44a2-983d-f36414cef1ab,0,,,,Land,,,69f55a7c-6ddf-412e-b63b-b395731a1ff2
1,Second Breakfast,,002f647a-25f8-461b-8617-52674f5d577c,3,White,White,{2}{W},Instant,,,bf5f68b8-8ae2-4d08-b86c-4e6d3b653fec
1,Secret Identity,,37a31d84-e87b-406e-9249-fae1b5e23e72,1,Blue,Blue,{U},Instant,,,e6637f9f-8293-43a5-a134-93799a016ecb
1,Secret Rendezvous,,39528cf0-343e-499b-a69f-c5c3c2898c25,3,White,White,{1}{W}{W},Sorcery,,,34b90d3e-f48c-41ff-b3e4-5cab7a9cd597
2,Secrets of the Key,,9b022ba8-07b6-4993-99c8-89c6dcb19e60,1,Blue,Blue,{U},Instant,,,55c7ce94-3cd3-42f3-9dd8-0c118fa626c8
1,Secure the Wastes,,97649f03-262c-485d-8cb4-75cc4f65ec53,1,White,White,{X}{W},Instant,,,b2347910-d6c6-4681-8316-7ef27056485c
2,Sedge Scorpion,,9864f811-db2e-4d6d-ad59-a491a790bdd4,1,Green,Green,{G},Creature,Scorpion,,fbadf7a3-0d54-40fe-a763-f641dd448e56
1,See Double,,41634103-7b58-4feb-84b7-90a07a7b474f,4,Blue,Blue,{2}{U}{U},Instant,,,144d0817-348c-4171-aa7e-3468b23cf97d
1,Seer's Sundial,,491b8613-d5cd-4749-9c1b-d27a388c616a,4,,,{4},Artifact,,,9929d7ba-cdc5-4099-a0ee-3a15073336f3
1,Seething Landscape,,661fc907-7003-45c6-820c-9616e9a71c30,0,,"Blue,Black,Red",,Land,,,2d8635bd-ed96-4bb1-8718-6962a0eee3d5
1,Seismic Monstrosaur,,98aeb9dc-18f9-4120-ac3d-226c62a1dc1d,6,Red,Red,{4}{R}{R},Creature,Dinosaur,,3b66d2c2-be7a-4296-9888-f0cfb2975e89
1,Seismic Sense,,a7b93c2a-c478-4734-8aca-03f3e9c11b20,1,Green,Green,{G},Sorcery,Lesson,,9d586c74-b1dd-4fcb-a24a-c703d250fa63
1,Seismic Tutelage,,7e6939a5-0890-4c2f-b517-7d16f6490e76,4,Green,Green,{3}{G},Enchantment,Aura,,7ece47b1-0b4b-40ac-a90f-4573a8e3b8bd
1,Seize the Day,,e2449983-c54c-49d8-8289-c591e465527e,4,Red,Red,{3}{R},Sorcery,,,2a6abd59-e448-46f1-9af8-bb9040645971
1,Seize the Secrets,,1bdbdfa8-aa28-4b3d-95e7-3d0e7e37f982,3,Blue,Blue,{2}{U},Sorcery,,,db070312-9a27-435f-8b23-e538441103ec
1,Seize the Spoils,,4ddf4e34-a1f9-4636-942d-0a08e9f94320,3,Red,Red,{2}{R},Sorcery,,,58f83528-9110-4895-b5ea-51b90af30a8d
1,Seize the Storm,,45ec2af6-8397-429f-900f-846a5056f8e0,5,Red,Red,{4}{R},Sorcery,,,d3455e93-3a05-42db-945d-c4c85f4ac827
1,Sejiri Steppe,,668f5732-da88-4d42-9186-70cfef81f689,0,,White,,Land,,,3dfbf95e-a91b-429c-96e2-95ac777e7027
1,Selesnya Guildgate,,edcd3a31-6ba8-4b72-a134-43d53da54c70,0,,"White,Green",,Land,Gate,,75b235d3-595a-4859-be45-9559d8445db5
1,Selesnya Sanctuary,,c5e51787-f9c9-4926-9df1-a384a3092676,0,,"White,Green",,Land,,,00ef1c55-dea1-4564-bd57-66de86cba4df
1,Selesnya Sanctuary,,3b1bed1f-6c34-4959-ad0c-39c4f970bb72,0,,"White,Green",,Land,,,00ef1c55-dea1-4564-bd57-66de86cba4df
1,Selesnya Signet,,8296d86a-2c79-43c8-8a1c-1d4bb600bc6b,2,,"White,Green",{2},Artifact,,,1436dd81-496e-42a5-b210-fb5b9cdf073f
1,Self-Assembler,,3d05c6c2-4bb3-468a-b23c-b0425a9982f1,5,,,{5},"Creature,Artifact",Assembly-Worker,,8f36e058-e5fa-48f9-9996-09b77fc193b3
1,Self-Destruct,,7661003c-bf83-46bb-bcc0-8fbf5819ffa8,2,Red,Red,{1}{R},Instant,,,98bf6311-bc9b-4bf8-ac83-c041973b86d0
1,Selfless Savior,,6911759c-7177-402c-a95a-f9f46efaf521,1,White,White,{W},Creature,Dog,,49dc3434-2501-4788-84f2-93e55730f67c
1,Selfless Spirit,,9cd16dac-3bf9-4a71-a906-0cfbf98cdca5,2,White,White,{1}{W},Creature,"Cleric,Spirit",,71d785a9-ddc8-472e-a778-a551b444a4bd
1,"Selvala, Heart of the Wilds",,812856be-cf51-42de-96d2-4ac91e71d442,3,Green,Green,{1}{G}{G},Creature,"Elf,Scout",Legendary,1d725121-e50c-42f0-9128-56802f07c89e
1,Send in the Pest,,283b508b-89f0-4c23-9686-b049e402b73c,2,Black,Black,{1}{B},Sorcery,,,955bfcb8-6477-4ed0-b6e7-8940874ae5e4
1,"Sengir, the Dark Baron",,4d51a22e-74fc-442e-945a-56d02ca12713,6,Black,Black,{4}{B}{B},Creature,"Vampire,Noble",Legendary,f49f84f9-616e-495b-8d87-4de7941f230e
1,Sentinel Spider,,01e7af76-e505-49ca-a91e-8167027560ff,5,Green,Green,{3}{G}{G},Creature,Spider,,a37c9b13-dc45-4b55-a63d-5314abde7aab
1,Serpent-Blade Assailant,,6fabc49f-b665-4c56-b06e-03220f7918bb,3,Green,Green,{2}{G},Creature,"Warrior,Elf",,66a131ae-dbb2-4e7b-b6ce-7695f47c8f87
1,Serpentine Ambush,,b59b03db-f4f2-47df-b861-b6ac5772f47a,2,Blue,Blue,{1}{U},Instant,,,822b6d56-939a-42b9-b50c-9a8ba50ec3ad
3,Serpentine Ambush,,b8214b1c-29f8-4986-89ac-2d7fc929edf3,2,Blue,Blue,{1}{U},Instant,,,822b6d56-939a-42b9-b50c-9a8ba50ec3ad
1,Serpent of the Pass,,87595843-15bc-48bb-8a81-3e6ad924ed44,7,Blue,Blue,{5}{U}{U},Creature,Serpent,,98e36c6e-a868-4679-a5b5-6f02097f560b
1,Serpent Skin,,8c5722d9-d1a4-4ad2-bf85-db666d4a30d9,3,Green,Green,{2}{G},Enchantment,Aura,,bc606d13-6c01-4f22-a514-1d0a16ec4cf6
1,Serpent's Pass,,ad87bff5-9b8c-44e4-a6d3-8cc71be9640a,0,,"Blue,Black",,Land,,,f715f701-a735-42ab-b31a-8e1bd04ac5ff
1,Serra's Guardian,,84784231-2675-4b5b-929f-a796c091a77c,6,White,White,{4}{W}{W},Creature,Angel,,c50cd7e7-8d53-44af-ac96-3e104587bdb3
1,Serra's Guardian,,1a1d95b9-aa18-41e2-b972-93fda25e0b11,6,White,White,{4}{W}{W},Creature,Angel,,c50cd7e7-8d53-44af-ac96-3e104587bdb3
1,Serum Visions,,5b75eb6b-d76c-4b92-b042-13493f9ef164,1,Blue,Blue,{U},Sorcery,,,56956afd-db53-4542-816b-490c8b0bbcf7
2,Servo,,e6a5faa3-b86e-4e05-93db-5db9507ae7d0,0,,,,"Creature,Artifact,Token",Servo,,b6ca7bd1-d72e-4260-8b52-997ee1377279
1,Setessan Champion,,f8ce9858-747e-441c-95a8-6af44aa2098d,3,Green,Green,{2}{G},Creature,"Human,Warrior",,38513660-260f-4663-b199-6473fa004a3b
1,Settle the Wreckage,,31a7a5e2-4cb8-48fc-8351-18344b4a7560,4,White,White,{2}{W}{W},Instant,,,2a2ea189-b663-4f4a-bb23-ff7a4af25f71
3,Seven-Tail Mentor,,9d77d1e6-c804-46f7-ba00-6df6bca2ae08,4,White,White,{3}{W},Creature,"Fox,Samurai",,301b8265-9e17-48c3-942d-b7243112b394
1,Severed Legion,,efe12afd-da41-436e-af84-fa3b36a58030,3,Black,Black,{1}{B}{B},Creature,Zombie,,34a8a658-a5f6-406f-99d8-c32ea2e26202
1,Sevinne's Reclamation,,51647010-99f0-4b02-8c91-fdd826db130d,3,White,White,{2}{W},Sorcery,,,1b9f9f5b-8712-4f00-90cb-1b7b9970eccc
1,Sewer Crocodile,,a06ac58b-6d72-4eb4-a1c9-61b5314c7769,6,Blue,Blue,{5}{U},Creature,Crocodile,,b01e9ff2-865a-401e-a839-568cd4a0451d
1,Shadowbane,,0fbe8fa5-5ca8-43ce-863e-61802126e485,2,White,White,{1}{W},Instant,,,9e9ec33b-b923-40e5-81a8-e1e78df63ec7
1,Shadow of Mortality,,40cbb0db-94e9-4988-b900-ced4f9e6d4ed,15,Black,Black,{13}{B}{B},Creature,Avatar,,45378874-aa51-4bb6-a161-be336c164778
1,Shadow of the Second Sun,,0da72736-574d-4d99-98ba-3a91c374cd10,6,Blue,Blue,{4}{U}{U},Enchantment,Aura,,2ee9d018-02c7-43e7-ba2e-95e36d8ac0e8
1,Shadow Rift,,57c11175-9feb-4801-9b46-d577d5ecef40,1,Blue,Blue,{U},Instant,,,66810ef7-ea3a-4afa-92f0-b21ec52cc8d0
1,Shadow Summoning,,ec0984b2-bed6-41b1-9087-2cfd16749037,2,"White,Black","White,Black",{W}{B},Sorcery,,,b9225046-03aa-4729-89fa-32c049407229
1,Shadrix Silverquill,,214a695b-208e-4fd5-9ceb-23c882eadcf7,5,"White,Black","White,Black",{3}{W}{B},Creature,"Elder,Dragon",Legendary,2143f413-7baa-4fd6-a7ca-32f52bfa553f
1,Shady Informant,,0de36e63-8190-415f-b65b-bae1e595845d,5,"Red,Black","Black,Red",{3}{B}{R},Creature,"Rogue,Ogre",,5cf3727b-eb7b-414e-982c-3acf4c05ddf1
1,Shamanic Revelation,,5945a80f-b604-4b15-a016-e2dfddeb95ba,5,Green,Green,{3}{G}{G},Sorcery,,,d1d171de-1c6d-4fb9-817a-9c689c709f3d
1,Shamanic Revelation,,5c7f2c73-26d8-42a6-acde-2c5a2f4e21a1,5,Green,Green,{3}{G}{G},Sorcery,,,d1d171de-1c6d-4fb9-817a-9c689c709f3d
1,Shambling Vent,,30a73816-1f33-4798-a9d6-5f0410d19625,0,,"White,Black",,Land,,,4725abd4-06bc-464a-bc5b-c9e0f71ec079
1,"Shantotto, Tactician Magician",,eff984b2-6ea9-4471-91c5-99c47f87f10b,3,"Red,Blue","Blue,Red",{1}{U}{R},Creature,"Wizard,Dwarf",Legendary,381df197-5fb7-44ab-a31f-96c4993a0e53
1,Sharae of Numbing Depths,,600bc36a-3ef0-459c-9a93-94ec45b8c3d9,4,"White,Blue","White,Blue",{2}{W}{U},Creature,"Wizard,Merfolk",Legendary,c736935a-e006-4a67-b942-e8ccf1cd9abb
1,Shared Animosity,,7e735f1a-3925-43f8-bc95-2cadcd44d5e0,3,Red,Red,{2}{R},Enchantment,,,a27445db-33f2-4571-98b5-83206b797484
1,Shared Summons,,1e1e49b6-ed0f-42f5-af22-6f4aa23ce4ef,5,Green,Green,{3}{G}{G},Instant,,,c2c9dbd0-2062-4ee1-b32e-8eeacd95589c
1,Shattered Acolyte,,dc0517ca-b271-49a1-a286-c20f4e5b9309,2,White,White,{1}{W},Creature,"Dwarf,Warlock",,57f58d52-0014-4cac-94fc-668063cc147a
1,Shattered Sanctum,,5aa0c810-3b7d-4661-979e-e84fb327742d,0,,"White,Black",,Land,,,c854ecb0-cc60-4c48-a9aa-7f2348a7a8c6
1,Shattering Spree,,d6dcff21-5900-43c4-a38b-cdc19c704ce4,1,Red,Red,{R},Sorcery,,,fe725b27-49ef-41bc-91f9-9cd9871ad863
1,Shatter the Source,,032720a1-410b-4638-9294-35fd8e27375f,6,Red,Red,{5}{R},Instant,,,d8b3bcf2-1be1-46ed-9531-ca4ce98e3b3c
1,"Shelob, Child of Ungoliant",,a14c4b29-3363-45ce-9190-0f79e1a0ef7f,6,"Green,Black","Black,Green",{4}{B}{G},Creature,"Demon,Spider",Legendary,8372115d-c963-4a41-8759-72f7f6a8935a
1,"Shelob, Dread Weaver",,83944c19-6f9b-4043-9eeb-1a4ca452f698,4,Black,Black,{3}{B},Creature,"Demon,Spider",Legendary,7eade76f-92e4-4d26-9eb8-d3d954845c04
1,Shelob's Ambush,,25e69fa8-7339-4bfa-8e35-9cbfe0001d8b,1,Black,Black,{B},Instant,,,c2816923-9daf-4277-adf7-20427d14ba4a
1,Shelter,,9c726ab3-1692-4e14-ab21-664a1679bc53,2,White,White,{1}{W},Instant,,,c1909d70-d8f4-4c54-8587-0a910f123238
1,Sheltered by Ghosts,,8e8a5cfe-1b3f-4414-b9a4-078bdb4072a7,2,White,White,{1}{W},Enchantment,Aura,,d13fc657-c6fc-4394-bc70-691050550226
1,Sheltering Boughs,,915dd4c2-0e9f-440c-8e4c-80db351a5eba,3,Green,Green,{2}{G},Enchantment,Aura,,b6bde4eb-15f0-4e6e-9d25-459a2f75ccf2
1,Sheltering Landscape,,0fe070f4-8877-4280-b8fd-869f3ac34ab6,0,,"White,Red,Green",,Land,,,5b932be0-4dac-41b9-9c59-f79e4cecc31a
1,Shielded by Faith,,681149f2-0802-4ab7-9521-3b3c7281f55d,3,White,White,{1}{W}{W},Enchantment,Aura,,79085dea-8daa-41c0-a975-61e3e6da2e26
1,Shimmerdrift Vale,,f09d98db-0176-41a7-b99b-ead29876cdab,0,,,,Land,,Snow,2ac34f3e-822d-4fde-99ca-a31c4d9503fd
1,Shimmer of Possibility,,76e3092d-2422-438c-b5dd-bf8eca33a76e,2,Blue,Blue,{1}{U},Sorcery,,,85e2b073-e953-46f9-a1d4-0dfe030b3751
1,Shinra Reinforcements,,7367b257-1a8c-4593-a307-7116e36e0342,3,Black,Black,{2}{B},Creature,"Human,Soldier",,6cfe63ac-3581-461b-8ed3-3e231851e3f8
1,Shiny Impetus,,57520d99-744f-41bb-9134-f28397a5cb2a,3,Red,Red,{2}{R},Enchantment,Aura,,aae76e5c-f5e0-4d18-b465-e6a829be908a
2,Shire Terrace,,25932483-58cd-4ae5-82bf-ab455177d117,0,,,,Land,,,619173f4-0403-49cd-9659-2fedd5028a90
6,Shivan Dragon,,d389b8db-5866-4146-a379-f24b6463622b,6,Red,Red,{4}{R}{R},Creature,Dragon,,711eea87-0fa3-46e0-a42b-fa5a86455f04
1,Shivan Reef,,ae4c9315-41f9-4264-ae6b-c0d9ed6287ca,0,,"Blue,Red",,Land,,,0fe16212-66c3-4e45-a641-7391e9b2e304
1,Shock,,298747bb-eb40-4b58-bb22-4ac2bc1d795c,1,Red,Red,{R},Instant,,,a9d288b8-cdc1-4e55-a0c9-d6edfc95e65d
1,Shock,,3c866bdb-ff94-4f3f-8429-e72c2cbb94ef,1,Red,Red,{R},Instant,,,a9d288b8-cdc1-4e55-a0c9-d6edfc95e65d
4,Shock,,bf5a0e1e-5239-41f3-a63f-d9303b1b01fc,1,Red,Red,{R},Instant,,,a9d288b8-cdc1-4e55-a0c9-d6edfc95e65d
1,Shocking Sharpshooter,,4a10342d-ca04-4d1e-bca9-79f531951a16,2,Red,Red,{1}{R},Creature,"Human,Archer",,fbb7735f-ec91-4ed4-b735-d94a76e68a80
2,Shore Up,,9d933bf1-14f0-4150-a0d2-6b845b9624cf,1,Blue,Blue,{U},Instant,,,c9d8c983-2845-42e6-b6b8-bf7cf2729b23
1,Shortcut to Mushrooms,,13bc14f9-c90c-499d-9024-3182d78e0a88,2,Green,Green,{1}{G},Enchantment,,,2dc6637a-0b51-462b-9f18-571146bb4558
1,Show of Valor,,1ab07387-a9f2-4325-804e-6383408644fd,2,White,White,{1}{W},Instant,,,9645c1cb-2305-4bc0-89d0-a50815e91573
1,Shredder's Technique,,4208f96f-49ea-46d9-b6fc-2093ded1fadb,3,Black,Black,{2}{B},Sorcery,,,d92714c0-4e22-47f9-a4d4-405894e734d0
1,Sibling Rivalry,,c44b24de-60b4-4855-9111-f1237f71bc4d,4,Red,Red,{3}{R},Sorcery,,,7fa1430f-cd2e-4071-a161-e32a61e33714
1,Sidequest: Catch a Fish // Cooking Campsite,,bdb5452e-d97f-409b-91d0-2664f39b09b8,3,White,White,,Enchantment,,,bd7c328e-0380-46f8-bb85-7bf4e201b7ac
1,Siege-Gang Commander,,98b913e1-c26d-4a7d-9671-50d483304ba3,5,Red,Red,{3}{R}{R},Creature,Goblin,,ddc7f59a-bbb1-4ba1-82c8-6813fd191940
1,Siege-Gang Lieutenant,,e22c2df5-ae00-4d71-ac60-6ea402b9036b,4,Red,Red,{3}{R},Creature,Goblin,,9e9d538b-a9e5-4d59-b7c1-208fe18110e3
1,Siege Mastodon,,71fd27a8-2de6-454f-8174-a60918bfe60e,5,White,White,{4}{W},Creature,Elephant,,b4c404d8-9f2d-4429-ac36-449ae319abb7
1,Siege of Towers,,13bf0a97-2dcf-4d18-bb3f-92d0406c7b4b,2,Red,Red,{1}{R},Sorcery,,,d8eb0897-0d2f-4f2d-a09b-87d57d5a0fa9
2,Siege Smash,,f33e3b25-76f5-4263-a309-9ea97f2d8248,2,Red,Red,{1}{R},Instant,,,4e07d30a-d29a-49bc-ab49-41ea4116a18c
1,Siege Wurm,,ad40b8f1-428a-4244-ad8a-4e757aea2b45,7,Green,Green,{5}{G}{G},Creature,Wurm,,8a802eae-abfb-47fd-8458-1689055531ef
1,Sift,,65d25807-75e1-41cf-b3e7-f9e42f06c5d3,4,Blue,Blue,{3}{U},Sorcery,,,6e060984-2015-4dc4-b53d-ab6bf2abdacc
1,Sifter of Skulls,,f824d5b6-259b-467b-93b5-e93db8b15359,4,,Black,{3}{B},Creature,Eldrazi,,688e5e19-8f28-45c4-ace4-a38144f494f1
1,Sigil of the Empty Throne,,9c451f63-2827-49fe-9d1d-87c87f7f5f8d,5,White,White,{3}{W}{W},Enchantment,,,3b9b5b22-5a7d-4e37-a870-ca0f0efa4f36
1,Sign in Blood,,61388c28-9428-473c-973a-0a82b6b83d62,2,Black,Black,{B}{B},Sorcery,,,c6207f6a-a624-4754-88f5-dbe700c841ff
1,Silklash Spider,,d0049f19-d75b-46da-96e5-5ead39b3e061,5,Green,Green,{3}{G}{G},Creature,Spider,,2d0c73da-ed8c-44fc-abd9-7c344b1f890d
1,Silundi Vision // Silundi Isle,,11568cdf-6148-494c-8b98-f5ca5797d775,3,Blue,Blue,,Instant,,,b0182ca0-f353-4012-9121-6f4ac9f7a046
1,Silverbeak Griffin,,36b4c374-42a4-4912-8a74-a11c3fa0e065,2,White,White,{W}{W},Creature,Griffin,,e9f410c1-d93d-4291-95fc-513832fb36e0
1,Silverbluff Bridge,,8f14540a-479f-4a3c-8e5b-f482caf48451,0,,"Blue,Red",,"Artifact,Land",,,081bfd50-a436-463b-9d2c-5bc8a32b387c
1,Silverflame Ritual,,cad7efd1-5f53-4466-9a02-c474c265298a,4,White,White,{3}{W},Sorcery,,,d511573b-35c7-4934-aa46-906e14101664
1,Silverflame Squire // On Alert,,cff94698-7065-40e9-8722-581b134a08fd,2,White,White,{1}{W} // {2}{W},Creature,"Human,Soldier",,93e4308e-e701-440e-861a-a30324654095
1,Silverquill Charm,,3eb73579-f1c6-4762-81d2-9568ab501fac,2,"White,Black","White,Black",{W}{B},Instant,,,d985b12e-2731-4ccf-9f51-90218b20b42a
1,Silverquill Command,,5c55f533-9d31-4ad1-b336-927aba6e74d6,4,"White,Black","White,Black",{2}{W}{B},Sorcery,,,6075b999-75c5-41c8-898d-ee612ba79a92
1,Silverquill Command,,5c55f533-9d31-4ad1-b336-927aba6e74d6,4,"White,Black","White,Black",{2}{W}{B},Sorcery,,,6075b999-75c5-41c8-898d-ee612ba79a92
1,"Silverquill, the Disputant",,1742c9cd-5ba0-4335-9999-acc7f9d4f73c,4,"White,Black","White,Black",{2}{W}{B},Creature,"Elder,Dragon",Legendary,66deb3f3-0314-427e-9cb8-6befa365ae94
1,Silver Scrutiny,,8b650ab6-9c22-424f-99e5-8ef5235a18a3,2,Blue,Blue,{X}{U}{U},Sorcery,,,2b0b4fc1-9ad6-4259-a0a2-9a14484c246e
1,Simic Ascendancy,,ff824392-fb5c-496c-be2f-6dfa6e04e3a2,2,"Green,Blue","Blue,Green",{G}{U},Enchantment,,,57c1a98e-c4fb-4144-9e3e-d0fe6789ba26
1,Simic Growth Chamber,,212d97c5-c144-483b-b42e-00623477e928,0,,"Blue,Green",,Land,,,046f5783-cc7b-416a-8cf6-2bcef9c2cc1a
1,Simic Signet,,bf222c78-f12e-4857-93da-fade99c740b8,2,,"Blue,Green",{2},Artifact,,,44503105-3e13-408d-a44f-37d503c61d72
3,Sinister Sabotage,,c3471c9c-6354-483f-960d-494f0e0a424f,3,Blue,Blue,{1}{U}{U},Instant,,,973fd4d4-9255-4825-85b7-503606c4e932
1,Sizzling Soloist,,958dfd59-7dbd-45e0-b6e1-e432c78b6878,4,Red,Red,{3}{R},Creature,"Human,Citizen",,f8975d81-d373-49b1-be00-9513b92877d9
1,Skeleton Archer,,8fee5cc4-a686-4ce6-aa6b-1b8a88e6dea3,4,Black,Black,{3}{B},Creature,"Skeleton,Archer",,3792763c-7aa0-4055-b8a1-3257e0443ef1
2,Skewer the Critics,,97295660-6bea-46ae-9a3b-0fc6abba407f,3,Red,Red,{2}{R},Sorcery,,,c43b616e-ef87-4c12-810b-a1a3260168fa
1,Skirk Prospector,,7bc508b3-8b38-4cf0-89a7-a2cb247ed083,1,Red,Red,{R},Creature,Goblin,,c18013e4-0b99-44e3-a2b2-027ace68723a
1,Skittering Precursor,,a3a3b943-7b38-4316-87d9-15e0c08abea5,3,,Red,{2}{R},Creature,"Eldrazi,Drone",,7b1519b1-665c-47b8-8f96-0027410ed81c
1,Skullclamp,,55318397-de3c-47ea-a088-72a24df5c8fa,1,,,{1},Artifact,Equipment,,65986c1b-8e51-4604-b685-d82fa7d1263a
1,Skulltap,,48a90779-008e-401f-9877-be0a935d2ccd,2,Black,Black,{1}{B},Sorcery,,,17c7878f-891f-40a6-80a7-47fcc7b8e29b
1,Skullwinder,,0d53c93a-3d02-4a89-bf3a-58c19d861f9b,3,Green,Green,{2}{G},Creature,Snake,,d3d8dd6e-a80b-4063-a542-ff67ef8dad4f
1,Skyclave Apparition,,a76c56a3-db5c-4884-8c6a-bf8105b62421,3,White,White,{1}{W}{W},Creature,"Spirit,Kor",,d90af00a-d322-4265-9954-7b1e80702e18
1,Skyclave Cleric // Skyclave Basilica,,014027c4-7f9d-4096-b308-ea4be574c0d4,2,White,White,,Creature,"Cleric,Kor",,da9e3910-9a1c-43a9-9138-ca971b2bccae
1,Skycoach Conductor // All Aboard,,4ecbca71-9a1d-44c5-b709-d6f565941d5e,3,Blue,Blue,{2}{U} // {U},Creature,"Bird,Pilot",,788d3cfa-7706-4728-9c48-cf7bc963d002
1,Skycoach Waypoint,,6747657b-5ce4-4dbd-b924-ca1f7119faf7,0,,,,Land,,,2ac2b815-2d72-48e6-b43a-18884a74bf95
1,Sky Crier,,98e01fa9-9127-4250-94f1-39e71cc3c2bc,2,White,White,{1}{W},Creature,"Bird,Citizen",,d88c2375-65ec-4909-aef3-ee1a658a07cc
1,Sky Diamond,,d47abfb2-9bcf-485c-9bd4-2c09b714eb32,2,,Blue,{2},Artifact,,,2224b6e0-c5ff-45d0-84e3-83758c5fc99f
1,Skyfisher Spider,,87300ac8-8b6f-4c37-8058-beb59eaa66be,4,"Green,Black","Black,Green",{2}{B}{G},Creature,Spider,,67158085-4807-4f0e-8599-c55ec7ec252e
1,Skyknight Legionnaire,,3c27f2ce-702a-4ec2-a470-982171a9ec73,3,"White,Red","White,Red",{1}{R}{W},Creature,"Human,Knight",,61178a6c-70b7-447d-87ee-a8d9369c3d15
1,Skyknight Legionnaire,,ae8c9948-b52e-4d07-a72a-99ab6be05cc6,3,"White,Red","White,Red",{1}{R}{W},Creature,"Human,Knight",,61178a6c-70b7-447d-87ee-a8d9369c3d15
1,Skyknight Legionnaire,,e22b3239-0f4f-4628-b8fb-0bdeb9b744b1,3,"White,Red","White,Red",{1}{R}{W},Creature,"Human,Knight",,61178a6c-70b7-447d-87ee-a8d9369c3d15
1,Skyline Cascade,,29b0027d-c232-4cdd-89c4-75947687aa71,0,,Blue,,Land,,,79301ae1-8c9c-4723-be21-dc27e1646f35
1,Skymarch Bloodletter,,2c7f2740-a193-4b4c-af00-2dd22d74a4ba,3,Black,Black,{2}{B},Creature,"Vampire,Soldier",,41684707-5118-45cf-892d-46b66045d026
1,Sky Scourer,,eb00fa72-bcda-4081-9048-e13752da8d46,2,,Black,{1}{B},Creature,"Eldrazi,Drone",,d816df03-c79b-4c63-913f-41b38afc173c
1,Skyserpent Seeker,,8dbd9fc0-c0df-4119-a0d3-2e1790998c21,2,"Green,Blue","Blue,Green",{G}{U},Creature,Snake,,5da8b86a-a7be-4fb5-9a45-a47d5cb4b372
1,Slagstorm,,9e318b03-2aad-462b-a2a9-8b6bdf0e93d6,3,Red,Red,{1}{R}{R},Sorcery,,,2ed1879a-83b8-48df-a6d2-fe28e912b4c5
1,Slagwoods Bridge,,39a60957-eaee-4154-824f-148dba07161a,0,,"Red,Green",,"Artifact,Land",,,e040a8e6-b90c-42d1-a1b1-771d954c61ab
1,Slaughter Specialist,,cb83e33c-810e-4de3-800d-2038f38a1eda,2,Black,Black,{1}{B},Creature,"Vampire,Warrior",,ab431f93-73bb-49d9-9321-a0712f096ed7
1,Slaughter the Strong,,2d986177-3814-4069-bce5-f9e54c528e85,3,White,White,{1}{W}{W},Sorcery,,,7a3569a0-a55f-40c9-9588-92db35e26567
1,Slay,,eccda747-2680-4793-8a13-35e49b4de12f,3,Black,Black,{2}{B},Instant,,,64418e1f-4fb1-4029-a31e-135b2d2c0ab9
1,Slayers' Stronghold,,402bc1b6-f2f7-4bb7-954a-8579e43f612f,0,,"White,Red",,Land,,,2de7367b-a5a4-43f4-8f8f-b931ea28150d
1,Sledding Otter-Penguin,,dcdb397d-3f68-4ede-b28a-4fa5c6f934dd,3,White,White,{2}{W},Creature,"Bird,Otter",,1b115051-a3c8-4c5f-9ad2-82b5a6897c51
2,Sleep,,e0c53e64-69cf-4296-8a1e-f8817f25c0b4,4,Blue,Blue,{2}{U}{U},Sorcery,,,9b93ff69-f195-4d72-8e1d-574c3e53bca8
1,Sleep Magic,,c96cae63-7625-48e3-aaba-5b1632a8642d,1,Blue,Blue,{U},Enchantment,Aura,,33d6f4f0-e1ad-4363-a012-46a1bd9daeb7
4,Sleep of the Dead,,4007572b-a6c8-4a56-b1a7-ff099189c9c0,1,Blue,Blue,{U},Sorcery,,,5e1b400f-ec5c-4703-bf30-65bb16bd3ca6
1,Sleep Paralysis,,2babef35-27ab-45aa-88cd-f21dccae5125,4,Blue,Blue,{3}{U},Enchantment,Aura,,5a8bd4a4-8b10-4eef-8341-28be2afa2c00
1,Slimefoot's Survey,,622f96fc-179a-4ff6-95a5-de721492f7eb,5,Green,Green,{4}{G},Sorcery,,,8ace9425-fcdd-45b0-abf0-1a7d601de25e
1,Slip Through Space,,2dee6dca-9c7e-4347-bea7-7fecc69e5827,1,,Blue,{U},Sorcery,,,2516949d-75bb-4aea-a41d-0298bb129471
1,Slitherhead,,4703f1d0-088e-4036-b50c-ce9f7c053ec7,1,"Green,Black","Black,Green",{B/G},Creature,"Zombie,Plant",,4b6966f6-052f-4d1d-a3bf-1d3cc91c71d4
4,Slumbering Keepguard,,d7f41ae2-ebc6-439f-95af-c34818a3f4e6,1,White,White,{W},Creature,"Human,Knight",,89078485-c438-4035-95dc-dbe37fb13e50
1,Smash to Dust,,747881c7-3788-4dd6-b78d-b2a5ded20e14,2,Red,Red,{1}{R},Sorcery,,,c13955b8-bad3-4f79-ad9f-11e214a1cab2
1,Smash to Smithereens,,e2e1c601-5a3d-4819-ab54-2c9acc357d69,2,Red,Red,{1}{R},Instant,,,e0583f29-c344-4b56-b0dc-bef1089a95c7
2,Smaug's Fury,,a16f203a-785e-4c78-9410-fb9f8a0ffa01,2,Red,Red,{1}{R},Instant,,,5c034266-8e63-4b43-8f9e-564e6fff6ec1
1,"Smaug, the Great Calamity // Spew Flame",,419ca9e5-8413-4378-a4ef-eda5a1024218,7,Red,Red,{5}{R}{R} // {4}{R},Creature,Dragon,Legendary,fc75cfec-e1f6-4cb5-8a3c-2f7b2c39c03f
1,"Smaug, Wicked Worm",,19cc91f0-e724-41ac-b6d8-9a293bd63b42,5,"Red,Black","Black,Red",{3}{B}{R},Creature,Dragon,Legendary,20535126-f811-4386-bdce-d73f30691724
1,"Sméagol, Helpful Guide",,b3ebf3a3-3dd1-48e0-ad84-c3295de2e032,3,"Green,Black","Black,Green",{1}{B}{G},Creature,"Horror,Halfling",Legendary,6b974499-bf1c-4e5b-a72c-c72220f4e591
1,Smell Fear,,956a2a42-6a91-45b5-99f1-87c2cf1dd608,2,Green,Green,{1}{G},Sorcery,,,c9739382-9fe0-4d24-b58e-1e45a88491b6
2,Smite the Deathless,,8b716fcc-c4cc-4987-be82-2897a9888d23,2,Red,Red,{1}{R},Instant,,,37994591-3494-4314-a7da-49c112b0866f
1,Smitten Swordmaster // Curry Favor,,ea2a7e55-be1c-4552-92f0-c68f085f3a27,2,Black,Black,{1}{B} // {B},Creature,"Human,Knight",,11ad6e75-9bbd-40ea-b04a-e6a61db3bcda
1,Smoke Bomb,,4330d8ce-3b82-4297-ad5f-c63b54b6665a,3,,,{3},Artifact,,,c262e015-f379-484f-894f-1a1deb3c75cc
2,Smoldering Marsh,,c2cf99ba-19c4-4f03-901b-69b754b6c48a,0,,"Black,Red",,Land,"Swamp,Mountain",,390f1b56-264e-4336-83be-dc1fe79bfdcf
1,Smothering Abomination,,aac33238-e4bd-4c72-aecc-9905232c3ab4,4,,Black,{2}{B}{B},Creature,Eldrazi,,c3db28e5-6162-4642-a1c9-a7ace0737950
1,Snakeskin Veil,,d9849b22-1fba-4f6a-bd94-df1bc1764e6b,1,Green,Green,{G},Instant,,,1e6a24be-8281-41c1-a5ba-b68f0ef1d7b8
1,Snake Umbra,,106d17d6-5ef2-4634-8dd6-790b12574042,3,Green,Green,{2}{G},Enchantment,Aura,,70ed2052-f03c-461d-b32a-8835c97c559f
7,Snapping Drake,,2f6b6cbc-b25c-4221-ae65-a29fcf504f2f,4,Blue,Blue,{3}{U},Creature,Drake,,e15060c3-3773-4548-8747-ff59dcf2b519
1,Snarespinner,,0b51c3b5-db70-4976-986d-ed3fc8584d1a,2,Green,Green,{1}{G},Creature,Spider,,0f63de7b-03f2-49ad-b217-88fe9c50d68a
1,Snarling Warg,,a1ad561c-ccb4-480a-88a4-0555d0ef245e,4,Black,Black,{3}{B},Creature,Wolf,,978a7a96-ca79-4f73-a4c6-99d662605969
4,Sneaky Snacker,,0e3aedae-e4bb-48e3-9f8b-bea0430df306,2,"Black,Blue","Blue,Black",{U}{B},Creature,"Rogue,Faerie",,f255492e-4e12-48b4-9c19-8a2a2780a1b7
1,Sneering Shadewriter,,4b4c120e-abe9-4f11-a7e4-bc3f723da4b2,5,Black,Black,{4}{B},Creature,"Vampire,Warlock",,21a094d6-de3d-48d4-a35d-b99617da55db
2,Snowslope Hunter,,47666099-ffb2-4d07-a801-70524dba0837,3,Red,Red,{2}{R},Creature,"Goblin,Ranger",,fdf7f144-56e4-4f88-b81a-b85473922355
1,Soaring Seacliff,,6bf0de91-765a-49e3-bd8a-94f266b3bdd8,0,,Blue,,Land,,,a37544b6-0048-4213-8e40-76ba8a0b6d1b
1,Soaring Stoneglider,,2fbe446b-60fd-43da-8358-985392293af8,3,White,White,{2}{W},Creature,"Cleric,Elephant",,62d18d2b-fa68-49cd-b62d-803728ddfa8b
1,Sodden Verdure,,0b5e219b-28fa-40e3-8afb-355ae767326d,0,,"Blue,Green",,Land,"Island,Forest",,0070db93-142b-4d04-afd3-836792dc134b
1,Sokenzan Smelter,,b4ec8275-80c0-4c1e-9432-a940a83756a0,2,Red,Red,{1}{R},Creature,"Goblin,Artificer",,dd645241-2992-4c4e-a6a8-c2215d2340ae
1,"Sokka, Bold Boomeranger",,4a1f1472-55b4-450d-8e4d-7297130a0cf3,2,"Red,Blue","Blue,Red",{U}{R},Creature,"Human,Warrior,Ally",Legendary,bdbec6d5-0f10-4114-b709-4402a44debdf
1,"Sokka, Lateral Strategist",,1326c5db-4615-495f-8e30-376243d91352,3,"White,Blue","White,Blue",{1}{W/U}{W/U},Creature,"Human,Warrior,Ally",Legendary,427f8ef9-12b3-4fa0-b303-28153566b6dc
1,Sokka's Haiku,,004be4bc-ac3c-4026-8d36-f4687ab18c70,5,Blue,Blue,{3}{U}{U},Instant,Lesson,,87a97c72-143d-48a8-a1c5-3c44aa8e5a86
1,"Sokka, Tenacious Tactician",,f0fa5897-1da7-488f-bb19-1632e969c050,4,"White,Red,Blue","White,Blue,Red",{1}{U}{R}{W},Creature,"Human,Warrior,Ally",Legendary,6b68acc2-b9d5-495b-8054-c04bae1349f1
1,Soldier,,37da5b54-ec55-46e3-9f0b-565cbbe1ac7a,0,,,,"Creature,Artifact,Token",Soldier,,0410f6f6-88f6-48e2-b301-7660c86317a1
1,Soldier,,66f90245-fa63-48b2-a20a-8a6f00dd5853,0,White,White,,"Creature,Enchantment,Token",Soldier,,cca22679-fb67-4a43-b824-0f8faac0f319
1,Sold Out,,1affba6d-2cca-4cdf-8690-1e23ffbe8462,4,Black,Black,{3}{B},Instant,,,6a69d4b1-72dd-4599-a16d-32299de5b0b9
1,Solemn Simulacrum,,5383f45e-3da2-40fb-beee-801448bbb60f,4,,,{4},"Creature,Artifact",Golem,,00c0543c-2a1f-4425-8283-4062d74a1637
1,Solitary Confinement,,b9031a7f-8821-443c-9c9d-552fb25b2101,3,White,White,{2}{W},Enchantment,,,d41ab41d-07c8-4f6d-be5e-7aec9f5f6365
2,Sol Ring,,e672d408-997c-4a19-810a-3da8411eecf2,1,,,{1},Artifact,,,6ad8011d-3471-4369-9d68-b264cc027487
1,Sol Ring,,58b26011-e103-45c4-a253-900f4e6b2eeb,1,,,{1},Artifact,,,6ad8011d-3471-4369-9d68-b264cc027487
1,Sol Ring,,f9a32f17-49c4-4654-a087-1ba474f37377,1,,,{1},Artifact,,,6ad8011d-3471-4369-9d68-b264cc027487
1,Solve the Equation,,66c04ee2-c1e0-45fb-aaf5-1b4459df80fc,3,Blue,Blue,{2}{U},Sorcery,,,f02682f0-26c0-4032-9df3-273b6a45d0a8
1,Sonar Strike,,a50da179-751f-47a8-a547-8c4a291ed381,2,White,White,{1}{W},Instant,,,d8c582bc-47de-47ec-8bf9-b2c848e27ab8
1,Songbirds' Blessing,,4d1e229a-ed04-4d8d-90a9-5a451ca81470,4,White,White,{3}{W},Enchantment,Aura,,2598294c-a9a7-4bef-a562-23f297a80536
1,Song of Totentanz,,940e8bb7-0251-4fac-945c-d83618c10447,1,Red,Red,{X}{R},Sorcery,,,5f4d0c87-7d59-41d5-9910-86765a0c144b
1,Sonic Screwdriver,,f131027a-9776-41fa-8a5f-d9ef80e0dc2e,3,,,{3},Artifact,,,cd68cc31-12fd-48ff-b37b-bccfe4172974
1,Soul Enervation,,6f22ac67-06ce-47cc-a515-d216d30b9cae,4,Black,Black,{3}{B},Enchantment,,,5b4508a3-1d21-46ec-8a50-cd3171a7348a
1,Soul Enervation,,7ef61777-be03-40c5-be9c-d573cf025813,4,Black,Black,{3}{B},Enchantment,,,5b4508a3-1d21-46ec-8a50-cd3171a7348a
1,Soul-Guide Lantern,,13571173-29e7-4915-af5f-05f13b463061,1,,,{1},Artifact,,,1b5e6560-ff2e-4475-96cb-63f64c8a86db
1,Soulmender,,37f45133-6134-4664-9952-67c03d60f9a0,1,White,White,{W},Creature,"Human,Cleric",,41b1d850-2fda-490b-a4f6-0d9bfb37103c
1,Soul of Migration,,4541217f-5e86-491b-918b-ed7a2eb3e4eb,7,White,White,{5}{W}{W},Creature,Elemental,,f90ebf35-08f9-4277-92d9-75165f32a84e
1,Soul Search,,0f852937-381d-4445-99d3-2ecb8af6bb6a,2,"White,Black","White,Black",{W}{B},Sorcery,,,58f12f0d-e2c1-48f9-9e27-d1de8db743cb
1,Soul's Fire,,239a9f2e-145b-4f31-8128-4d376af1079d,3,Red,Red,{2}{R},Instant,,,62d7ed6e-c386-477e-b155-982c3790f842
1,Soul's Fire,,239a9f2e-145b-4f31-8128-4d376af1079d,3,Red,Red,{2}{R},Instant,,,62d7ed6e-c386-477e-b155-982c3790f842
1,Soul Warden,,6bbdd169-958f-42df-812d-f75fbed9576f,1,White,White,{W},Creature,"Human,Cleric",,f3fad295-1af2-4ecc-8546-b121ad6be27b
1,Sound the Trumpets,,dd32a1dd-3541-4572-a717-1deabc14b827,3,Blue,Blue,{1}{U}{U},Instant,,,dbcf2a79-b455-43ac-9cf0-9e63708800f4
1,Soured Springs,,67daa31c-d9c4-4c22-b29c-1b8a17d577e5,0,,"Blue,Black",,Land,Desert,,e579edd7-4f6c-4f22-a72f-0a20d7a698a2
1,South Pole Voyager,,4b5ad895-be8d-476b-91ca-22fad7a3cc58,2,White,White,{1}{W},Creature,"Human,Scout,Ally",,c5173332-68ad-456e-ad85-dd7475464d94
1,Sovereign Okinec Ahau,,5d6e7f53-d8c4-4356-a31d-ed3d5e0627cc,4,"White,Green","White,Green",{2}{G}{W},Creature,"Cat,Noble",Legendary,087b2490-e415-44e2-a674-3b5619a0fad5
1,Sovereign's Bite,,5326d251-bb91-4653-b1fa-44f14c4e0b88,2,Black,Black,{1}{B},Sorcery,,,13718d93-fe46-4a18-a511-88649ef1c9de
1,Sozin's Comet,,649e50e5-299b-4191-87a8-36e9378795be,5,Red,Red,{3}{R}{R},Sorcery,,,bc0da02c-2b85-4ddc-9ce0-63934dd14164
1,Spara's Adjudicators,,4495468f-a587-48f7-875d-dad80b86c156,5,"White,Green,Blue","White,Blue,Green",{2}{G}{W}{U},Creature,"Cat,Citizen",,02718076-4c71-4bf5-988f-e6f94fbf0aef
1,Spark Double,,8d8cd755-d3cc-40ab-a4fa-5e889d897c8f,4,Blue,Blue,{3}{U},Creature,Illusion,,8dcb35e5-ae44-455f-86e3-4a77d496ff34
1,Sparkmage Apprentice,,2227b652-f429-4b2a-ab43-ce551eb0a59d,2,Red,Red,{1}{R},Creature,"Human,Wizard",,69003cbc-8e5a-41dc-ac53-18f6e776217b
5,Sparktongue Dragon,,bc0dbc86-cc12-49e7-9721-dd52b35efcbe,5,Red,Red,{3}{R}{R},Creature,Dragon,,1817acd5-5ed0-47b8-8e56-4715a488867e
1,Spawn-Gang Commander,,ecac9885-6f4e-4413-90dc-c8b44f883357,5,,Red,{3}{R}{R},Creature,"Goblin,Eldrazi",,3641ceef-4f26-4647-ac12-c958524d68ca
1,Spawn of Thraxes,,e13aa40e-c626-486d-8abc-10aa68542c5b,7,Red,Red,{5}{R}{R},Creature,Dragon,,52289774-d292-4028-91fb-8826fa004dc8
1,Spectacular Showdown,,d5b1cbee-528f-48f7-b7c9-16aa3dab850a,2,Red,Red,{1}{R},Sorcery,,,b6f61b77-d571-4508-a5e8-435b4e097f3a
2,Specter of the Fens,,73e3cfbc-7177-4bbc-89c4-560c9c2f97db,4,Black,Black,{3}{B},Creature,Specter,,048925e1-3bd6-4caa-90b9-e75e890032a5
1,Spectral Denial,,ee4e732a-1ffd-463d-92c2-26187659cfc3,1,Blue,Blue,{X}{U},Instant,,,f8536726-993b-4100-918c-e3c7177d4c65
1,Spellbook Seeker // Careful Study,,cc44eaa4-59a4-419e-b1d1-d92f354ff588,4,Blue,Blue,{3}{U} // {U},Creature,"Wizard,Bird",,df5e4100-8c83-42d6-af96-1a1ec84a9210
2,Spell Pierce,,beb42273-935b-4bda-849e-c163606cf89e,1,Blue,Blue,{U},Instant,,,d64b0848-0193-4025-ba62-63ecd8fb9f50
2,Spell Stutter,,24447e36-a42f-40a9-ad44-e904b6f9b276,2,Blue,Blue,{1}{U},Instant,,,f9bf996e-ae14-40a3-a8d8-f5725ddaa270
1,Spelunking,,d3be4257-2316-4a2e-b347-f71c0368a947,3,Green,Green,{2}{G},Enchantment,,,2962fe4c-bf48-454b-8a6b-0f8253352ae8
1,Sphere of Safety,,5c4e3031-ffc2-4d4d-a9f9-e85820059315,5,White,White,{4}{W},Enchantment,,,92f6c063-a740-4c3c-a60a-569fd298854d
1,Spider,,7a0275af-708d-4c43-b226-c88cb9a8054c,0,Green,Green,,"Creature,Enchantment,Token",Spider,,10f7232b-3b49-4d4c-adea-8bdeb118d08a
1,"Spider-Gwen, Free Spirit",,3bc04fa7-6265-4549-91f6-eebdcd67398a,3,Red,Red,{2}{R},Creature,"Human,Spider,Hero",Legendary,2648559d-1d96-47d2-a769-cfa2cbca2be5
1,"Spider-Man, Brooklyn Visionary",,e19929bc-cbe1-4970-952d-8e9d0193ddce,5,Green,Green,{4}{G},Creature,"Human,Spider,Hero",Legendary,2ca85872-9436-4515-af50-c13e59605627
1,Spider Manifestation,,99223677-b8a5-48f1-8009-e8475eada7db,2,"Green,Red","Red,Green",{1}{R/G},Creature,"Avatar,Spider",,8281f2b9-e81b-48da-812a-8713b2adf8ab
1,Spider-Man No More,,72dbab11-96ed-43db-8b59-ceca47c8cd22,2,Blue,Blue,{1}{U},Enchantment,Aura,,163f1fce-70c8-44e3-a679-f97d52cd1e9a
1,"Spider-Man, Web-Slinger",,897418bc-df8c-4c97-b6bf-7c9133a8a577,3,White,White,{2}{W},Creature,"Human,Spider,Hero",Legendary,505231d8-714f-4c5b-a635-d1662bd18a78
1,"Spider-Rex, Daring Dino",,5b6e0bea-f126-4adb-8808-901950a77c7b,6,Green,Green,{4}{G}{G},Creature,"Dinosaur,Spider,Hero",Legendary,58b771d4-dfaf-4189-a5f6-4bc0fb4c0fa3
1,Spidersilk Net,,9561b47c-b863-463a-8a10-56fede2cb42c,0,,,{0},Artifact,Equipment,,04979f18-1ba8-47a3-a078-ab6b84bfac72
1,Spider Spawning,,5e20241b-515f-420f-9012-2f693f333187,5,Green,"Black,Green",{4}{G},Sorcery,,,da113cc9-bb2b-4af4-9c43-32c165b87363
1,"Spider-Woman, Stunning Savior",,bc9b2a76-3cce-4fd0-a4ef-932747cb11b2,2,"White,Blue","White,Blue",{1}{W/U},Creature,"Human,Spider,Hero",Legendary,be2b9c6d-4ecb-49ec-b276-4aa93c5dfc00
1,Spike Colony,,a6ea4703-8521-4576-8405-4b923e0a9522,5,Green,Green,{4}{G},Creature,Spike,,15902a15-090a-44e6-b8d2-59e0f26ed46f
1,Spikefield Hazard // Spikefield Cave,,a69541db-3f4e-412f-aa8e-dec1e74f74dc,1,Red,Red,,Instant,,,81036c9f-fe0a-45a7-bcd5-0d344f31055a
1,Spinerock Knoll,,11e4ba4b-62d1-43ed-82e8-cd45d7a62c65,0,,Red,,Land,,,690c7f8e-fea2-4920-afa7-02ff120701a1
2,Spinewoods Paladin,,1b2b432d-9e73-4ab2-a098-546d406df6c0,5,Green,Green,{4}{G},Creature,"Human,Knight",,d2aa9649-8394-48ca-bee6-a044e5a86b38
1,Spirit,,6e8ba2be-4e95-4d10-b866-9fde3f8c8a3f,0,White,White,,"Creature,Token",Spirit,,dc4e2134-f0c2-49aa-9ea3-ebf83af1445c
2,Spirited Companion,,99c27e8e-1a9b-4175-a7fb-c8224bc08e68,2,White,White,{1}{W},"Creature,Enchantment",Dog,,9c5f0d91-9d86-4e66-94fd-4af93ad01838
1,Spirited Companion,,5aa91a9e-2fe2-43bc-aa9c-cfb8a71829ff,2,White,White,{1}{W},"Creature,Enchantment",Dog,,9c5f0d91-9d86-4e66-94fd-4af93ad01838
1,Spirit Mantle,,8ac5a048-e8aa-48e8-b51b-b4e9a5b63ea6,2,White,White,{1}{W},Enchantment,Aura,,81a51328-b995-4f3b-90bc-a20ae21dd254
1,Spirit Mascot,,123f1fde-d8de-4640-baa1-bb3781713168,2,"White,Red","White,Red",{R}{W},Creature,"Spirit,Ox",,34c572b2-dccf-43d9-a9c4-846653ad22da
1,Spirit Water Revival,,0c019e76-c88e-4d1b-a546-0f4e462ef44a,3,Blue,Blue,{1}{U}{U},Sorcery,,,68979160-b5ce-4787-8a1e-1f40e614c3b0
1,Spitfire Lagac,,30f600cd-b696-4f49-9cbc-5a33aa43d04c,4,Red,Red,{3}{R},Creature,Lizard,,7215ca87-bbff-4c14-a1f5-de5ddd97c875
1,Spitfire Lagac,,b6008794-a7ca-4a3e-b88b-e5dbb9e0f39b,4,Red,Red,{3}{R},Creature,Lizard,,7215ca87-bbff-4c14-a1f5-de5ddd97c875
1,Splatter Technique,,969b6657-c3b9-47e1-a42e-95bbcccf452d,5,"Red,Blue","Blue,Red",{1}{U}{U}{R}{R},Sorcery,,,2620dcfe-8738-4f81-b23d-0c1c60cf9047
1,Spoils of Blood,,d9df391c-eb76-45b1-a58d-8211538a22ac,1,Black,Black,{B},Instant,,,26516566-c837-428d-bc81-582c74da2c28
1,Sporecap Spider,,7bc33252-145f-45c0-bb70-23183c698f66,3,Green,Green,{2}{G},Creature,Spider,,e9b5d4f3-b98a-463a-b628-289c2df81204
3,Spore Crawler,,628dbc4c-3640-44a9-8439-873103989409,3,Green,Green,{2}{G},Creature,Fungus,,fa7c13c0-350b-4ed6-8c16-590d2b988184
1,Spore Frog,,6d42fd52-34ea-4d1b-80dc-58fb0593bb5b,1,Green,Green,{G},Creature,Frog,,97db6c39-e690-49b6-93a6-e51b8dfad10b
1,Sporemound,,2d256cd0-6fe9-4905-9886-fb1457292db5,5,Green,Green,{3}{G}{G},Creature,Fungus,,1be56a3d-a6c0-4b65-ae71-3d90ceefc6c0
1,Sporeweb Weaver,,e6ab63c8-0adc-4d74-aee5-a58ce5c0dad8,3,Green,Green,{2}{G},Creature,Spider,,2e7c3881-6fa6-4fd2-ae86-9e3a0fcecdbd
1,Spreading Insurrection,,f1c1918b-2f7a-4cab-9547-029ebc589000,5,Red,Red,{4}{R},Sorcery,,,bc59977f-b3a7-4bc1-9f20-0a1e36d418ae
1,Spreading Seas,,9ad6dfe9-90b6-4582-af77-1355c950a50d,2,Blue,Blue,{1}{U},Enchantment,Aura,,af32757c-9d3c-4f6c-a6fa-d5729a440382
1,Springbloom Druid,,6161d2ed-7cff-4c90-9e74-1d179a6c1498,3,Green,Green,{2}{G},Creature,"Elf,Druid",,788a4896-3414-40bf-b391-d2efea2fb5f9
1,Springjack Knight,,75fa0c72-427b-4797-b5b1-15f07fc5fa07,3,White,White,{2}{W},Creature,"Knight,Kithkin",,97b0b719-d948-4671-97ba-1b2be8cc55e4
1,Spymaster's Vault,,3d5fbb30-abfc-4e79-8ce5-bbb04a241c9f,0,,Black,,Land,,,69ddca4b-5cc0-45f3-b2e6-a047c8d601be
1,Squirrel,,27f8ccb9-32b2-4562-a60f-843e82795984,0,Green,Green,,"Creature,Token",Squirrel,,67f21c0c-2083-4eda-9dc3-cc8aee42289f
1,"Sram, Senior Edificer",,93887cc3-888e-479f-9cc2-a0b908e364a5,2,White,White,{1}{W},Creature,"Advisor,Dwarf",Legendary,7e00b0cd-d212-4604-ba07-da21f4fe00b0
1,Staff of the Storyteller,,67083aca-b077-4b12-8218-876e22476f85,2,White,White,{1}{W},Artifact,,,0c4e2c90-c17b-42cc-b4d7-cf75970fbe90
1,Staggering Size,,e34c4946-6c21-4ae1-9595-35933d38da52,2,Green,Green,{1}{G},Instant,,,57bda813-ad4b-40ab-aa35-3f8343ff8668
1,Stand United,,def589e7-f84a-4a13-a65a-130a687bc124,2,"White,Green","White,Green",{1}{G/W},Instant,,,5a05ee6e-1812-4792-ad00-6df8fa4fd85f
1,Star-Crowned Stag,,c57417c7-867b-4b64-bfe3-1744dfe9b44d,4,White,White,{3}{W},Creature,Elk,,a375b739-6a6c-4e07-9b1c-a304f84ea2cc
1,Starfield Shepherd,,1226e575-aa78-4c68-be1d-6e5c2dc6315b,5,White,White,{3}{W}{W},Creature,Angel,,42fa99ab-d35f-4439-ab00-fe99bad626ac
1,Starfield Vocalist,,deca0b2a-e7f3-444a-883d-7c41dd62c9cc,4,Blue,Blue,{3}{U},Creature,"Human,Bard",,4add809e-9caa-45ae-bb0d-4760a360b8e2
1,Starlight Spectacular,,de25090e-dd32-4267-a661-da3083d1737a,4,White,White,{2}{W}{W},Enchantment,,,5c4e9401-537c-4bf6-bd07-d2abc43612c9
1,Starnheim Courser,,5c5373dd-4aec-4e93-97fb-a639aa096764,3,White,White,{2}{W},Creature,Pegasus,,01317d6c-8c11-40e1-8f7b-d36050973ada
1,Starscape Cleric,,53a938a7-0154-4350-87cb-00da24ec3824,2,Black,Black,{1}{B},Creature,"Cleric,Bat",,8d72ddb3-ef6e-4847-b6d4-5d85b1dd5802
1,Starwinder,,27d1a010-5790-4b35-9fdc-0e366eed021d,7,Blue,Blue,{5}{U}{U},Creature,Leviathan,,face2dc0-37ba-4efe-b900-b5521567c943
1,Stasis Field,,38211d78-ebac-4150-ac11-7613a0e9e1bc,2,Blue,Blue,{1}{U},Enchantment,Aura,,83633ea1-a8d5-4351-9047-625d6905386d
1,Staunch Crewmate,,143e9845-8a11-4fc4-b116-29a929985146,2,Blue,Blue,{1}{U},Creature,"Human,Pirate",,8ab49974-3f06-4b6b-a416-d6f872b3887f
1,Steam Vents,,b8ebe3cf-7143-453a-b0ef-2f5bdaac3185,0,,"Blue,Red",,Land,"Island,Mountain",,17039058-822d-409f-938c-b727a366ba63
1,Steelbane Hydra,,c9889a59-519c-4adb-9002-dbed400a0d33,2,Green,Green,{X}{G}{G},Creature,"Hydra,Turtle",,e38e3723-05f5-4a51-8364-1cda19f9cc49
1,Steer Clear,,523a4d6e-122b-49b4-bf3d-17d29c0007fb,1,White,White,{W},Instant,,,2c22af49-c6ef-4de6-bb84-6b3e99879148
1,Step Between Worlds,,70ea2054-3d22-42ce-ab50-501ef09c2128,5,Blue,Blue,{3}{U}{U},Sorcery,,,48b43d53-9a8a-47a2-8610-a54d276d7be7
1,Step Through,,c5688978-1744-4986-bda3-09629541b827,5,Blue,Blue,{3}{U}{U},Sorcery,,,c4fa89c7-f00d-42ef-bd67-407a288cd054
1,Sterling Grove,,ba03e105-a76c-4769-a35a-d780448890ec,2,"White,Green","White,Green",{G}{W},Enchantment,,,2c275a85-5a15-46cd-a6e7-add63f9b853d
1,Stern Lesson,,3151caa2-10ed-4f30-83eb-cd1bd3f642ce,3,Blue,Blue,{2}{U},Instant,,,8315aa34-08b8-403e-a2e6-796a2d6978ad
1,Stew the Coneys,,bcc7c41c-f416-457e-91ba-1f338f45eeac,3,Green,Green,{2}{G},Instant,,,f6f1b8da-5e7c-4121-9b0f-fd6678b04991
1,Sticky Fingers,,3678fa3d-d41f-4b7a-b25e-6fc5f78876c7,1,Red,Red,{R},Enchantment,Aura,,fa8ddc13-5108-4fe9-b3aa-dc28df476f7b
1,Stingerfling Spider,,18f45424-2c26-43fa-9afe-eeb22ce772e1,5,Green,Green,{4}{G},Creature,Spider,,056770e2-8ab7-424d-a2d8-7be6d6cc73f1
1,"Sting, the Glinting Dagger",,afbec7e7-f5b9-407e-bf96-2e088710e791,2,,,{2},Artifact,Equipment,Legendary,973c49a1-8425-40b9-8bdc-2c2434222314
1,Stinkdrinker Daredevil,,bca9593b-764f-4fb8-80bd-91cdebc83356,3,Red,Red,{2}{R},Creature,"Goblin,Rogue",,25af5e13-ebe8-4bc4-b8fe-8b9aee59579c
1,Stinkweed Imp,,f4c40d4c-426d-4697-a173-e0a348308857,3,Black,Black,{2}{B},Creature,Imp,,e005bc76-4985-4ec6-b9f6-cf6d0d9f5df4
1,Stinkweed Imp,,628903a0-6695-4643-80f3-9a6efc4d6a27,3,Black,Black,{2}{B},Creature,Imp,,e005bc76-4985-4ec6-b9f6-cf6d0d9f5df4
1,Stinkweed Imp,,f4c40d4c-426d-4697-a173-e0a348308857,3,Black,Black,{2}{B},Creature,Imp,,e005bc76-4985-4ec6-b9f6-cf6d0d9f5df4
1,Stinkweed Imp,,1a5b62b8-fcff-4320-9e23-2a376bbcf53f,3,Black,Black,{2}{B},Creature,Imp,,e005bc76-4985-4ec6-b9f6-cf6d0d9f5df4
1,Stirring Wildwood,,d556d10b-83cc-4736-b269-4ce65aae2837,0,,"White,Green",,Land,,,e900f211-dc8b-40f7-a217-1b1462b15c26
1,Stir Up Trouble,,fd145e3a-c889-4390-accb-863dbcc845ce,1,Black,Black,{B},Sorcery,,,dda607bd-f419-4b7f-b052-a5ce6ce22bfe
1,Stitcher's Supplier,,3677165d-be78-4011-92dd-8f1bc31302c1,1,Black,Black,{B},Creature,Zombie,,7fd61a18-6e4f-40c5-aa00-3d101ec1ec82
2,Stoke the Flames,,04113b3c-cc8f-4b15-9091-f82ea3df2e7c,4,Red,Red,{2}{R}{R},Instant,,,2249001c-08d5-4c0a-86f8-d97519a39f37
1,Stomping Ground,,f29f3415-971c-4a5d-aae9-3893f4bdab1e,0,,"Red,Green",,Land,"Mountain,Forest",,16052b52-ade1-406f-a06b-ce7ea607fb63
1,Stonecoil Serpent,,b34bf7fd-9fe3-43e2-8cfe-7ce7cff08afe,0,,,{X},"Creature,Artifact",Snake,,78124cd1-2658-43f3-a339-0755d84154d2
1,Stone-Seeder Hierophant,,f4e1b9f9-e58c-4474-9a31-8e5d9f96492e,4,Green,Green,{2}{G}{G},Creature,"Human,Druid",,ccaea194-4b21-4485-ba08-d8d030c9418d
1,Stony-Voiced Goblins,,6fcc3699-b475-4612-884d-81bd4f21e9c1,2,Black,Black,{1}{B},Creature,"Goblin,Bard",,d1dceaa7-d33e-4067-9e1b-8a8978a12933
1,Stormcarved Coast,,bd3ae4fa-4c97-410a-8c0a-bd203342595d,0,,"Blue,Red",,Land,,,4722105b-0085-4bb8-bca1-9de0d3eb5600
1,Stormcatch Mentor,,f1bbb5ad-a293-48f3-a3d0-7ac85a7b8467,2,"Red,Blue","Blue,Red",{U}{R},Creature,"Wizard,Otter",,b2252471-01ca-4d58-aa99-4ab0aa5eae12
1,Storm-Kiln Artist,,69825b24-f469-4b6a-890b-bfa571c9013b,4,Red,Red,{3}{R},Creature,"Shaman,Dwarf",,a145ff8c-5812-4bcb-bd16-9839dc25121d
1,Stormrider Spirit,,81a95edb-9f5b-4e42-8b27-0b3d978dcefe,5,Blue,Blue,{4}{U},Creature,Spirit,,2c378f72-917c-49d4-ba68-51ebaf18d976
2,Stormrider Spirit,,81a95edb-9f5b-4e42-8b27-0b3d978dcefe,5,Blue,Blue,{4}{U},Creature,Spirit,,2c378f72-917c-49d4-ba68-51ebaf18d976
1,Stormtide Leviathan,,a0fde11c-ee26-4005-87f0-300f2be838fc,8,Blue,Blue,{5}{U}{U}{U},Creature,Leviathan,,131a7475-0b9e-46eb-9ade-fef1b9820184
1,Storyweave,,50a77eed-aa03-43b7-b3c8-6aee4c96c648,3,Green,Green,{2}{G},Instant,,,94389047-4976-4be2-aaca-25dcdc538abe
1,Strangle,,4b91d727-c0ee-4bf0-8c7d-8475ecb88083,1,Red,Red,{R},Sorcery,,,1f570526-7fb0-4fe5-8014-b5793eb65f87
1,Strangled Cemetery,,c1ce9250-bdbe-4c77-9243-6db9ffffe69b,0,,"Black,Green",,Land,,,3a5b3405-a1e3-4aad-ab4e-1b8db2d1f3a8
2,Strangling Spores,,300468ab-fbae-42ae-97bc-b08f795efa5c,4,Black,Black,{3}{B},Instant,,,444493a6-0f90-4847-9619-4ea8fbf7cf6f
1,Strength from the Fallen,,c76b3a8e-3cbb-47c4-9535-dfdeece7ee02,2,Green,Green,{1}{G},Enchantment,,,23643af9-00b7-45e1-8471-7031d08bbe30
1,Strength in Numbers,,bf5c1fde-298b-463c-b2e9-abd241e23062,2,Green,Green,{1}{G},Instant,,,23195903-04e1-4461-a4ac-f0ce39f21c20
1,Strength of the Harvest // Haven of the Harvest,,a7143aa7-b16d-4e63-910c-6ceec55483f3,3,"White,Green","White,Green",,Enchantment,Aura,,1a8c996d-ca93-4c17-ace5-66ecd6b99317
1,Strength of Will,,68f985c7-7765-46c3-ad31-edae3abb9fbf,2,Green,Green,{1}{G},Instant,,,0389b48a-e64c-44fb-8a41-fd571cba237c
1,Stroke of Midnight,,ab135925-d924-456d-851a-6ccdaaf27271,3,White,White,{2}{W},Instant,,,9a107e48-3d50-4941-95b1-10f2b29a4245
1,Stubborn Burrowfiend,,6d963eb4-d20b-4d3f-bf5d-c75f7bcb9670,2,Green,Green,{1}{G},Creature,"Beast,Badger,Mount",,24bc7bd5-f262-45a2-8e94-377fef2ba5d5
1,Studious First-Year // Rampant Growth,,24f888dd-785c-4089-a89c-03f9080130ed,1,Green,Green,{G} // {1}{G},Creature,"Wizard,Bear",,58b0c737-0a84-4f9a-b3b7-300c5de43874
1,Study the Classics,,c609e1a6-3976-4d54-889d-e95ba4f25c1f,3,Green,Green,{2}{G},Sorcery,,,bfff503e-3d16-436c-afe5-ec6a03794725
1,Stump Stomp // Burnwillow Clearing,,49974246-0a3b-4ec9-b5ea-2a89df9bb0b5,2,"Green,Red","Red,Green",,Sorcery,,,eb7b1284-0b2c-4b6a-a389-b2b932838083
1,Stupor,,beec72a6-b482-4e04-8491-c6cb0afeb568,3,Black,Black,{2}{B},Sorcery,,,c19e3560-d304-4d91-aa2a-463d7dbb35bb
1,Sudden Breakthrough,,b011707a-471b-41c2-bc73-376a55d26bee,2,Red,Red,{1}{R},Instant,,,f5576cd4-6b21-4b29-902c-9c1fbdd7b2be
2,"Suki, Kyoshi Warrior",,3e311480-04f8-4b8f-938e-1cc6d06b9902,4,"White,Green","White,Green",{2}{G/W}{G/W},Creature,"Human,Warrior,Ally",Legendary,9223488e-5206-4d43-90ef-387189dcee16
1,Sulfur Falls,,9ac747b1-db9a-463f-b222-cb46bb0a43f8,0,,"Blue,Red",,Land,,,6a6c5e17-6465-4a1f-9d63-8a3ce2edc522
1,Sulfuric Vortex,,5a7addef-6612-4796-8d14-39aac3ba38e0,3,Red,Red,{1}{R}{R},Enchantment,,,7652f328-e142-494b-a869-772ced10c26a
1,Sulfurous Springs,,eedb9df2-20d3-4cfd-8aed-336edc37d5a9,0,,"Black,Red",,Land,,,f5c38c01-4a40-469f-91a0-7479daf4e8e7
1,Sultai Devotee,,c32487e9-f3ac-472e-b6ea-81bd9254770c,2,Green,"Blue,Black,Green",{1}{G},Creature,"Druid,Zombie,Snake",,ee7b3fc0-6128-4bf6-b3e7-7371e6f93c4b
1,Summon: G.F. Ifrit,,c6c73092-5195-4bdc-b039-a699f6e297b2,3,Red,Red,{2}{R},"Creature,Enchantment","Saga,Demon",,96d1bfc1-b80f-466f-b07d-df1ab361e8e0
1,Summon: Leviathan,,ea7f26a9-b203-4ee7-88f1-3d9c77a25bcb,6,Blue,Blue,{4}{U}{U},"Creature,Enchantment","Saga,Leviathan",,b38d1811-64d7-4a35-a86c-3291eecd8391
1,Summon: Shiva,,a80511f8-7cb1-4974-afde-8a5cebe13ad7,5,Blue,Blue,{3}{U}{U},"Creature,Enchantment","Saga,Elemental",,5846718c-7d31-4d2c-80a2-b1534e2aebc1
1,Sunbeam Spellbomb,,d23ffdb7-9f8e-4376-9431-cf1c1814f2c4,1,,White,{1},Artifact,,,014c94d8-2c39-4d33-902b-fa2398406fd5
2,Sun-Blessed Peak,,ae04c862-095f-41d2-8aef-21036d5a0cdc,0,,"White,Red",,Land,,,d188a397-c7d9-4f16-bc21-d9e1b5ffc951
1,Sundering Eruption // Volcanic Fissure,,50686ac7-346c-43d1-bdaa-28d46a12ad93,3,Red,Red,,Sorcery,,,c95309e9-5c2f-4518-b2fd-825d3d0a4ae0
1,Sundown Pass,,b34000e9-ff20-4fb4-9d0b-03a172a92457,0,,"White,Red",,Land,,,5ad0b405-cca4-475e-985c-4d7e3599d87e
1,Sun Droplet,,9bdd01de-2ac6-4393-ad53-d52df137bc08,2,,,{2},Artifact,,,1820af5c-9cc2-4b77-b4ca-86084442f087
1,Sungrass Prairie,,69f8f64c-2a4d-4df0-8356-cb15a60b54a6,0,,"White,Green",,Land,,,0a28dff0-2bd6-4105-b73a-b6c4735833fd
1,Sunhome Stalwart,,0b233077-d1ec-4791-b6d7-f080be773205,2,White,White,{1}{W},Creature,"Human,Soldier",,340d6218-d351-4b2e-80da-7d4afa77190a
2,Sunken Hollow,,213caef8-d475-452a-973a-ce3c93830f7c,0,,"Blue,Black",,Land,"Island,Swamp",,cd2c90ac-2b04-461c-92f3-939871b6b6a3
1,Sunken Hollow,,0fb2782e-6fe9-4383-9ba4-02d21b7cb4d7,0,,"Blue,Black",,Land,"Island,Swamp",,cd2c90ac-2b04-461c-92f3-939871b6b6a3
1,Sunlit Marsh,,f0588fbf-3c05-452a-b3f7-67604c1f921d,0,,"White,Black",,Land,"Plains,Swamp",,a5e5a259-5fa7-4b01-93cb-a2b4aaf80927
1,Sunpetal Grove,,e83092ee-4a90-4eac-915f-3fd01b7d9bd0,0,,"White,Green",,Land,,,402ec768-76fb-474e-ae74-babc90d833c4
1,Sunscorched Desert,,405434c7-9206-45b7-af0f-d59aae294d39,0,,,,Land,Desert,,256b8c23-589e-429d-9e6e-433d55079eb4
1,Sun Sentinel,,5cd0b4d6-9753-46a3-924c-2adf3dad2819,2,White,White,{1}{W},Creature,"Human,Soldier",,4db00a5e-7dbe-4387-90e9-c21ec1daa448
1,Sunshot Militia,,d3114f5c-21e9-43c3-abe3-3cf1da20916f,2,Red,Red,{1}{R},Creature,"Human,Soldier",,19afaf35-b420-49e0-bddf-3180bf1dc30f
1,Sunshot Militia,,d3114f5c-21e9-43c3-abe3-3cf1da20916f,2,Red,Red,{1}{R},Creature,"Human,Soldier",,19afaf35-b420-49e0-bddf-3180bf1dc30f
1,Sunshower Druid,,7740abc5-54e1-478d-966e-0fa64e727995,1,Green,Green,{G},Creature,"Druid,Frog",,7a70faf5-cc04-402b-92e3-67746788f510
1,Sunspine Lynx,,8995ceaf-b7e0-423c-8f3e-25212d522502,4,Red,Red,{2}{R}{R},Creature,"Elemental,Cat",,479adf64-f42c-4cb6-bf25-648c044bca8b
1,Sun Titan,,e135d544-2a3e-4b22-ae4d-6c2203769e2a,6,White,White,{4}{W}{W},Creature,Giant,,b2e950fb-cb7e-40a0-a311-5bbdd0477b29
1,Sun Warriors,,e477d750-42d2-48c8-bc1f-8148d15d5f53,4,"White,Red","White,Red",{2}{R}{W},Creature,"Human,Warrior,Ally",,513a2fca-fea4-434e-9b25-b0c0d7f322b2
1,Suplex,,f61693a2-7042-44e0-85ba-9bf12ab94e7e,2,Red,Red,{1}{R},Sorcery,,,2d1bbeda-2e81-4aaa-9494-094ec3dd6c3b
1,Supper for Spiders,,5b25e454-06bb-43ca-9a9f-57164f7a70c4,2,Black,Black,{1}{B},Instant,,,4d891515-39da-492e-ac19-1aa524245449
2,Sure Strike,,1d872736-fafb-44e8-a809-48c5436c665a,2,Red,Red,{1}{R},Instant,,,fb694e7e-f66e-4958-b6ed-aa74bc9ac43e
1,Surge of Salvation,,41d25ee5-0348-4206-bb6a-ccb0a599ac87,1,White,White,{W},Instant,,,b9a62c6b-5848-44b1-932b-8d5de2560976
1,Surprise Deployment,,9a26148b-b981-4af5-995b-52b1426737e3,4,White,White,{3}{W},Instant,,,61a1748c-e772-4338-9edd-720cd5d2fc12
4,Surveillance Room,,8fb51fbb-ab7f-4484-a3c9-dc50cb6f2756,0,,,,Land,,,a3648376-dc8b-409b-b2d1-c29e326a059c
4,Survivors' Encampment,,c7b0404e-0f42-456b-91ce-f960195c4951,0,,,,Land,Desert,,152e7e91-4eda-4e72-a9fb-bd5cb2e68239
1,Suspicious Detonation,,6e280482-ed7e-4011-899e-096ff7bd4c41,5,Red,Red,{4}{R},Sorcery,,,91f7672c-3090-48f4-8586-0426341c3159
1,Susurian Voidborn,,beb97e7b-0ae7-4b08-9ceb-6a7f825bcd49,3,Black,Black,{2}{B},Creature,"Vampire,Soldier",,4f754f11-3b6d-4a4e-86d7-7495e475ef74
1,Suture Priest,,31432e98-86cd-42ea-ad37-eb4383dc6a81,2,White,White,{1}{W},Creature,"Cleric,Phyrexian",,c4d36522-3ace-4bfb-bf2d-1a366f458698
1,Swamp,,4031e5e4-e573-4130-8d20-4a606edef0a0,0,,Black,,Land,Swamp,Basic,56719f6a-1a6c-4c0a-8d21-18f7d7350b68
1,Swamp,,dda87be6-317e-4227-a96d-7742ac054d2e,0,,Black,,Land,Swamp,Basic,56719f6a-1a6c-4c0a-8d21-18f7d7350b68
1,Swamp,,69eee76e-5714-4503-8170-3f551410abec,0,,Black,,Land,Swamp,Basic,56719f6a-1a6c-4c0a-8d21-18f7d7350b68
1,Swamp,,5c818f03-0e20-4ef4-bac7-11b2b7f41b5c,0,,Black,,Land,Swamp,Basic,56719f6a-1a6c-4c0a-8d21-18f7d7350b68
27,Swamp,,02fe3fdf-1d21-4e35-b0f3-3bcde7b05e23,0,,Black,,Land,Swamp,Basic,56719f6a-1a6c-4c0a-8d21-18f7d7350b68
27,Swamp,,babd424c-38cf-45e8-9684-de7bfc1ed86a,0,,Black,,Land,Swamp,Basic,56719f6a-1a6c-4c0a-8d21-18f7d7350b68
26,Swamp,,95e9b77a-2d94-4c3b-a43a-b3755f5e7d11,0,,Black,,Land,Swamp,Basic,56719f6a-1a6c-4c0a-8d21-18f7d7350b68
1,Swamp,,874f0f27-81a4-4853-aaa0-2c15e07c177e,0,,Black,,Land,Swamp,Basic,56719f6a-1a6c-4c0a-8d21-18f7d7350b68
8,Swamp,,0e864369-2837-4487-8eee-0d643889d642,0,,Black,,Land,Swamp,Basic,56719f6a-1a6c-4c0a-8d21-18f7d7350b68
9,Swamp,,447f8dbc-2f09-4995-81e2-2dc1654031fd,0,,Black,,Land,Swamp,Basic,56719f6a-1a6c-4c0a-8d21-18f7d7350b68
8,Swamp,,ef5cb444-7b48-40c8-a4d9-3fee37429513,0,,Black,,Land,Swamp,Basic,56719f6a-1a6c-4c0a-8d21-18f7d7350b68
7,Swamp,,f0b234d8-d6bb-48ec-8a4d-d8a570a69c62,0,,Black,,Land,Swamp,Basic,56719f6a-1a6c-4c0a-8d21-18f7d7350b68
7,Swamp,,f0b234d8-d6bb-48ec-8a4d-d8a570a69c62,0,,Black,,Land,Swamp,Basic,56719f6a-1a6c-4c0a-8d21-18f7d7350b68
1,Swamp,,f0b234d8-d6bb-48ec-8a4d-d8a570a69c62,0,,Black,,Land,Swamp,Basic,56719f6a-1a6c-4c0a-8d21-18f7d7350b68
1,Swamp,,5cb03b18-d74c-4c89-9539-3549d2e8ff5f,0,,Black,,Land,Swamp,Basic,56719f6a-1a6c-4c0a-8d21-18f7d7350b68
2,Swamp,,a7150a6e-240f-4628-acdc-153d404370ff,0,,Black,,Land,Swamp,Basic,56719f6a-1a6c-4c0a-8d21-18f7d7350b68
1,Swamp,,5a846f00-ccb9-4ee2-8358-7c7722258601,0,,Black,,Land,Swamp,Basic,56719f6a-1a6c-4c0a-8d21-18f7d7350b68
1,Swamp,,70d0ef58-c0b3-4bcd-b470-0cf41219a4e6,0,,Black,,Land,Swamp,Basic,56719f6a-1a6c-4c0a-8d21-18f7d7350b68
1,Swamp,,d412d727-4fe8-4c21-a2cb-609395935dd8,0,,Black,,Land,Swamp,Basic,56719f6a-1a6c-4c0a-8d21-18f7d7350b68
1,Swamp,,a825ac86-d642-42fd-b6aa-94aa804907d9,0,,Black,,Land,Swamp,Basic,56719f6a-1a6c-4c0a-8d21-18f7d7350b68
1,Swamp,,736a0484-e091-4178-92c5-c517b0e92f3d,0,,Black,,Land,Swamp,Basic,56719f6a-1a6c-4c0a-8d21-18f7d7350b68
11,Swamp,,736a0484-e091-4178-92c5-c517b0e92f3d,0,,Black,,Land,Swamp,Basic,56719f6a-1a6c-4c0a-8d21-18f7d7350b68
1,Swamp,,0b8515d2-e8a4-45ab-b361-88eb4ec959bd,0,,Black,,Land,Swamp,Basic,56719f6a-1a6c-4c0a-8d21-18f7d7350b68
3,Swamp,,0863a079-1cc2-4388-85bb-a24eae251e99,0,,Black,,Land,Swamp,Basic,56719f6a-1a6c-4c0a-8d21-18f7d7350b68
4,Swamp,,be68e315-ffef-40a8-8a46-1c042b148c03,0,,Black,,Land,Swamp,Basic,56719f6a-1a6c-4c0a-8d21-18f7d7350b68
4,Swamp,,30b3d647-3546-4ade-b395-f2370750a7a6,0,,Black,,Land,Swamp,Basic,56719f6a-1a6c-4c0a-8d21-18f7d7350b68
3,Swamp,,fd7f974d-2634-4fc7-aa4e-bfeb6f3169ea,0,,Black,,Land,Swamp,Basic,56719f6a-1a6c-4c0a-8d21-18f7d7350b68
4,Swamp,,8808d9dd-70c0-46ff-bd9c-dd60240dd121,0,,Black,,Land,Swamp,Basic,56719f6a-1a6c-4c0a-8d21-18f7d7350b68
3,Swamp,,430341f3-7dd5-4161-96a2-e76350699b66,0,,Black,,Land,Swamp,Basic,56719f6a-1a6c-4c0a-8d21-18f7d7350b68
5,Swamp,,2bfe9801-b683-45d9-924c-6734110816bf,0,,Black,,Land,Swamp,Basic,56719f6a-1a6c-4c0a-8d21-18f7d7350b68
1,Swampsnare Trap,,6348b6bf-08a7-45f0-8b2d-2827ab89f21c,3,Black,Black,{2}{B},Enchantment,Aura,,fc532d1d-6cf5-4b59-afb3-325d0bc0db77
1,Swarming of Moria,,0a1bd073-4351-4c56-9b07-4430d0d83084,3,Red,Red,{2}{R},Sorcery,,,c96402dc-1509-4136-bbfd-c86a85e3ee6f
1,Sweet-Gum Recluse,,3fd331b3-43cd-421a-964d-d3b35bb8abcb,6,Green,Green,{4}{G}{G},Creature,Spider,,8ea10a5a-b698-4f7d-a9c8-520f8d835f34
1,Sweettooth Witch,,a6bdb984-06f8-4bca-a943-17fe5db97682,3,Black,Black,{2}{B},Creature,"Human,Warlock",,635b854d-de71-4c85-9755-8c97bf3cba36
1,Sweltering Suns,,f11cd406-c6ae-4018-ae45-4e5577aa82ae,3,Red,Red,{1}{R}{R},Sorcery,,,526cd570-046e-402a-986c-f6ece68eec47
1,Swiftfoot Boots,,41040541-b129-4cf4-9411-09b1d9d32c19,2,,,{2},Artifact,Equipment,,c8b143ad-43ec-4e0d-a440-e348daa31391
1,Swiftfoot Boots,,96c69011-35bd-49f0-bae5-4a8367d32237,2,,,{2},Artifact,Equipment,,c8b143ad-43ec-4e0d-a440-e348daa31391
1,Swift Kick,,2dc3120c-7e04-4c4a-af16-da264593a1d1,4,Red,Red,{3}{R},Instant,,,8c54fd75-e89f-490e-90dd-788f22b6e316
2,Swiftwater Cliffs,,957efc4e-c2a9-46a2-b9e3-20dc419ffd05,0,,"Blue,Red",,Land,,,2f4ad084-2062-44c0-9975-15f100204531
1,Swords to Plowshares,,8bd501ae-5814-4336-a45b-2b88cb85d29e,1,White,White,{W},Instant,,,b1544f21-7e98-461b-aed5-e748b0168c52
1,Sworn Defender,,328e6ceb-30f7-415e-93b4-7075af0fed89,4,White,White,{2}{W}{W},Creature,"Human,Knight",,02197d14-8d9f-4b1f-9ee0-ce8ef690843c
1,Sylvan Awakening,,93ac4d3d-064e-459d-b3a4-6c0872a2da8c,3,Green,Green,{2}{G},Sorcery,,,66b46257-b64c-4672-bf47-12bf0bcd6f8f
1,Symmetry Matrix,,786bce65-1c04-45fc-b81b-e7590afbd117,4,,,{4},Artifact,,,2f6d129c-e6ad-4f35-b8b1-56a101fdd5db
1,Syncopate,,08375017-4432-4296-9799-966db145ed7c,1,Blue,Blue,{X}{U},Instant,,,318f7f70-e374-40ef-8afb-3389c10461d8
1,Syphon Mind,,0b0d8543-78c9-4d7f-b45e-44ecf023d276,4,Black,Black,{3}{B},Sorcery,,,abc37d6c-6300-47b5-a679-9db5b83eb54f
1,Syphon Soul,,3bdaef0f-9965-463b-902d-72ec24b2db7b,3,Black,Black,{2}{B},Sorcery,,,d47e55a6-7a16-4ed9-a94b-f1575588ee9e
1,"Syr Armont, the Redeemer",,85050609-baf0-430a-ab33-83a6ea6d4741,5,"White,Green","White,Green",{3}{G}{W},Creature,"Human,Knight",Legendary,53fc09e1-1e5d-4f22-b623-2c5c770183ab
1,"Syr Carah, the Bold",,080a249a-df47-4769-bb63-0d8ab3f2467c,5,Red,Red,{3}{R}{R},Creature,"Human,Knight",Legendary,c3da0550-b816-4aed-8174-ddde199b6589
1,"Syr Konrad, the Grim",,754baf3f-4bad-4739-9f55-65040c96825c,5,Black,Black,{3}{B}{B},Creature,"Human,Knight",Legendary,14c3ff84-1e82-4606-a433-869fc52cc382
1,"Sythis, Harvest's Hand",,76ebe313-3452-415c-a93f-52c7467531a3,2,"White,Green","White,Green",{G}{W},"Creature,Enchantment",Nymph,Legendary,0fc64fd6-f057-4056-9dca-47accb7ff036
1,Tablet of Discovery,,13059664-a940-4a66-8100-0c90b884bab4,3,Red,Red,{2}{R},Artifact,,,19cf5798-4600-4a66-b1c7-de77bde157d0
1,Tainted Field,,299b3b1d-4c31-4701-870e-15ee1ef85cd2,0,,"White,Black",,Land,,,439de49b-1091-4688-9ffb-80a025df31c2
2,Tainted Indulgence,,347d883c-84ab-4547-813b-f4385366fbce,2,"Black,Blue","Blue,Black",{U}{B},Instant,,,6944092f-22c6-4b65-840d-8c1b70883127
1,Tainted Isle,,70e8e7e2-e9ea-4358-805e-c5110c8d8443,0,,"Blue,Black",,Land,,,0222414f-98b5-458a-a0fd-831a66cd8b07
1,Tainted Peak,,d1374839-bdef-4e55-a7bc-906340439605,0,,"Black,Red",,Land,,,b2bae7fc-0668-4b34-9cd6-0d80aea52275
1,Tainted Wood,,3da7ab6b-b10a-4786-b1eb-92de7e66690e,0,,"Black,Green",,Land,,,fa6d05a1-3df4-4751-b1a0-8d9693faec73
1,Tajuru Blightblade,,7f3d6020-6767-406c-bf28-6b3e9ae72f50,1,Green,Green,{G},Creature,"Elf,Rogue",,debbbdd8-c8e2-4384-bcac-dbdfb18b54fa
1,Take the Bait,,97425844-dd1b-4f3c-985c-e198e8b9a16b,4,"White,Red","White,Red",{2}{R}{W},Instant,,,5d39cce9-afa1-422a-8e6c-8f50c710a681
1,Take the Fall,,9fea80c4-923c-40a1-9363-bfa4c267a024,1,Blue,Blue,{U},Instant,,,279f3aa5-5807-4797-8cd1-e009984a3691
1,Take Vengeance,,66fbde22-d98d-4f12-b4d8-1bad2a9878b2,2,White,White,{1}{W},Sorcery,,,c60b8edd-aa3f-48ea-b202-d10599f91d9d
1,Tale of Momo,,334d02cb-3a9c-4f1b-b6da-5ac4b1bef471,3,White,White,{2}{W},Sorcery,,,728157a3-fcd4-4295-85ff-1162dbb64f8a
1,Tale of Tinúviel,,2e9963da-f1f2-42c3-8fac-b1d16792d115,5,White,White,{3}{W}{W},Enchantment,Saga,,bce30bc5-b059-42bb-a9a4-5886f5607160
1,Tales of Master Seshiro // Seshiro's Living Legacy,,512bc867-3a86-4da2-93f0-dd76d6a6f30d,5,Green,Green,,Enchantment,Saga,,096fbb51-be73-4edc-a051-770a12c09005
1,Talisman of Conviction,,efeafc9d-a953-4915-8342-725836d0f645,2,,"White,Red",{2},Artifact,,,6c326439-5620-4ec6-a56a-fe9c3d5d2a46
1,Talisman of Creativity,,101e47ed-4afe-4d15-b6c3-4ab495965fde,2,,"Blue,Red",{2},Artifact,,,14d2979d-5728-42d7-a027-0eb1f754655d
1,Talisman of Curiosity,,40bccd95-acd9-48d1-817c-b07f95234427,2,,"Blue,Green",{2},Artifact,,,8c34b089-aad1-476e-958a-3077bf1bbb51
1,Talisman of Dominance,,939cc767-0de1-4d94-a1f9-fe07e923d343,2,,"Blue,Black",{2},Artifact,,,4c0a0448-b9d6-43a0-8549-64066dac63f0
1,Talisman of Hierarchy,,0c959368-2f58-48de-b7a5-2bab408652b5,2,,"White,Black",{2},Artifact,,,b693c3de-2eaf-4850-b405-e79d00adefda
1,Talisman of Impulse,,5135919f-7b10-4a2e-a98a-83ed1347ad36,2,,"Red,Green",{2},Artifact,,,f2ccc9e8-8e92-4f8c-8728-8c748630e0dd
1,Talisman of Progress,,9d6a5ed4-54b3-4660-8d41-953336f2fe74,2,,"White,Blue",{2},Artifact,,,00e35322-1a9a-41e3-9ce1-359c8eaa3bc7
1,Talisman of Resilience,,eff598b0-0b32-41d0-b980-584576e58626,2,,"Black,Green",{2},Artifact,,,42b8aa14-10bc-4bd6-88d9-4bb287eadd19
1,"Talrand, Sky Summoner",,bc1a6867-921d-4912-afae-c3c445ad81e7,4,Blue,Blue,{2}{U}{U},Creature,"Wizard,Merfolk",Legendary,ea1eb902-a23c-44ff-9169-19baf71de238
1,Tamiyo's Compleation,,aee62e43-6a82-4749-972b-e21802642abf,4,Blue,Blue,{3}{U},Enchantment,Aura,,71d8b7f5-a5da-4528-815e-51c65626b681
1,Tamiyo's Epiphany,,ce338cf3-46dc-4c87-8df5-af27097c7dd4,4,Blue,Blue,{3}{U},Sorcery,,,48db03c4-c847-4901-8ecb-f480ede94a37
1,Tamiyo's Immobilizer,,daa20112-2955-439d-8802-3a228ba0832e,4,Blue,Blue,{3}{U},Artifact,,,c2c7a9c2-28f8-4cf0-a042-420f6a4ba8bd
1,Tamiyo's Logbook,,0edb2d01-9a94-410c-8ab7-ca1b404ab5f0,3,Blue,Blue,{2}{U},Artifact,Book,,d9356199-4ce3-44fa-9463-90fc134088f9
1,Tamiyo's Safekeeping,,fd4b7ee2-de65-4288-872d-486065a4f226,1,Green,Green,{G},Instant,,,bb2b324c-970a-4920-884e-c92ba49669f0
1,"Tam, Mindful First-Year",,6cb0f825-b75b-4f2a-803c-08142ca07e76,2,"Green,Blue","Blue,Green",{1}{G/U},Creature,"Wizard,Gorgon",Legendary,096a878e-cff0-430a-90b5-031ecb9bfe1b
1,"Tam, Observant Sequencer // Deep Sight",,7120e71b-2976-451b-89a7-a1665dc6fb6b,4,"Green,Blue","Blue,Green",{2}{G}{U} // {G}{U},Creature,"Wizard,Gorgon",Legendary,702e871d-90d8-4468-8f69-5ae42af2c9d3
1,Tanazir Quandrix,,194d29be-a145-41f2-a55a-a071816b5551,5,"Green,Blue","Blue,Green",{3}{G}{U},Creature,"Elder,Dragon",Legendary,73c44cf5-a601-4625-9550-e722fba2ec0b
1,Tandem Lookout,,3e44b411-ccb8-44c8-a021-2372c945f0d3,3,Blue,Blue,{2}{U},Creature,"Human,Scout",,1576f031-57ca-4894-b461-8ea57b6cefdc
1,Tangled Florahedron // Tangled Vale,,235d1ffc-72aa-40a2-95dc-3f6a8d495061,2,Green,Green,,Creature,Elemental,,53542c79-a62a-4d6a-97db-5296e9c68302
1,Tangled Florahedron // Tangled Vale,,235d1ffc-72aa-40a2-95dc-3f6a8d495061,2,Green,Green,,Creature,Elemental,,53542c79-a62a-4d6a-97db-5296e9c68302
1,Tanglepool Bridge,,2adf277c-945e-49b4-88d7-ac720863d0d6,0,,"Blue,Green",,"Artifact,Land",,,29cd8a7c-108a-43d1-af63-f603a27c24f2
1,"Tannuk, Memorial Ensign",,52498b7b-0389-4e7b-b29f-7ac86aab9229,3,"Green,Red","Red,Green",{1}{R}{G},Creature,"Kavu,Pilot",Legendary,76cb1912-3791-44b8-b594-b92dab21bafc
1,"Tannuk, Steadfast Second",,44607ed3-9523-40ac-9f61-0edd011cf762,4,Red,Red,{2}{R}{R},Creature,"Kavu,Pilot",Legendary,b5ae8016-92ed-4ae8-83a8-65068defc616
1,Tarrian's Soulcleaver,,99413817-1218-4947-b12f-9a952b095a89,1,,,{1},Artifact,Equipment,Legendary,2ffb38ec-5852-4e91-85a5-cfccd1f23556
1,Taste for Mayhem,,e3426d58-ff4d-482d-bc78-99b67c55c6d1,1,Red,Red,{R},Enchantment,Aura,,60e7517f-7cc5-4073-9f2c-3e6acb891128
1,Tattered Mummy,,6a27ce41-69e7-4b86-9b9c-1a724d0728e9,2,Black,Black,{1}{B},Creature,"Zombie,Jackal",,066e7379-d439-41cb-a8c9-60964040b110
1,"Tatyova, Benthic Druid",,13a902f7-2711-4769-9866-762195c3d0fb,5,"Green,Blue","Blue,Green",{3}{G}{U},Creature,"Druid,Merfolk",Legendary,0715e860-3b3b-4331-9718-207973e94fee
1,Taunt from the Rampart,,dd1eaa0e-060d-40f1-84c5-f7e8df2f824c,5,"White,Red","White,Red",{3}{R}{W},Sorcery,,,9138a768-d01d-4603-9bae-d3bff6cd2f61
1,Team Avatar,,a9a5f6f7-f04d-477f-b67f-fd01a5dcc0f5,3,White,White,{2}{W},Enchantment,,,f95f7b0c-2dd6-46e1-ae02-f51d275e7120
1,Tectonic Hazard,,5204c781-f568-4c7f-b3f7-ce4dd678689b,1,Red,Red,{R},Sorcery,,,9097243a-39fa-4e18-8316-c0e57699c783
4,Teeterpeak Ambusher,,ad57c2f3-d9cb-4165-bb39-897b5b12689e,2,Red,Red,{1}{R},Creature,"Goblin,Warrior",,fe769071-3f99-411b-878a-57a2200649a0
1,Teferi's Ageless Insight,,b1a32b7c-9f26-4504-9f8d-379164d69346,4,Blue,Blue,{2}{U}{U},Enchantment,,Legendary,1c9e1f75-73f0-4846-b53f-458a0984b1bb
1,Teferi's Protege,,662ccce8-c49a-4890-a725-fe01733d07f3,3,Blue,Blue,{2}{U},Creature,"Human,Wizard",,e84f1727-ce01-44be-aebf-8a0c4e032c9a
1,Teferi's Veil,,cbf39b80-d972-4f79-902f-cc613c32e446,2,Blue,Blue,{1}{U},Enchantment,,,c6db2ea4-954c-443b-9603-c41596555c31
1,Tel-Jilad Fallen,,643891b6-23d0-4734-81e0-b315d2d58f50,4,Green,Green,{2}{G}{G},Creature,"Warrior,Elf,Phyrexian",,e02740e6-3eba-4f82-831b-35a9f122f07f
1,Telling Time,,9f86e04d-6b66-4281-8350-0e32ce891284,2,Blue,Blue,{1}{U},Instant,,,192f3c8a-1120-4f7f-ae0f-fe9bde59cd08
1,Temperamental Oozewagg,,6625df2e-7046-411a-ae86-c46ac0953a0b,4,Green,Green,{3}{G},Creature,"Ooze,Brushwagg",,07b0b2ad-4364-4a8d-94d5-8bf984b23d05
1,Tempered in Solitude,,2cfd0693-6dba-4c0d-8c42-859d7bf38c40,2,Red,Red,{1}{R},Enchantment,,,f4aedfd3-4414-493c-bbba-75db301c0737
4,Tempest Angler,,850daae4-f0b7-4604-95e7-ad044ec165c3,3,"Red,Blue","Blue,Red",{1}{U/R}{U/R},Creature,"Wizard,Otter",,60ac490c-b489-4ad2-bcc2-3babaabf8ccb
1,Temple Garden,,b821e604-f9fd-47a4-b5ff-bfb5022834c2,0,,"White,Green",,Land,"Plains,Forest",,f413a83d-a40d-434c-b20a-4c707c0527fa
1,Temple of Abandon,,0203d093-a060-47d7-876b-e7ce8e444bc6,0,,"Red,Green",,Land,,,3baa8e38-ef93-435d-b63e-f781d5bfcc68
1,Temple of Deceit,,cbbfbb9b-f2b8-42ed-89ba-c0d894e1e8d4,0,,"Blue,Black",,Land,,,33b9b3bd-33ca-46f3-b8bb-a978bc3d1085
1,Temple of Enlightenment,,dd139d4d-3a40-4015-93de-c838c64156c6,0,,"White,Blue",,Land,,,89f43e27-790b-4ca1-8ba7-0882b31e0783
1,Temple of Epiphany,,5faecebe-1688-40e9-89a4-1a523a8bd8d6,0,,"Blue,Red",,Land,,,79f94050-d850-41ca-b1db-5ae0cf743f0a
1,Temple of Malady,,1ca36218-db87-4e44-8606-2a516504ed20,0,,"Black,Green",,Land,,,dc55421f-dee8-4263-9df0-2365df5f14bb
1,Temple of Malice,,ee9fabb0-9f83-49a3-9da3-d2b1d89fdb61,0,,"Black,Red",,Land,,,7c439c18-31dc-41fe-b03d-3fca06e6fc0b
1,Temple of Mystery,,258077cf-edef-40fe-ab46-03c965ebe990,0,,"Blue,Green",,Land,,,7e26f0b7-20e6-46d5-8130-d98c14d6aa29
1,Temple of Plenty,,e35f86a8-4941-474b-aefa-f625235933b5,0,,"White,Green",,Land,,,e521322b-0e83-458c-8936-7021a80ee279
1,Temple of Silence,,41393bce-01c1-4268-907e-de0fa8a76719,0,,"White,Black",,Land,,,e6e6fce8-0f6a-4b84-865e-d4e4a4182f9f
1,Temple of the False God,,22065361-26c5-4c5f-8b79-638d9116493a,0,,,,Land,,,cfdd5dc6-593e-495a-8cfe-3a56b3c4c7df
1,Temple of Triumph,,76721cda-494e-4c77-8b0f-43238a35c040,0,,"White,Red",,Land,,,6f0d94d9-64bb-4175-83bc-301e8f79f54f
1,Temporal Cleansing,,6e67031a-8216-4c66-b6fb-6628bd02d279,4,Blue,Blue,{3}{U},Sorcery,,,5f67698a-28db-43cd-aaf1-52371b0b47eb
1,Temporal Fissure,,97949c53-aef7-4c0c-b846-8d4003193ced,5,Blue,Blue,{4}{U},Sorcery,,,8a9525f4-74a6-44f0-a1b1-d57937d7783b
1,Temporary Lockdown,,82b3088f-7b49-45e9-b447-129a597ceb75,3,White,White,{1}{W}{W},Enchantment,,,b21c99b3-b975-4428-9c9a-326ded2fa8dc
1,Tempting Witch,,8b217e5a-3c18-48b4-8124-b8c4fd7b2df1,3,Black,Black,{2}{B},Creature,"Human,Warlock",,82284fe4-ecb3-4b27-bb03-27290ad15b17
1,Tempt with Vengeance,,44ffb919-7b7c-4b7f-b616-cff8369409f2,1,Red,Red,{X}{R},Sorcery,,,8e356df5-ca92-4be2-871e-8965c2510fbe
1,Temur Battle Rage,,8a1dd786-f4e3-4951-b87b-82442edec016,2,Red,Red,{1}{R},Instant,,,2fdc0d17-b683-4263-949e-4f74ec76badf
1,Tendershoot Dryad,,def3571c-01dd-4eee-8f60-0ac4d1928d33,5,Green,Green,{4}{G},Creature,Dryad,,a336c10a-b5bd-47ff-ba2d-31e27af1e15a
1,Tenuous Truce,,387d54f1-bf1d-44f1-9576-cc912a51358c,2,White,White,{1}{W},Enchantment,Aura,,f0bf2923-aea2-4bac-b061-64bc84437ef1
1,Tenured Oilcaster,,65721bc1-87fa-45b9-8b45-ee77c1aab6ac,4,Black,Black,{3}{B},Creature,"Wizard,Phyrexian",,7fb837d7-e2c9-40f8-8a7d-156b3aa86830
1,Terminal Agony,,3ddb6d98-3a3a-4332-a64e-97aec71777a4,4,"Red,Black","Black,Red",{2}{B}{R},Sorcery,,,b69e68e7-0612-40f8-a40a-9c4e77653442
1,Terramorphic Expanse,,19b72af8-9bb9-4542-9115-09c27ad6e7ad,0,,,,Land,,,1bd3e453-aa21-4ee6-95c2-d6d920ee8e7a
1,Terrifying Presence,,2e8d0a22-f31b-45c0-85c7-0101aa63c77b,2,Green,Green,{1}{G},Instant,,,ca8f6e19-6ef3-4d77-8312-867767ffeda6
1,Territorial Maro,,853ddf31-826b-411e-9b6d-75d53cdd1b84,5,Green,Green,{4}{G},Creature,Elemental,,478eeed5-8170-4fb3-8ec2-bcebc0265622
1,Terror of Mount Velus,,332dc6c3-7802-4bde-aa4e-0feab70c216f,7,Red,Red,{5}{R}{R},Creature,Dragon,,8161248c-16a3-47db-a3ae-cdfd878d49e0
1,Teysa Karlov,,cd14f1ce-7fcd-485c-b7ca-01c5b45fdc01,4,"White,Black","White,Black",{2}{W}{B},Creature,"Human,Advisor",Legendary,644eeefd-e684-4ca8-8aef-a892ca130c07
1,"Thalia, Guardian of Thraben",,9716a5ff-f1ed-4285-a0a7-68114eeb1ba7,2,White,White,{1}{W},Creature,"Human,Soldier",Legendary,9b7f1d05-707c-4ed3-9f0e-8ced1232c2ee
1,"Thalia, Heretic Cathar",,c062937f-d519-4206-99b0-cbea01b85a0d,3,White,White,{2}{W},Creature,"Human,Soldier",Legendary,13be47e4-9da2-4f9e-baf0-db96f7777ccb
1,The Akroan War,,78161e60-878a-45a2-aced-40b739bd0a07,4,Red,Red,{3}{R},Enchantment,Saga,,8c0b9596-c44f-44fb-89c9-056da0db33d3
1,The Antiquities War,,bbda670a-00a7-419c-b4b5-bfdb323f006d,4,Blue,Blue,{3}{U},Enchantment,Saga,,ab5a9749-5c94-43e0-b9df-bd2c3601936f
1,The Autonomous Furnace,,c16f96f5-a2a6-4ac4-bdae-326cee92bf2e,0,,Red,,Land,Sphere,,e2dd05d5-312e-47f1-873e-c0741ee6ef4a
1,"The Balrog, Flame of Udûn",,905e7424-2d0b-4877-a7dc-272ea9392ff0,5,"Red,Black","Black,Red",{3}{B}{R},Creature,"Demon,Avatar",Legendary,de12ca82-4824-4975-9a31-309a6d9101a7
1,The Bath Song,,9dc2521f-d9a5-4ae7-b5dc-bf0504e66345,4,Blue,Blue,{3}{U},Enchantment,Saga,,bc475376-54eb-4846-9cfc-5fa2e7908905
1,The Battle of Bywater,,9bae7a4d-9117-43c5-a048-80a0ddadc034,3,White,White,{1}{W}{W},Sorcery,,,a94c191d-a938-458e-bc1b-2f44fd8873a3
1,The Binding of the Titans,,46fb94ad-f9be-48b4-b65a-4e736e5ffdbb,2,Green,Green,{1}{G},Enchantment,Saga,,f0435065-a8ca-4b4d-a7da-0ef41749118f
1,The Black Arrow,,ab181190-d53d-4972-8cd5-8e54b45f2276,3,,,{3},Artifact,Equipment,Legendary,cb2803ee-825b-420e-b404-c7c44f15ec15
1,The Black Breath,,1e63983d-c36b-4440-b9e1-baaa6c7c0ba9,3,Black,Black,{2}{B},Sorcery,,,c0afbb32-dc50-436a-bd24-2990c103a4f8
1,The Blue Spirit,,d0d1f5b0-f842-40d5-ae51-015eefe68fa1,4,Blue,Blue,{3}{U},Creature,"Human,Rogue,Ally",Legendary,497e9c7c-a16d-43e5-a7ec-04153aa2566a
1,"The Boulder, Ready to Rumble",,ec27a466-5457-44c6-a842-1de7d3788d66,4,Green,Green,{3}{G},Creature,"Human,Warrior,Performer",Legendary,d33ee141-a880-4368-a274-a6ae2f2c624b
1,The Cave of Two Lovers,,50bf5c8b-f218-46b7-843c-8d8083f02fd2,4,Red,Red,{3}{R},Enchantment,Saga,,c2df54f1-a2db-4de3-bc96-5c07f4594752
2,The Chase Is On,,1d54d596-f7aa-4b05-ab13-19b246698c04,3,Red,Red,{2}{R},Instant,,,789899eb-3a33-4a41-b6b5-5e2f55a9af51
1,The Clone Saga,,903b133f-fd72-4173-9dfe-3dcc411a0b92,4,Blue,Blue,{3}{U},Enchantment,Saga,,0f0282c6-aceb-4879-8ec8-482d0501204a
1,The Council of Four,,eba6df0f-d190-4683-b2fe-567e20c54028,5,"White,Blue","White,Blue",{3}{W}{U},Creature,"Human,Noble",Legendary,3dfb006f-6620-4602-ac3c-d40a5a15a981
2,The Creation of Avacyn,,27d701aa-df93-4f0e-b1e3-d081487eb456,3,Black,Black,{1}{B}{B},Enchantment,Saga,,7f32344f-06d8-4862-bfeb-f90a3e1d7fc2
1,The Cruelty of Gix,,3d6e5eb3-25ab-4e9e-96e8-655e0ce74675,5,Black,Black,{3}{B}{B},Enchantment,Saga,,2b5c62af-af5f-4beb-9688-19604ca46918
1,The Earth King,,a8d5dca6-381a-4361-b265-27de8d04335c,4,Green,Green,{3}{G},Creature,"Human,Ally,Noble",Legendary,d5770b0f-4493-42e9-a2d7-0e74a28da4ba
1,The Eldest Reborn,,c8318f40-ecd5-429e-8fe2-febf31f64841,5,Black,Black,{4}{B},Enchantment,Saga,,44ed4c0c-a012-4895-a547-b04150553bba
1,The Eternal Wanderer,,c391f842-bf99-407d-a369-dddb6eaa4a5a,6,White,White,{4}{W}{W},Planeswalker,,Legendary,20a1671d-e8a4-4cf1-87a7-f2f6319f4b9e
1,The Everflowing Well // The Myriad Pools,,bf573fb7-fa6c-4df7-8e5e-1e071585361e,3,Blue,Blue,,Artifact,,Legendary,1f57a9f1-6b95-4395-bdf0-c5289b786ab1
1,The Fall of Kroog,,f454583d-d227-4fc8-842e-128e025880e4,6,Red,Red,{4}{R}{R},Sorcery,,,bfd8d447-7253-40d0-a153-78e9700045d7
1,The Fire Nation Drill,,54d762f6-e131-480f-b294-10f5a63d9c98,4,Black,Black,{2}{B}{B},Artifact,Vehicle,Legendary,3d4b9d71-4275-4c18-a4dc-9aad234eb92c
1,The Gitrog Monster,,40489e28-878d-44a2-847f-07beef1aa0f8,5,"Green,Black","Black,Green",{3}{B}{G},Creature,"Horror,Frog",Legendary,a5e54d2b-aad8-4ddd-af4b-13668913762b
1,The Hunger Tide Rises,,4b44f01b-17e8-4d49-8f38-fd1128114b2f,3,Green,Green,{2}{G},Enchantment,Saga,,356edd68-7dd5-4ab6-a738-6cb0eb2d4e56
1,"The Mechanist, Aerial Artisan",,b910851e-9332-4c83-a790-d379667cabfc,3,Blue,Blue,{2}{U},Creature,"Human,Artificer,Ally",Legendary,bad27b43-7716-4ce1-82ba-2a6d437363e7
1,The Misty Mountains Cold,,3d5f35ff-4146-4844-9da5-031461cc8c05,3,Red,Red,{2}{R},Enchantment,Saga,,c50282bd-4b57-4c7b-9598-ea67ba49248b
1,The Modern Age // Vector Glider,,ee60a8e9-3201-4a7e-8aa4-2c5e1042c8a5,2,Blue,Blue,,Enchantment,Saga,,a8995df6-99a7-41a7-bd3e-f34643b27947
1,The Mountain-king's Return,,68f4893d-e9a5-4f89-ade3-9ab78a834ad5,3,White,White,{2}{W},Enchantment,Saga,,32ad5b3e-92c0-45be-b2e4-6f1794552f36
1,The Necrobloom,,8fcf68cf-0dac-4b29-90d5-c18c685182e6,4,"White,Green,Black","White,Black,Green",{1}{W}{B}{G},Creature,Plant,Legendary,b981af39-4ee6-4fbc-9a89-618dcad9dfbf
1,The Prismatic Piper,,a69e6d8f-f742-4508-a83a-38ae84be228c,5,,,{5},Creature,Shapeshifter,Legendary,b2aeee90-7b8d-47a6-9167-cc21f7fbfd43
1,The Ring Goes South,,3c8a4c7d-527c-49ea-a115-a9e747c0fd03,4,Green,Green,{3}{G},Sorcery,,,3d36f0ab-d333-4a08-ad1b-5b7e1ddb647c
1,The Ring // The Ring Tempts You,,7215460e-8c06-47d0-94e5-d1832d0218af,0,,,,Emblem,,,98737456-ac2a-420d-aa0e-778ba3a22cec
1,The Rise of Sozin // Fire Lord Sozin,,14eadf46-90c2-4376-8183-6a922a60174d,6,Black,Black,,Enchantment,Saga,,9b0b217d-cc9d-4187-89cb-f13160ed2983
1,Thermo-Alchemist,,b4c68bad-c7ee-4dbc-ad06-8c4d9446884e,2,Red,Red,{1}{R},Creature,"Human,Shaman",,228fbae1-423e-461d-b8c3-55786938a3cb
1,The Sackville-Bagginses,,ed87b471-79f9-45ec-9188-69e970f6121e,2,Black,Black,{1}{B},Creature,"Citizen,Halfling",Legendary,e3a665f9-6e51-4e0d-923b-e9552d5978a4
1,The Second Doctor,,568c2687-4381-4954-9cab-f669d1fe6306,4,"White,Blue","White,Blue",{2}{W}{U},Creature,"Doctor,Time Lord",Legendary,8a6eda31-2791-4def-b9e7-3adde155a4f0
1,The Seriema,,dec91ec3-42d3-4922-96f0-dbb50a576084,3,White,White,{1}{W}{W},Artifact,Spacecraft,Legendary,a6bcec1f-f515-4e63-9e84-8eb04cc582ff
1,The Shire,,d5178a1b-588b-4414-a370-ac6eed51187a,0,,Green,,Land,,Legendary,9abf9a0e-8e7d-406b-a01d-d4870b30134e
1,The Spear of Leonidas,,160d6ce7-2452-41a2-aa70-41e1b8045c54,3,Red,Red,{2}{R},Artifact,Equipment,Legendary,dac3a263-cc02-446a-88ec-882a21096b6c
1,The Terror of Serpent's Pass,,f7569861-5b68-4265-bb45-3d54992bfe66,7,Blue,Blue,{5}{U}{U},Creature,Serpent,Legendary,771bf51d-cb32-4240-936c-f9d1e0c90cf0
1,The Unagi of Kyoshi Island,,0ecd8b38-9ee5-41a5-9b93-21c33fc1a6ff,5,Blue,Blue,{3}{U}{U},Creature,Serpent,Legendary,be922360-ee9f-4cfb-bf10-d481c5de5cb1
1,The Wanderer,,c6ec3686-cecd-4dee-8a68-c3e4baec25ca,4,White,White,{3}{W},Planeswalker,,Legendary,4c2196e5-6ed7-4cd2-b8e7-f01aff236569
1,The Weatherseed Treaty,,e2a54461-1f75-4304-b6d7-635171419456,3,Green,Green,{2}{G},Enchantment,Saga,,7d723a6f-854f-43df-9401-a4eb0c0f639f
1,The Witch's Vanity,,47ca4926-b5ac-405a-8b58-f8db6df400ff,2,Black,Black,{1}{B},Enchantment,Saga,,ad2793f3-a36f-4a09-a38f-eb98ce0a2b79
2,They Went This Way,,f4a31d4a-34bc-46b4-b20f-a5460191b35d,3,Green,Green,{2}{G},Sorcery,,,47951720-9584-4ca3-a73d-3d259102b2f8
1,Thinking Cap,,6d2565e1-dd7b-462b-8270-a17913277793,1,,,{1},Artifact,Equipment,,a54fb3de-0581-461e-be33-dc4f4d16a33e
1,Third Path Iconoclast,,f1a21287-e244-4960-84fb-c4f6e5c346d9,2,"Red,Blue","Blue,Red",{U}{R},Creature,"Human,Monk",,f7156897-2b02-4ecd-868d-d4d59244e9ed
1,Third Path Savant,,793a51ab-59fb-424f-a315-3f63e8990322,3,Blue,Blue,{2}{U},Creature,"Human,Wizard",,6024cb2d-a6e7-4adc-8b34-7f4e0cac16ce
2,Thirst for Discovery,,1ea179e9-9c0d-46c1-9ee8-60be68e1f79c,3,Blue,Blue,{2}{U},Instant,,,1e05e6ef-14af-451d-9d54-e75b1f8871ab
1,Thirsting Roots,,75a4a340-453b-471a-82ba-48ebf20b271a,1,Green,Green,{G},Sorcery,,,c0ef21d5-f4bf-4417-b701-d98c2dbbaa43
1,"Thor, Asgard's Avenger",,3513c041-7147-467d-845d-3d1c83fb3328,4,Red,Red,{2}{R}{R},Creature,"Warrior,God,Hero",Legendary,44c2fefb-5de3-4406-955a-3fabc46357d0
2,Thorin's Last Stand,,127367b6-9cfe-4516-9bfd-5b951468a25c,4,White,White,{2}{W}{W},Instant,,,3c4da169-1e50-4790-abdc-214e7b8a2ad5
2,Thorin's Last Stand,,089e8e4b-c367-4d86-a69a-951f7d779aaf,4,White,White,{2}{W}{W},Instant,,,3c4da169-1e50-4790-abdc-214e7b8a2ad5
1,Thornglint Bridge,,9d483643-6a11-47f7-a0aa-190e0179525f,0,,"White,Green",,"Artifact,Land",,,99720c65-be96-4220-8ed4-720660bf6928
2,Thornhide Wolves,,fc0f3812-bb6c-4d99-b505-9dfd84e3fd95,5,Green,Green,{4}{G},Creature,Wolf,,c5c221e6-dafe-4661-b920-3faed9551802
1,Thorn of the Black Rose,,b4b266e2-1cad-40df-bc0e-3e1464b299b3,4,Black,Black,{3}{B},Creature,"Human,Assassin",,a7894a81-8c0a-4015-8bc1-2698cf5306d1
1,Thornweald Archer,,f61b7811-ff6c-4767-921d-e8e88913e820,2,Green,Green,{1}{G},Creature,"Elf,Archer",,b5ba87f5-3589-4a8b-ad65-2ae2523e98e8
1,Thor Odinson,,0e06f730-ae30-4ef2-88b1-073e02afdb25,5,"White,Red","White,Red",{3}{R}{W},Creature,"Warrior,God,Hero",Legendary,ec9b74d0-e4fe-4764-b628-992a62f2a1cf
4,Thoughtcast,,efb965a7-877a-4302-b507-25b0a9e32d9b,5,Blue,Blue,{4}{U},Sorcery,,,cce9bbff-82dc-4b2f-addd-d6715588de20
1,Thought Monitor,,9849f1c7-6e2a-464e-bca7-dfdc4c21146d,7,Blue,Blue,{6}{U},"Creature,Artifact",Construct,,9deded8b-cec4-4ede-a50b-131404d456d4
4,Thought Scour,,88bf1ebb-9d85-4b9b-a614-c7f965c0893d,1,Blue,Blue,{U},Instant,,,83101ba8-a569-4827-8c53-9ca0dfcd59a7
1,Thought Vessel,,f58ab310-cbee-4f0c-9819-a2e2121932ff,2,,,{2},Artifact,,,9965d9c5-2ebf-4a6c-930e-55c5890979be
1,Thousand Moons Infantry,,c1974a8c-3328-4ff5-9a00-cb79ebb8ccf6,3,White,White,{2}{W},Creature,"Human,Soldier",,f064a39e-ebb3-47b5-bd06-f39b02b95eaf
1,Thousand-Year Storm,,274e22fb-7afc-43bc-b309-e36ee48d6b03,6,"Red,Blue","Blue,Red",{4}{U}{R},Enchantment,,,dd4cf149-2fae-40e5-b50b-639f6bcec65e
3,Thraben Charm,,dd28a646-f38f-4cdf-948c-969cd979e5e6,2,White,White,{1}{W},Instant,,,7eccd10d-f224-4467-af25-f2b768993f9f
1,Thraben Charm,,dd28a646-f38f-4cdf-948c-969cd979e5e6,2,White,White,{1}{W},Instant,,,7eccd10d-f224-4467-af25-f2b768993f9f
1,Thraben Exorcism,,a0700298-30d2-45a6-bd64-4fd7fa4d7d30,2,White,White,{1}{W},Instant,,,b43e25d8-1c8b-4316-84f3-c4ec6f77092e
4,Thraben Inspector,,d140c3b7-ca78-483d-baeb-307b624fea8b,1,White,White,{W},Creature,"Human,Soldier",,caa02547-66e3-4e27-a2d3-5e94f3e7a069
1,"Thranduil, Sindarin Liege // Silvan Rally",,0992ce8b-7bef-4799-a52d-7a46021a8672,4,"Green,Blue","Blue,Green",{2}{G/U}{G/U} // {1}{G/U}{G/U},Creature,"Elf,Noble",Legendary,f6771d32-395e-4832-b33d-cbc12dff1516
1,Thran Dynamo,,6455b185-aa5e-45e1-951e-f6eef517daf2,4,,,{4},Artifact,,,a699c663-8131-4045-9265-a83e86609374
1,Thran Power Suit,,17bfb8c5-9105-41e4-a58f-9c9eee32b18a,2,,,{2},Artifact,Equipment,,3952c288-5633-4e40-abe6-18940d079644
1,Three Bowls of Porridge,,a508e040-d1e5-46aa-8404-1adc18f0f8bd,2,,,{2},Artifact,Food,,5369e40a-5fd6-4a9d-bdc9-4af510449649
1,Threefold Thunderhulk,,699d1222-f150-46aa-9004-87b45f07eb42,7,,,{7},"Creature,Artifact",Gnome,,b8020a8b-557b-465d-865d-b59fecd7abc1
1,Three Steps Ahead,,c39be5b1-b693-4b1b-b40b-8bf6d1fe986d,1,Blue,Blue,{U},Instant,,,282dfeaa-6243-4f92-838a-5cb54fa85184
1,Three Tree Mascot,,aaced75b-6e07-457c-8ea2-f74d99710d15,2,,,{2},"Creature,Artifact",Shapeshifter,,6cb9d153-4eaa-4f32-8930-bd68cd99c128
1,Thrilling Encore,,258ef0a1-e326-43d2-8564-667373d121ef,5,Black,Black,{4}{B},Instant,,,2a114ff8-fa7d-41b8-b412-6232fbb68efc
2,Thrill of Possibility,,25e5dc88-9573-4eaa-bd37-eb0dee4add03,2,Red,Red,{1}{R},Instant,,,1cb0610b-a731-42c2-b93f-0a29f63cebf4
1,Thrill of Possibility,,2e807edb-838d-44fe-a37e-fb864d59beaa,2,Red,Red,{1}{R},Instant,,,1cb0610b-a731-42c2-b93f-0a29f63cebf4
1,Thrill of Possibility,,c9021f85-7ab4-4a78-a398-1611fe09cd14,2,Red,Red,{1}{R},Instant,,,1cb0610b-a731-42c2-b93f-0a29f63cebf4
1,Thriving Bluff,,6c382c6a-ec47-4b8d-8ad4-cfc935765742,0,,Red,,Land,,,91fceb34-0f2d-4392-be27-00dcd765637f
1,Thriving Bluff,,ceb29495-5cc8-4f78-adb5-a7302bb9743b,0,,Red,,Land,,,91fceb34-0f2d-4392-be27-00dcd765637f
1,Thriving Grove,,4ba5e3b0-98df-40cc-96a3-0a87c3d39b99,0,,Green,,Land,,,a8052556-8962-4130-86a8-6fb7b6a324f7
1,Thriving Grove,,4ba5e3b0-98df-40cc-96a3-0a87c3d39b99,0,,Green,,Land,,,a8052556-8962-4130-86a8-6fb7b6a324f7
1,Thriving Grove,,343a1153-03d7-46d5-ad9a-65760eabed55,0,,Green,,Land,,,a8052556-8962-4130-86a8-6fb7b6a324f7
1,Thriving Heath,,202ae1e5-df13-4a6f-9202-6a2573809f73,0,,White,,Land,,,d1946630-e224-40db-8f0d-388b09622288
1,Thriving Heath,,0c6f9b70-998c-4ecd-9094-f505692070de,0,,White,,Land,,,d1946630-e224-40db-8f0d-388b09622288
1,Thriving Isle,,94f93e5f-dba0-4079-8e6a-dd5d6fe6afa4,0,,Blue,,Land,,,69fc70b8-b143-4662-ac95-e2743037239d
1,Thriving Isle,,94f93e5f-dba0-4079-8e6a-dd5d6fe6afa4,0,,Blue,,Land,,,69fc70b8-b143-4662-ac95-e2743037239d
1,Thriving Isle,,2592bd6b-aea8-4fac-ad52-1801fcc7abe5,0,,Blue,,Land,,,69fc70b8-b143-4662-ac95-e2743037239d
1,Thriving Moor,,528531e8-4574-4dd5-aa4e-d31ce0f4eb5c,0,,Black,,Land,,,bff416bb-d193-4c45-b2c1-7c297dbfad08
1,Thriving Moor,,528531e8-4574-4dd5-aa4e-d31ce0f4eb5c,0,,Black,,Land,,,bff416bb-d193-4c45-b2c1-7c297dbfad08
1,Thriving Moor,,06a80fcc-b457-49c6-8c3a-0c5f58d74b2d,0,,Black,,Land,,,bff416bb-d193-4c45-b2c1-7c297dbfad08
1,Throne of the God-Pharaoh,,fe402b8e-f966-4971-90a5-950d8cff5025,2,,,{2},Artifact,,Legendary,ea750169-1f6f-40c2-96e9-55719e103a63
1,Thrummingbird,,3c9dd552-1020-4e82-ba51-f54b3938b920,2,Blue,Blue,{1}{U},Creature,"Bird,Horror,Phyrexian",,eac94269-4baa-4b8e-a0fd-d6b227d1cde3
1,Thrummingbird,,67f0a63e-0866-423e-b917-fc7c71063021,2,Blue,Blue,{1}{U},Creature,"Bird,Horror,Phyrexian",,eac94269-4baa-4b8e-a0fd-d6b227d1cde3
1,Thundering Raiju,,ec1a2920-6d39-4276-921c-65cc16a45f17,4,Red,Red,{2}{R}{R},Creature,Spirit,,3d713c11-36a7-4b19-8c42-a9b61ef5902c
3,Thundering Rebuke,,dc671707-4708-44d8-8ec8-d5332599adf9,2,Red,Red,{1}{R},Sorcery,,,bb4d9770-f230-4413-a7a4-bb1f1303661a
1,Thunder Lasso,,73dff5fc-2adf-447a-b35f-e7883e0fd821,3,White,White,{2}{W},Artifact,Equipment,,d98cc18b-6ebb-4f55-9d0d-b8fbe9a92bc1
1,Thunder Salvo,,a0bf0ea9-0929-4d33-815a-6df29c399e7e,2,Red,Red,{1}{R},Instant,,,d3ce7c83-986f-410a-ae00-6c1c1f918a2b
1,Thwip!,,b2dac88e-1204-4640-94ce-e1aff434ea06,1,White,White,{W},Instant,,,f7d11254-b48a-4016-a035-c0d6642fdfae
1,Tidepool Turtle,,d397fb84-8573-4b2c-be2c-f8fd820342f0,4,Blue,Blue,{3}{U},Creature,Turtle,,ac2668a3-7a26-47b1-9ad4-56e23643de80
1,Tide Skimmer,,ac70fcc7-893f-4a08-88a3-2f0655de18fc,4,Blue,Blue,{3}{U},Creature,Drake,,8d83dfb3-5662-4109-b465-bf5f257e58a5
1,Tifa Lockhart,,fb781323-2746-405d-a9b2-e778c037a6e9,2,Green,Green,{1}{G},Creature,"Human,Monk",Legendary,878df304-9d6d-4ce9-b65b-1439c251f3e0
1,Tifa's Limit Break,,24d6eab7-22bd-494f-8cbe-204446f24be9,1,Green,Green,{G},Instant,,,d0d90dd8-0642-489f-9afc-11c307f258f2
1,Tiger-Dillo,,067bd117-04e6-410e-89c4-6d431d627751,2,Red,Red,{1}{R},Creature,"Cat,Armadillo",,b6e82d4f-4fbf-495c-bebd-982d2a855ad0
4,Timberland Guide,,6b215b6a-82e3-4ce8-b288-d7341761cad0,2,Green,Green,{1}{G},Creature,"Human,Scout",,bd8ba76f-d9e1-4c4d-83e1-6782fa3d01ba
1,Time Warp,,7c46dd99-8af8-4cf2-9f98-734f73d9c456,5,Blue,Blue,{3}{U}{U},Sorcery,,,dbd6a94b-62ff-4a10-9d52-bdd90b26e425
1,Tinker's Tote,,8321857e-7977-46dd-8357-d732312e5261,3,White,White,{2}{W},Artifact,,,cd1e6225-31b7-4a70-81ab-681abe860328
1,Tin Street Dodger,,82be3087-0dcb-4236-90a6-b6d4ab4c0bc4,1,Red,Red,{R},Creature,"Goblin,Rogue",,fde3c8df-cc57-4e64-b78b-301e103d8487
1,Tin Street Gossip,,4094b13f-28d4-48b6-8cce-3c44656745b7,4,"Green,Red","Red,Green",{2}{R}{G},Creature,"Advisor,Lizard",,19dc29a7-8ccc-4e54-829b-86cc102b082d
1,Tireless Hauler // Dire-Strain Brawler,,552bb3a5-0c2c-4dc5-aee8-1048b04e69f9,5,Green,Green,,Creature,"Human,Werewolf",,c31e9db3-5d9d-470a-871a-b4b5b0536db5
1,Tireless Provisioner,,995938ee-3ba7-42c9-9e0f-76b4a105f55e,3,Green,Green,{2}{G},Creature,"Elf,Scout",,ab8d5f5c-1976-4f77-8ed2-8d28ee666741
1,Tireless Tracker,,08b1bc46-e8be-4437-a50a-96b6f1ec4a08,3,Green,Green,{2}{G},Creature,"Human,Scout",,e6555cca-e608-4c87-b835-9cd47fd1f543
2,Titanic Brawl,,e58e5661-cfc8-4266-a0ce-38af9a698773,2,Green,Green,{1}{G},Instant,,,e8434c77-10df-4456-af27-acb95d624189
1,Titanic Growth,,3583ea03-525f-4c70-9d7e-ccc6002ee9e1,2,Green,Green,{1}{G},Instant,,,61e09dd9-7870-48c2-9177-d6abc3162692
1,Titanic Growth,,0db41405-87a2-4a91-97f4-a8af2ffe8313,2,Green,Green,{1}{G},Instant,,,61e09dd9-7870-48c2-9177-d6abc3162692
4,Titanic Growth,,fe574e49-723a-409b-9222-125eebb620ff,2,Green,Green,{1}{G},Instant,,,61e09dd9-7870-48c2-9177-d6abc3162692
1,Titan's Grave,,a9ab41c8-3ee2-4676-9b8b-20c34d9f5f21,0,,"Black,Green",,Land,,,595f0eb5-f521-4174-9c48-b89e85ea907c
1,Titan's Strength,,0e48f309-8e56-4741-a9ff-e899dafb333a,1,Red,Red,{R},Instant,,,b0206b34-68b4-4b1f-ae79-6e2d0432ad4b
1,Tithing Blade // Consuming Sepulcher,,dbaa9a2d-e9fd-4746-a26c-f99ae731f024,2,Black,Black,,Artifact,,,883a4180-9ede-4249-a4b8-3a29c998fb63
1,Tocasia's Welcome,,56cd89f1-f9f4-4cb5-a573-79809d0b6dfd,3,White,White,{2}{W},Enchantment,,,25c983e0-a8c9-4784-91a4-8fe04c6df882
4,Tolarian Scholar,,2eda67da-02b5-4ecb-9038-10e026d454ec,3,Blue,Blue,{2}{U},Creature,"Human,Wizard",,8a268636-75d5-4631-8272-8b001f569db5
3,Tolarian Terror,,2569d4f3-55ed-4f99-9592-34c7df0aab72,7,Blue,Blue,{6}{U},Creature,Serpent,,b9d0f2e1-62c2-44fd-ad38-471daf17bb0a
1,Tolarian Terror,,2569d4f3-55ed-4f99-9592-34c7df0aab72,7,Blue,Blue,{6}{U},Creature,Serpent,,b9d0f2e1-62c2-44fd-ad38-471daf17bb0a
1,Tolarian Winds,,3fdd9981-bb5e-450d-90c3-4405a7097939,2,Blue,Blue,{1}{U},Instant,,,686cce6e-18ec-45b0-8d2e-74fa353a905e
1,Tolaria West,,b005eef6-75f3-454f-a42b-d851bc84ac4e,0,,Blue,,Land,,,46eefc72-2d9e-4389-8ae1-26d9ee472b5c
1,Tolls of War,,d822b9ad-a787-4355-88c2-07ae2bd3a78e,2,"White,Black","White,Black",{W}{B},Enchantment,,,5d1d9914-3ef2-45c5-b1cb-cb85d2f7394c
1,Tome of Legends,,8d4cb84a-fa17-4a85-a687-ee010a789d53,2,,,{2},Artifact,Book,,cada2a1c-5db2-4702-9a57-cbe7da1bf208
1,Tome Raider,,e04ad850-5801-4654-a388-f86be20a43bf,3,Blue,Blue,{2}{U},Creature,Faerie,,ecd9aa9a-06b2-4d8d-9264-fda2036ff142
1,"Toph, Hardheaded Teacher",,e3ba3395-39db-4330-9801-53def924f253,4,"Green,Red","Red,Green",{2}{R}{G},Creature,"Human,Warrior,Ally",Legendary,8c1c0117-6fc0-43c5-a4c8-6472de6503d9
1,"Toph, the Blind Bandit",,ff68fa7b-8065-407b-a8b4-bfbb14f1c99c,3,Green,Green,{2}{G},Creature,"Human,Warrior,Ally",Legendary,2ce20f43-9357-448f-bb40-7315feb08433
1,"Toph, the Blind Bandit",,ff68fa7b-8065-407b-a8b4-bfbb14f1c99c,3,Green,Green,{2}{G},Creature,"Human,Warrior,Ally",Legendary,2ce20f43-9357-448f-bb40-7315feb08433
1,"Toph, the First Metalbender",,70b6670f-a9fa-4d75-b0a7-c01b5071a514,4,"White,Green,Red","White,Red,Green",{1}{R}{G}{W},Creature,"Human,Warrior,Ally",Legendary,fbfef028-b10c-4ade-9503-d9af5b0c211b
1,Topiary Stomper,,87bb2699-280f-4e1e-b3f8-73efe6088f31,3,Green,Green,{1}{G}{G},Creature,"Dinosaur,Plant",,e3fc10d2-2733-4265-8275-112c285fd11a
1,"Torbran, Thane of Red Fell",,79f591cd-d277-4ba5-b1bf-1c09cac9cb8a,4,Red,Red,{1}{R}{R}{R},Creature,"Dwarf,Noble",Legendary,8c3495bf-02e7-4ad9-949d-92eb3d2b662a
1,Torch Courier,,d4c9fc8c-e68f-4636-84b8-877f6ec04b09,1,Red,Red,{R},Creature,Goblin,,34e2d6eb-aad4-4776-872e-cebab3938aa0
1,Torch the Witness,,7bcc6106-71ad-40e4-8e1f-ddbfd655612b,1,Red,Red,{X}{R},Sorcery,,,51473069-68dc-4e87-b345-d7cbcfdeea74
1,"Tori D'Avenant, Fury Rider",,9c873c5b-61f6-49b9-8993-2d5e9823de62,4,"White,Red","White,Red",{1}{R}{R}{W},Creature,"Human,Knight",Legendary,6d51ebd1-ceb9-42c0-8c1e-34dbbbc7bf8a
1,Tormenting Voice,,7c337af5-35bf-4a80-8cc0-bb9af20305b3,2,Red,Red,{1}{R},Sorcery,,,f307b5b4-e949-4f69-8dc7-856e33a45a16
1,Tormenting Voice,,25af9ac1-a03b-4be7-b726-fb66427b1caa,2,Red,Red,{1}{R},Sorcery,,,f307b5b4-e949-4f69-8dc7-856e33a45a16
2,Tormenting Voice,,bcfc312c-13c6-45e7-a780-229186be69f4,2,Red,Red,{1}{R},Sorcery,,,f307b5b4-e949-4f69-8dc7-856e33a45a16
1,Tormod's Crypt,,9c224bf0-5641-4160-9d5c-46141ea8372a,0,,,{0},Artifact,,,1573f7f9-672c-421a-b1ac-3d0d8aea59ca
1,Tormod's Cryptkeeper,,05900f1d-f065-4656-a8a2-2f719d3fdea8,3,,,{3},"Creature,Artifact",Golem,,8c846841-1b44-4bc5-b803-76baaa217548
1,Totally Lost,,c36f01a5-82bf-4fc6-9396-4410067c351b,5,Blue,Blue,{4}{U},Instant,,,e0462a2c-fb88-495f-813b-6476ee3e62bb
1,Totally Lost,,adffef78-f776-42d3-ab40-3347c8e5c88b,5,Blue,Blue,{4}{U},Instant,,,e0462a2c-fb88-495f-813b-6476ee3e62bb
1,Touch the Spirit Realm,,e16ab44e-4257-4c0c-b705-8ac1e9c1d835,3,White,White,{2}{W},Enchantment,,,52f0dcbd-ccf3-4525-8e55-2d38b4991834
1,Tough Cookie,,7aa37f85-5336-4372-97a2-9c8b00798c7a,2,Green,Green,{1}{G},"Creature,Artifact","Golem,Food",,8a1a5862-c027-4c15-99a7-1795d0da96da
3,Town Greeter,,49cd4efa-4df4-4257-9a42-60330f7781e2,2,Green,Green,{1}{G},Creature,"Human,Citizen",,9dc61ef6-da22-42a8-b348-dfd5722deadf
1,Town Greeter,,49cd4efa-4df4-4257-9a42-60330f7781e2,2,Green,Green,{1}{G},Creature,"Human,Citizen",,9dc61ef6-da22-42a8-b348-dfd5722deadf
1,Toxic Deluge,,5aa02b7d-db31-4924-b75e-eb02f332ca3a,3,Black,Black,{2}{B},Sorcery,,,afaef788-34d1-460b-b884-9d7ae6ddeb18
4,Toxin Analysis,,0eda1aff-c1f4-4171-a800-605396cc8168,1,Black,Black,{B},Instant,,,1f3b0b15-2c38-4aaa-b527-afbb540a6715
1,Tragedy Feaster,,b93cbaad-8ed8-4a1d-b95a-20a616dfedc9,4,Black,Black,{2}{B}{B},Creature,Demon,,0c4277ec-aa12-41f5-8896-c83cfc754d6e
1,Trailblazer's Boots,,aa05985b-e2cb-412f-a2ad-b8d723d9f451,2,,,{2},Artifact,Equipment,,634d5009-cbf3-44cb-8c15-7057f501a210
1,Trail of Evidence,,4b150797-ee8d-42f8-adcb-2f4b1783c074,3,Blue,Blue,{2}{U},Enchantment,,,e10065ba-fe24-4974-a500-d4151397a4d9
4,Tranquil Cove,,68f822b7-efc5-42c8-93ea-7dd17b4c3e7a,0,,"White,Blue",,Land,,,5d641bf6-0f93-4189-8dc1-ec7ea446dade
1,Tranquil Landscape,,113f48b9-a972-4e2c-af95-05ab078e01f2,0,,"White,Blue,Green",,Land,,,d4eb65d5-99fd-4daf-b7d3-8ebf99ee9c61
1,Tranquil Thicket,,afcb7cef-8aeb-4c84-88e9-6df17768e292,0,,Green,,Land,,,9f8fe514-77ed-41b4-a6f3-c6f095bb97be
1,Transcendent Message,,3261c7e6-45be-44d1-8855-026359ba0ae7,4,Blue,Blue,{X}{U}{U}{U}{U},Instant,,,1f7f7765-aeb9-4e47-a6b9-ce823bb29e33
1,Transluminant,,2f28187b-2c99-4502-99d5-3a53ff3fa008,2,Green,"White,Green",{1}{G},Creature,"Shaman,Dryad",,f4d54a89-8409-4fbc-b01f-3b03f352820f
1,Transmogrant Altar,,ca28d210-a35d-491e-beda-76b95d09dc2d,3,,Black,{3},Artifact,,,239fea8d-c49d-40bc-96e1-b84d328a0e1e
1,Trapped in the Screen,,1fe95bfb-8ca7-434f-a2e7-a6b2e699584e,3,White,White,{2}{W},Enchantment,,,20f2fc0e-b1d4-4f80-9c7a-a9fb25fef7b8
1,Trapped in the Tower,,974e84ce-5b51-4bd7-9a4d-b64d8f8f62d4,2,White,White,{1}{W},Enchantment,Aura,,55746bf4-86e0-489b-b9dc-eba5f5b401dd
1,Trash the Town,,eda59f99-1d6d-4051-ac89-b7cbfa19262e,1,Green,Green,{G},Instant,,,b47f7f1e-2d81-4b1b-870d-4c1a4f020505
1,Trash the Town,,eda59f99-1d6d-4051-ac89-b7cbfa19262e,1,Green,Green,{G},Instant,,,b47f7f1e-2d81-4b1b-870d-4c1a4f020505
1,Traveler's Amulet,,a5b0afa7-e9f9-4751-af36-d85343fabc26,1,,,{1},Artifact,,,48b561dd-f23d-409a-87c8-e49902b2477b
1,Traveler's Amulet,,195464f1-f01c-4211-950d-963c5bad786f,1,,,{1},Artifact,,,48b561dd-f23d-409a-87c8-e49902b2477b
1,Traveler's Amulet,,245a683f-280e-405c-aa2a-dfabb78dc34e,1,,,{1},Artifact,,,48b561dd-f23d-409a-87c8-e49902b2477b
1,Traverse the Ulvenwald,,bbc69a17-db08-4b4a-bc37-98a12ea108dc,1,Green,Green,{G},Sorcery,,,c9dd2bf5-32e0-47f7-9a49-501c262d745b
2,Treason of Isengard,,71f97505-c961-4890-acd0-32a63919ac2a,3,Blue,Blue,{2}{U},Sorcery,,,b04ef0bd-5e96-45d4-afa8-1f3bc8544e1a
1,Treasure Cruise,,64edb748-497d-4737-9d7f-37105fb20cb9,8,Blue,Blue,{7}{U},Sorcery,,,5b6bdf5a-2742-4851-92cd-a857a3852836
1,Treasure Mage,,c0ea2fcd-f090-4545-a055-30d7980ad66f,3,Blue,Blue,{2}{U},Creature,"Human,Wizard",,0848bb49-5758-41d6-a3e8-0c62e1768f52
1,"Treebeard, Gracious Host",,cf6be41a-1acd-4668-8f13-ccd495fbc7bd,4,"White,Green","White,Green",{2}{G}{W},Creature,Treefolk,Legendary,83860749-1603-46e9-9065-e98001244193
1,Treeguard Duo,,89c8456e-c971-42b7-abf3-ff5ae1320abe,4,Green,Green,{3}{G},Creature,"Frog,Rabbit",,d7dfb4d5-8510-4904-abb7-834ec65d9bf3
2,Tree of Tales,,3b3134b3-1bad-4b41-9e56-700125ff31fa,0,,Green,,"Artifact,Land",,,8b4aa971-b919-4750-8388-33d4f42c9280
1,Tree of Tales,,94db07aa-43d3-41b5-924e-60f1756b9c69,0,,Green,,"Artifact,Land",,,8b4aa971-b919-4750-8388-33d4f42c9280
1,Treetop Freedom Fighters,,a9394200-7ffc-440f-8b5f-c08b7930133c,3,Red,Red,{2}{R},Creature,"Human,Ally,Rebel",,922176b8-7174-4248-92fb-b196ceb802c7
1,"Treno, Dark City",,f6285535-bc44-4274-a886-b14d7c7aaba8,0,,"Blue,Black",,Land,Town,,6d5bb714-1bf4-4f75-9ea8-bdbd18b0425b
1,Tribute Mage,,6c180888-6acd-401b-815a-6ed434482681,3,Blue,Blue,{2}{U},Creature,"Human,Wizard",,c2b51295-8820-425f-a517-55231123c7de
1,Trickery Charm,,32a2ee45-7f1d-40a8-82b4-ab3b705417ea,1,Blue,Blue,{U},Instant,,,bb97f7c6-6a75-4f4e-b74e-c57ce98a08fc
1,Trick Shot,,cd3c2d02-67ca-4858-9b7a-3cfe8a08356c,5,Red,Red,{4}{R},Instant,,,843c8485-21b8-45ef-9a0c-4967f07278bb
1,Trickster's Elk,,812af562-853a-48a3-b428-ad891c54be5c,3,Green,Green,{2}{G},"Creature,Enchantment",Elk,,5bca05c1-1c0a-45f4-aa20-69f68b99cd7e
1,Trinket Mage,,cb52e7ba-5340-44e1-9b63-775e1f387925,3,Blue,Blue,{2}{U},Creature,"Human,Wizard",,ffc95093-24a2-4616-a44a-24788e8df9c8
1,Troll Negotiations,,ca0f7bf4-b8a2-4ec4-ad7e-b639de9fa76a,4,Green,Green,{2}{G}{G},Sorcery,,,6e275711-eb76-4924-ba38-c38a36d9d82a
4,Troll of Khazad-dûm,,a6539e26-b63b-4725-9407-caaf451de084,6,Black,Black,{5}{B},Creature,Troll,,222fd9fc-7af4-4269-bbb9-cd7b8ac029bd
1,Troop of Ponies,,0b4b1c59-bcec-4779-9e27-0e6f9feb4e11,2,,,{2},Creature,Horse,,bb52b3c3-09f0-4506-b7c0-250ab0b91866
1,Troop of Ponies,,0b4b1c59-bcec-4779-9e27-0e6f9feb4e11,2,,,{2},Creature,Horse,,bb52b3c3-09f0-4506-b7c0-250ab0b91866
1,Trophy Mage,,317ffc8a-4b6e-4ff7-b049-7494cb41e448,3,Blue,Blue,{2}{U},Creature,"Human,Wizard",,08afc0d7-192f-4ab6-b6a0-c4265cf5e225
1,"Troyan, Gutsy Explorer",,72968bfe-0fa4-432f-9599-4c32cb143716,3,"Green,Blue","Blue,Green",{1}{G}{U},Creature,"Scout,Vedalken",Legendary,1135ebc3-9537-4341-956b-6e22d8be5f20
4,Trumpet Blast,,c676a5b0-bd46-46b3-b71b-a50b86c9b0bd,3,Red,Red,{2}{R},Instant,,,d3b408e7-4d39-47a3-b00c-846903f8ae77
1,Trusted Pegasus,,70e3a90c-1e5c-4646-b3d5-ff46d3fa7b35,3,White,White,{2}{W},Creature,Pegasus,,18729459-8669-4c56-a78d-fd5982c3b2ac
1,Trusty Boomerang,,df99a166-6d58-4d92-9037-2fdfbaf65629,1,,,{1},Artifact,Equipment,,3c032e74-69c6-48ca-95d4-51aa3d894c14
1,Tuktuk Rubblefort,,02eedf9d-e26c-405c-aee5-1b3493dc5e9b,3,Red,Red,{2}{R},Creature,Wall,,48dab180-4ffd-4b39-9f5a-6bdc017a1eae
1,Tumbleweed Rising,,275d2d2a-ef85-48c9-919d-bc62cdad8a10,2,Green,Green,{1}{G},Sorcery,,,ef574346-1d98-447d-acb6-4d8d53c5f651
1,Tundra Tank,,13c66fce-8f8e-4a98-8413-9f05aebf6e13,3,Black,Black,{2}{B},Artifact,Vehicle,,2ded4b02-7aa4-46a1-b10f-8480eb942cd4
1,Tundra Wall,,49ae7f36-4b37-415e-ab39-5fa1e3f2e3e9,2,White,White,{1}{W},Creature,Wall,,68df4c46-513a-4d75-9d4b-ac95d45be255
1,Tunneling Geopede,,d4071152-5e64-4133-88a2-8fa5cb0eeb6c,3,Red,Red,{2}{R},Creature,Insect,,78cd6d20-033f-471f-a86e-59ec8307ae1f
1,Tunnel Tipster,,3e29b890-35b9-4e2a-9b4c-9417ca7db31d,2,Green,Green,{1}{G},Creature,"Scout,Mole",,8d0bf685-e521-4d72-acc6-86794f685ce2
1,"Tura Kennerüd, Skyknight",,c839d302-bf85-4a30-a49a-dbbd48695b5c,5,"White,Blue","White,Blue",{2}{W}{U}{U},Creature,"Human,Knight",Legendary,4cb3a303-9ded-46d5-90e7-1cc1c65a75da
1,Turntimber Grove,,fc92d6ef-a578-4320-b5c8-3da192eea1f3,0,,Green,,Land,,,62934aab-b6fa-41b2-ac05-d3fa0e3c5a79
1,Turtle-Duck,,aefcd734-3916-4c77-9d98-3ea2c2795658,1,Green,Green,{G},Creature,"Bird,Turtle",,e93782e3-1b93-459a-a7de-06c3b6591e6f
1,Turtle-Seals,,3a144e7f-e0f7-4346-a4e8-f4a358c3b4a9,4,Blue,Blue,{3}{U},Creature,"Turtle,Seal",,e0172cad-8b93-4d1a-b442-5eced3212b17
1,Tuskguard Captain,,be1165a2-e697-4ceb-91ba-693a3a006f27,3,Green,Green,{2}{G},Creature,"Human,Warrior",,aa149597-087a-4e1f-953c-2cd04e90a93b
1,Twilight Mire,,f0be6226-fd9f-4214-8a81-c563744991c4,0,,"Black,Green",,Land,,,db623754-e078-4030-ba07-818803c348a8
1,Twin Bolt,,5bd58ec4-34a9-4fc2-b057-438492e2e06e,2,Red,Red,{1}{R},Instant,,,970dc070-3668-4584-9904-2897b27bb806
2,Twinferno,,bc531409-26cb-4c58-ba69-f39dd8aee3d1,2,Red,Red,{1}{R},Instant,,,93989dd7-2d3e-46e2-8e92-8d0479796087
1,Twin-Silk Spider,,7cf3188c-879b-4b18-88b4-6237d7162271,3,Green,Green,{2}{G},Creature,Spider,,a2193302-402a-4cf0-8014-5facecad647b
1,Twisted Fealty,,382d6085-79b9-48f7-8949-9f44dde2c753,3,Red,Red,{2}{R},Sorcery,,,a5ae75de-0dff-44bf-9dc6-5895ab3ae731
1,Twisted Landscape,,d0e3e7b3-7ba9-47a2-b46c-a40bffb445e2,0,,"Black,Red,Green",,Land,,,db659cae-2078-423e-a6ed-63898dbab87f
1,Two-Handed Axe // Sweeping Cleave,,21e34888-f57c-4f5d-bb5c-b82be980d145,3,Red,Red,{2}{R} // {1}{R},Artifact,Equipment,,b012cec9-2aff-4dfb-8db1-61e830c33926
1,"Ty Lee, Artful Acrobat",,dcd9df24-272b-4aa1-b05f-6ee6b3d3dfe7,3,Red,Red,{2}{R},Creature,"Human,Performer",Legendary,3726b9a0-67cb-4f45-ab50-62db50f93568
1,"Ty Lee, Chi Blocker",,308cc687-9cb2-4e3a-98db-c5ba2a7da115,3,Blue,Blue,{2}{U},Creature,"Human,Ally,Performer",Legendary,081ad4e3-cda3-41cc-890f-412611dc9ea0
1,Tyrant's Scorn,,e61f8b36-6ad2-4295-bd1d-7f9e90b23190,2,"Black,Blue","Blue,Black",{U}{B},Instant,,,afb278f1-0e21-4f6d-96bb-c34aa3ef96b0
1,"Tyrox, Saurid Tyrant",,159dc5a8-5cba-4c20-8c07-28a3d86c8411,2,Red,Red,{1}{R},Creature,"Warrior,Dinosaur",Legendary,b24d95fa-3cf7-495e-9082-11f8db151906
1,Tyrranax Atrocity,,157cf43c-f7f2-4362-bfc8-11682e94b747,5,Green,Green,{3}{G}{G},Creature,"Dinosaur,Phyrexian",,08261b68-b261-4e47-a085-c489ba394108
1,Uglúk of the White Hand,,e914c7fc-be3c-4346-bf37-6e10f4998204,4,"Red,Black","Black,Red",{2}{B}{R},Creature,"Soldier,Orc",Legendary,ebd6a3a0-ae8d-44e6-8d0b-048da6dd1f03
1,"Ulalek, Fused Atrocity",,fdad1b0e-d3cc-4d76-ae7e-fee12558cf2c,5,,"White,Blue,Black,Red,Green",{C/W}{C/U}{C/B}{C/R}{C/G},Creature,Eldrazi,Legendary,9f6828e3-39d9-45d9-9bf1-0e3737a0321e
1,Ulamog's Crusher,,ac896541-b271-4bbb-a45c-753869361df6,8,,,{8},Creature,Eldrazi,,597bce51-af89-4d13-9a97-667b4f4f4694
2,Ulamog's Crusher,,76bacedb-9fa8-4a21-b0eb-e7ead64360b4,8,,,{8},Creature,Eldrazi,,597bce51-af89-4d13-9a97-667b4f4f4694
1,Ulamog's Crusher,,699c0f6f-b26b-4741-8140-8a6030cad127,8,,,{8},Creature,Eldrazi,,597bce51-af89-4d13-9a97-667b4f4f4694
1,Ultimate Price,,b41f7cf3-bd76-4184-b694-f565aa5cf3a4,2,Black,Black,{1}{B},Instant,,,d740453b-d8f8-48d0-8c50-72a7cdb791b5
1,"Ultimecia, Time Sorceress // Ultimecia, Omnipotent",,2d6a2b68-5407-464e-a335-7866fd969c30,5,"Black,Blue","Blue,Black",,Creature,"Human,Warlock",Legendary,70773879-b773-4e81-99ca-8f4bba478962
1,Umbral Collar Zealot,,98648b8a-2cf0-4c10-ab13-c88b2e03fc15,2,Black,Black,{1}{B},Creature,"Human,Cleric",,12db6263-75c2-442f-a1a5-7af7915f8f9f
1,Unauthorized Exit,,8a458474-d721-46d7-b487-6a47dc063cfd,2,Blue,Blue,{1}{U},Instant,,,3d145811-adb2-46a4-b173-bf8152e5de48
1,Unburden,,bd5fc0e0-4ee5-40eb-a9f0-9b1fff2adefc,3,Black,Black,{1}{B}{B},Sorcery,,,97acd3aa-ae4a-4e9d-a5b9-36eaba158735
1,Uncharted Haven,,1d4ad89a-3a00-4bf4-a357-4a8a089d4a82,0,,,,Land,,,d23c3613-bc5e-4fc5-939c-62a090c53a79
2,Uncle Iroh,,5c88672c-0eba-4e93-a0ec-30bbb1bb7661,3,"Green,Red","Red,Green",{1}{R/G}{R/G},Creature,"Human,Ally,Noble",Legendary,8a98ddac-7341-4118-b188-51d8d03afd1d
2,Uncomfortable Chill,,8f12d70b-fff7-4d0c-982e-2fea70018a78,3,Blue,Blue,{2}{U},Instant,,,d6596336-8177-4475-95b9-a21858563276
1,Undead Butler,,2c9b8582-8887-4652-82e2-f9b11ee21545,2,Black,Black,{1}{B},Creature,Zombie,,426fa8e8-b0f9-4b6c-b22b-04ec2073187a
1,Undercity Uprising,,7e1e08bf-a5d6-48bb-9f7f-4711f9ec88d7,4,"Green,Black","Black,Green",{2}{B}{G},Sorcery,,,53e540b5-8338-4b21-a61a-c5b7fe652a6e
1,Undercover Crocodelf,,5bc669c8-6f39-4d52-82d3-a4005d41c8a5,6,"Green,Blue","Blue,Green",{4}{G}{U},Creature,"Elf,Crocodile,Detective",,3ba223b7-743f-4f99-836e-869778fb2e99
1,Underdark Basilisk,,96116efa-b580-4764-aba5-09cb8ce24806,2,Green,Green,{1}{G},Creature,Basilisk,,3b61b6da-44ed-4766-8134-fca37afd3f2a
2,Underwater Tunnel // Slimy Aquarium,,2dd69f2d-8c9c-41fc-93ea-48fc7a6d5272,5,Blue,Blue,{U} // {3}{U},Enchantment,Room,,2b46394e-d337-4b1a-88e6-7fdac2ee4ac4
1,Underworld Connections,,81a1f5b8-84c0-4063-ba4a-08665ee01103,3,Black,Black,{1}{B}{B},Enchantment,Aura,,39c10798-9dfc-47a2-9da3-b4038509aebe
1,Underworld Connections,,32ad8671-55f4-4081-af63-bfb55d71064f,3,Black,Black,{1}{B}{B},Enchantment,Aura,,39c10798-9dfc-47a2-9da3-b4038509aebe
1,Undying Evil,,325f2243-54fd-484b-a742-166cea7ec179,1,Black,Black,{B},Instant,,,3ceaeb1b-8b25-453d-ac09-e466cfdd9c77
1,Undying Malice,,8eb38041-043a-4b18-9d9a-f1283684e8f1,1,Black,Black,{B},Instant,,,8b061702-1bc3-45aa-a758-446b25034801
1,Undying Rage,,2072badc-d4ec-469b-b3cd-6977cbe42fbd,3,Red,Red,{2}{R},Enchantment,Aura,,622d783d-4201-4769-8a0f-442b358d8bf1
1,Unearth,,b1f73271-b70f-40ae-be64-f8de7805923a,1,Black,Black,{B},Sorcery,,,4e0b647a-6e1a-421b-bca9-8d5e346bda80
3,Uneasy Partings,,e49866d4-966a-40f9-b08d-18e5af6d726b,4,Blue,Blue,{3}{U},Instant,,,15211eaa-d906-4b95-8942-2f49d3cb4b81
1,Unexpected Request,,0265fd20-a85d-49ce-b338-4c40843a5b18,3,Red,Red,{2}{R},Sorcery,,,f4497af5-8b81-46b3-bb52-eaed1999809b
1,Unexpected Windfall,,bae6a5fb-39f5-4cf8-85f7-661cb4570507,4,Red,Red,{2}{R}{R},Instant,,,498c10c9-253d-4b15-b48c-1509381b17e8
1,Unexplained Vision,,c1de1d84-e548-409d-b9ec-d2665477b43d,5,Blue,Blue,{4}{U},Sorcery,,,9f693483-f4df-497a-a6c7-fc269fc60ea8
1,Unflinching Courage,,35952c24-d728-4ec6-b0d1-b8183a18554a,3,"White,Green","White,Green",{1}{G}{W},Enchantment,Aura,,0e969a27-1609-4ab4-b0db-46b1af8066a9
2,Unholy Officiant,,8a4c04a4-e68b-4d3d-89c8-29cdaaac36b2,1,White,White,{W},Creature,"Vampire,Cleric",,41c06726-0360-4488-8dc3-ec257386a372
1,Union of the Third Path,,486a0745-7360-4cc9-9cc2-30c0eda6e00c,3,White,White,{2}{W},Instant,,,4492c329-174a-44aa-be4d-9f018173b9a7
1,Unleash Fury,,e854e6a3-8684-43fa-9560-ef4c3b62c935,2,Red,Red,{1}{R},Instant,,,4eaa100c-f1ef-4a2b-9370-5dad7f3a95f2
1,Unlucky Cabbage Merchant,,0a838009-b115-4497-b35d-682e41ead7db,2,Green,Green,{1}{G},Creature,"Human,Citizen",,d8f7d4c8-bc50-4bcf-b930-797dcb3c2a21
1,Unnatural Aggression,,3785a6d2-4120-4190-b398-d63ab1eb36fe,3,,Green,{2}{G},Instant,,,597d1dce-67e8-4c37-9781-eeaeb7c2d7b7
1,Unnatural Growth,,6f32f0e3-9ff6-4e86-b7ec-24f6cee998b2,5,Green,Green,{1}{G}{G}{G}{G},Enchantment,,,7324abaa-48da-439d-9339-b0ea5eea612e
1,Unnatural Restoration,,4d4e6a91-59cc-4f7f-af25-16acabdafb1a,2,Green,Green,{1}{G},Sorcery,,,05d1e797-bda2-4411-a546-919493768650
1,Unruly Catapult,,3dc275f8-f060-4c15-9b8f-63cf3857eaa7,3,Red,Red,{2}{R},"Creature,Artifact",Construct,,b2b0a5d0-0084-43a4-b6dc-e893ef42cdb7
1,Unruly Catapult,,3dc275f8-f060-4c15-9b8f-63cf3857eaa7,3,Red,Red,{2}{R},"Creature,Artifact",Construct,,b2b0a5d0-0084-43a4-b6dc-e893ef42cdb7
1,Unruly Mob,,5f48622a-abf3-407f-921f-77c29d59ba8e,2,White,White,{1}{W},Creature,Human,,05d0b904-a680-4f2f-aaa1-e227a7fe7e79
1,Unscrupulous Contractor,,9e56a8df-db04-4a88-a5ab-6954d3449976,3,Black,Black,{2}{B},Creature,"Human,Assassin",,00ff5598-2f7f-4e28-8b63-5ae1ce18f0c5
1,Unsettling Twins,,85da2e65-4e22-48b6-98ad-6969684d69e1,4,White,White,{3}{W},Creature,Human,,b0b2ca8c-cb5a-45f8-ae7c-63ad9ebb4afd
1,Unsubstantiate,,2dc0bafd-debc-4b62-9fe0-56b4aad02484,2,Blue,Blue,{1}{U},Instant,,,c387f46f-ad91-4964-8dc6-acefe537fe3c
1,Unsummon,,7a960516-3864-4a7a-8117-d25dec0dd665,1,Blue,Blue,{U},Instant,,,837182db-1bf3-4a2c-bd01-1af9d9873561
1,Unwanted Remake,,7b54447f-1daf-4352-b5c3-3c0ec8b8f4d0,1,White,White,{W},Instant,,,90aa9113-5148-486b-a1c6-b4230e6d3e41
1,Urabrask's Forge,,68f9f9d8-9ea0-4608-a79c-a09a87918186,3,Red,Red,{2}{R},Artifact,,,7c4b2203-a937-4d91-8e39-2283fe686b45
1,"Uro, Titan of Nature's Wrath",,e0b06619-d672-4542-a025-2ec3a62b761d,3,"Green,Blue","Blue,Green",{1}{G}{U},Creature,"Elder,Giant",Legendary,ee302659-59ed-4eef-babe-451b9ccf7f14
2,Ursine Champion,,e60b6c02-c1f1-4ab9-bd62-ae3b447a898f,2,Green,Green,{1}{G},Creature,"Human,Berserker",,4f142d99-8146-4b16-a2cc-ac03da19b960
1,Uruk-hai Berserker,,936421a0-2c2a-4410-941d-4e6b88166bd1,3,Black,Black,{2}{B},Creature,"Berserker,Orc",,0e353a41-b523-4c22-9bda-d10460ba99c7
1,Urza's Cave,,926916ed-2f22-4ba9-9427-194886ad6c1e,0,,,,Land,"Urza's,Cave",,4474ecee-0ec3-409b-90df-738d9313fe3c
1,Urza's Command,,b9b4a02c-e57f-4287-943e-6bc859ac149e,4,Blue,Blue,{2}{U}{U},Instant,,,f5c30dec-072c-4f02-b5d8-5eccfd1cffcf
2,Urza's Mine,,32dbc719-d8aa-47ff-b7ea-20adadc99ec7,0,,,,Land,"Mine,Urza's",,33e85a8a-86df-4cdc-a9cc-8cbabe92c3c0
2,Urza's Mine,,32dbc719-d8aa-47ff-b7ea-20adadc99ec7,0,,,,Land,"Mine,Urza's",,33e85a8a-86df-4cdc-a9cc-8cbabe92c3c0
2,Urza's Power Plant,,5e5786d5-355d-454c-b09b-e307a7a324d4,0,,,,Land,"Power-Plant,Urza's",,e11966cd-2ee3-4df4-b099-abf42dcdf0db
1,Urza's Power Plant,,4499c80b-72af-485c-9106-22967b5252cd,0,,,,Land,"Power-Plant,Urza's",,e11966cd-2ee3-4df4-b099-abf42dcdf0db
1,Urza's Power Plant,,5e5786d5-355d-454c-b09b-e307a7a324d4,0,,,,Land,"Power-Plant,Urza's",,e11966cd-2ee3-4df4-b099-abf42dcdf0db
1,Urza's Rebuff,,8a6f90b3-450c-490a-b6d0-2393c4646c85,3,Blue,Blue,{1}{U}{U},Instant,,,db3b294a-87b1-4dda-b1f6-ea63a9722faf
2,Urza's Tower,,7693a698-65be-4d85-8b9d-c02c1596b99d,0,,,,Land,"Tower,Urza's",,32fbb638-ab14-4e8b-a07a-d4c44e3496f2
1,Urza's Tower,,cba9d0e3-9ff3-4aeb-9de6-c7695d88a31d,0,,,,Land,"Tower,Urza's",,32fbb638-ab14-4e8b-a07a-d4c44e3496f2
1,Urza's Tower,,7693a698-65be-4d85-8b9d-c02c1596b99d,0,,,,Land,"Tower,Urza's",,32fbb638-ab14-4e8b-a07a-d4c44e3496f2
1,Uthros Research Craft,,2063f688-ab86-4c7c-9237-bdb47f56a618,3,Blue,Blue,{2}{U},Artifact,Spacecraft,,e1c9783a-1d1b-40d7-872e-0ca11b229ce6
1,Utopia Sprawl,,5ea568df-04a1-4012-98ec-ba75e189e0ca,1,Green,Green,{G},Enchantment,Aura,,00d8efa6-a2d9-4249-8da7-b45173675329
1,Utter Insignificance,,3050ac06-4c16-4155-a97f-f6bc92709ee4,2,Blue,Blue,{1}{U},Enchantment,Aura,,44074791-da32-498b-879f-22192b94a9b0
1,"Uurg, Spawn of Turg",,dd3fc36c-682b-4352-a66f-eddd2baf0bf6,3,"Green,Black","Black,Green",{B}{B}{G},Creature,"Beast,Frog",Legendary,0191a93a-f304-4c20-9af4-7cdea82c07cf
1,Valakut Exploration,,6954cc66-ab80-4457-b0da-61d80e80e25e,3,Red,Red,{2}{R},Enchantment,,,d6861319-ae16-4e6c-af87-a264f667d694
1,"Valduk, Keeper of the Flame",,253f9e43-5bc6-4f26-a8e9-773cd0ca3d02,3,Red,Red,{2}{R},Creature,"Human,Shaman",Legendary,102b0a65-f2e0-4ef3-a9dc-4a85557b852e
1,Vampire,,5d328599-b5c8-4cf7-9d62-fe8492e02f48,0,Black,Black,,"Creature,Token",Vampire,,9b4f2e97-7845-4931-8ea3-824532525e92
4,Vampire's Kiss,,974bf8cc-4259-48cc-8e7f-1580bb010d3f,2,Black,Black,{1}{B},Sorcery,,,105cea6e-18e9-4dec-a533-0dca4d41320b
1,Vampire Sovereign,,ee338221-ead9-4b89-8b0c-12745c4ca13d,5,Black,Black,{3}{B}{B},Creature,"Vampire,Noble",,49c7b7c6-c8dc-4871-9103-b057d2034c3e
3,Vampire Spawn,,b8975c72-b2ec-4c5f-86a4-4e1e3bb41c15,3,Black,Black,{2}{B},Creature,Vampire,,33cee4b4-3d80-46f1-9223-49ed785891a1
1,Vampiric Rites,,3416309a-5824-48f5-876e-00e0f180acf9,1,Black,Black,{B},Enchantment,,,660de988-b6fb-4f36-8006-42af3e7f908d
1,Vandalblast,,e8afc402-ddc4-4819-bc2a-584a43b9b60e,1,Red,Red,{R},Sorcery,,,3567c3c8-b3c7-45b7-935b-b1fdbc973720
1,"Vanille, Cheerful l'Cie",,91226c1a-63a0-494e-bcf0-77c2d6f49213,4,Green,"Black,Green",{3}{G},Creature,"Human,Cleric",Legendary,577725ae-290f-4081-8352-3317521a096f
1,Vanish into Eternity,,8f0b3308-9c0b-4461-9094-38deec20e1bc,3,White,White,{2}{W},Instant,,,c14e422b-6412-45ce-8e82-d47ba61557a0
1,Vanquish the Horde,,5bb0f6ec-6448-40bd-a819-b828b85b2118,8,White,White,{6}{W}{W},Sorcery,,,a332e80a-dc51-4dc6-bc85-e114a1c6fdb8
1,Vanquish the Weak,,935cb9a2-11ba-45d9-ab38-dea23cecf521,3,Black,Black,{2}{B},Instant,,,4a3cc4f6-037f-461d-a3b7-9f9e24c4b8cf
2,Vapor Snag,,70305148-23bd-41dd-9de5-13cf5ae591ae,1,Blue,Blue,{U},Instant,,,a1408bae-ed5f-4837-a1a7-438dc30a2786
1,Vastlands Scavenger // Bind to Life,,476b6a4d-cc05-4e98-8a45-a5c6582ec514,3,Green,Green,{1}{G}{G} // {4}{G},Creature,"Druid,Bear",,3a97bc8d-bd81-468e-9277-eba4fac11ee0
1,Vastwood Fortification // Vastwood Thicket,,3a7fd24e-84d8-405d-86e4-0571a9e23cc2,1,Green,Green,,Instant,,,ce148a0c-6c63-49d5-a156-99efae4e367a
1,Vat of Rebirth,,20a961ea-0639-4f5d-8cf4-f909c59a4ae1,1,Black,Black,{B},Artifact,,,10c31317-71e8-42e0-85e0-3e64bd0c3dd3
1,Vault of the Archangel,,8f203f04-bd73-4d88-bb5e-aab63507dbd1,0,,"White,Black",,Land,,,eeaac65a-3480-475a-bb28-e6375d53f487
2,Vault of Whispers,,73866487-33f4-4f64-b100-2c4ddadcd74e,0,,Black,,"Artifact,Land",,,09496421-74e4-466a-9546-56f2a0c8eef4
2,Vault of Whispers,,73866487-33f4-4f64-b100-2c4ddadcd74e,0,,Black,,"Artifact,Land",,,09496421-74e4-466a-9546-56f2a0c8eef4
1,Veinwitch Coven,,c5cc7d88-b9d3-425e-bef2-f1e3a85a3e4d,3,Black,Black,{2}{B},Creature,"Vampire,Warlock",,ab478ac9-af59-4df1-afef-5e9806c06643
1,Velomachus Lorehold,,523d8fe6-1efd-4278-82fe-ea4517e6665c,7,"White,Red","White,Red",{5}{R}{W},Creature,"Elder,Dragon",Legendary,43832745-5d7d-4957-8e30-2072ad012564
1,Venerable Monk,,c8c70b89-9b06-42fe-ba63-99f70642eaf4,3,White,White,{2}{W},Creature,"Human,Cleric,Monk",,5c5cfa6d-857f-44a9-80f7-46f016ef71e4
1,Venerable Monk,,777fdd5d-2ed0-42d9-a1b5-34f1d61b668b,3,White,White,{2}{W},Creature,"Human,Cleric,Monk",,5c5cfa6d-857f-44a9-80f7-46f016ef71e4
1,Vengeful Ancestor,,bcaa3213-6fc9-43c7-9819-657e16a578f1,4,Red,Red,{2}{R}{R},Creature,"Dragon,Spirit",,f3b3173b-f7ae-420e-84ec-ea61414674a0
2,Vengeful Bloodwitch,,bd0c12dd-f138-45c0-9614-d83a1d8e8399,2,Black,Black,{1}{B},Creature,"Vampire,Warlock",,4cdbc466-42fc-471f-beab-397caec18101
1,Vengeful Townsfolk,,2df404af-571a-4867-83f5-bb4163b433ff,3,White,White,{2}{W},Creature,"Human,Citizen",,c649d5ae-2f38-4737-8123-8069a2ba0bde
1,Venom Connoisseur,,04897d8c-ee05-45eb-80f7-76487dbcc449,2,Green,Green,{1}{G},Creature,"Human,Druid",,03ebc100-68ac-4d53-adc2-d537212f7d31
1,Venomcrawler,,7b44099c-0b24-423a-b8c0-5d5e8687fe61,4,Black,Black,{3}{B},"Creature,Artifact",Demon,,f3a07ae4-b0f8-43e6-adba-217f220cc2d0
1,Vernal Fen,,bac98f27-ef3e-45e0-87cb-0fb4325ae734,0,,"Black,Green",,Land,"Swamp,Forest",,40544d12-0391-4a61-af95-9b8ec01ed8fc
1,Vesuvan Duplimancy,,9a2119bc-a377-4156-89d4-56e7b5b494a8,4,Blue,Blue,{3}{U},Enchantment,,,6058fab1-9878-42b7-93be-b0a5aa99bd6d
4,Veteran Guardmouse,,3db43c46-b616-4ef8-80ed-0fab345ab3d0,4,"White,Red","White,Red",{3}{R/W},Creature,"Soldier,Mouse",,2313a3f9-3eac-4684-a25e-6a6ae445a723
1,Veteran Soldier,,3f4f074e-914e-4924-8b5e-b80b247bc341,2,White,White,{1}{W},Enchantment,Background,Legendary,6bbf1410-800d-4d05-93d2-ba3c1656728e
1,"Veyran, Voice of Duality",,90197eca-271c-4047-90e0-00b2579a94f2,3,"Red,Blue","Blue,Red",{1}{U}{R},Creature,"Wizard,Efreet",Legendary,d57a6b19-bd06-4b07-8ee1-0b45612ba9e4
1,Viashino Branchrider,,1f08749e-05e0-4fb4-a4ae-35e7187584ab,1,Red,"Red,Green",{R},Creature,"Warrior,Lizard",,50fcb431-626c-4db5-aa2c-445f3b81e7fa
1,Vibrant Cityscape,,b5e7cdb4-7b4d-4c6c-b016-d6cd3f9a04f2,0,,,,Land,,,6a7f3e1f-6798-4644-b64c-7765f81f0938
1,Victimize,,c9e4993e-154c-4ac4-8927-6352b8816f58,3,Black,Black,{2}{B},Sorcery,,,240e85d3-e495-4877-8609-4b4056c402f7
1,Vigor,,6952b1c3-2a18-4ad5-8130-861fce1cb422,6,Green,Green,{3}{G}{G}{G},Creature,"Elemental,Incarnation",,70787d8b-0a40-43ea-837a-9617dc13e7e5
2,Village Rites,,0fab9ee8-776a-48e5-b309-bcd381e67bf7,1,Black,Black,{B},Instant,,,365548fb-5acc-4a8a-b20b-26d28b7d029f
1,Village Rites,,0fab9ee8-776a-48e5-b309-bcd381e67bf7,1,Black,Black,{B},Instant,,,365548fb-5acc-4a8a-b20b-26d28b7d029f
1,Village Rites,,da3de5c0-acda-4116-b0c5-eceb2c19cb2d,1,Black,Black,{B},Instant,,,365548fb-5acc-4a8a-b20b-26d28b7d029f
1,Villainous Wrath,,d78e36fd-5817-4c4a-8880-dabe6dd4ba81,5,Black,Black,{3}{B}{B},Sorcery,,,1c7c1867-20cb-4035-bb2a-42760edf0a55
1,Vincent's Limit Break,,0502c426-5271-4989-8598-5bc159afe79c,2,Black,Black,{1}{B},Instant,,,814679b4-51bd-4b07-a7b8-d3375d36ff45
1,Vincent Valentine // Galian Beast,,028ef608-acfe-4e9d-90db-eca4411ba78a,4,Black,Black,,Creature,Assassin,Legendary,f40e6bbf-1fed-4ec5-869d-18c2dd396d14
1,"Vincent, Vengeful Atoner",,9e53d0b2-eeb0-4d54-86e5-723e05aaf6da,3,Red,Red,{2}{R},Creature,Assassin,Legendary,b8961205-87fa-4cce-aba9-84fa2f91a67f
1,Vindictive Vampire,,7c0bfb47-c753-42fa-969b-7b10b87b0462,4,Black,Black,{3}{B},Creature,Vampire,,11ad664e-36d3-4d5b-8a87-59ea715877e0
1,Vindictive Warden,,0f34de05-39a9-425f-a3b4-3a9d46c917ac,3,"Red,Black","Black,Red",{2}{B/R},Creature,"Human,Soldier",,43b339ec-4d7d-41ac-a5ab-96c6a6de00e2
1,Vinelasher Kudzu,,bcae0517-f7d1-4b67-9ca3-608f2d8a70f9,2,Green,Green,{1}{G},Creature,Plant,,62204fac-a367-475c-bfb9-80a87af2d2f1
1,Viridescent Bog,,54d852fc-0f3a-4791-a147-b21ca6964763,0,,"Black,Green",,Land,,,6bd6d259-1af7-4dff-a79c-48a616d2a36e
1,Viridian Betrayers,,cc6ea52f-4b24-45ff-99e1-4d0e1bd42875,3,Green,Green,{1}{G}{G},Creature,"Warrior,Elf,Phyrexian",,1d5ebb4b-0248-4255-8e1a-bcba4d5eaf7f
1,Viridian Corrupter,,0cc13aee-5a74-4dab-a6af-7dc31255981d,3,Green,Green,{1}{G}{G},Creature,"Elf,Shaman,Phyrexian",,8ba5e97b-3eac-4291-8674-4b402a5554bc
1,Viridian Longbow,,be892d73-d1f4-4c36-b674-01ae21ff1484,1,,,{1},Artifact,Equipment,,8b9119b0-9948-497f-aa92-2879d07bed1c
1,Virtue of Courage // Embereth Blaze,,ed585964-68ed-4889-8d20-678b43c46018,5,Red,Red,{3}{R}{R} // {1}{R},Enchantment,,,af6438b9-3fde-45c9-af69-dff686c1e0de
1,Visage of Dread // Dread Osseosaur,,3d4b61c6-3e88-49f5-9e16-aa8a59653327,2,Black,Black,,Artifact,,,7cad43df-31c9-47b5-bc05-4a0f6544b396
1,Viscera Seer,,d49203dd-89b6-4e91-b3ff-5f9f5ce981f8,1,Black,Black,{B},Creature,"Wizard,Vampire",,f82a4e85-526d-4456-b700-7760043a31be
1,Vision of Love,,5604cee1-a2ea-48ed-88f4-6878bd053fc8,2,Red,Red,{1}{R},Instant,,,70c96b50-ac2b-493d-bd15-fc66eb767111
1,Visions of Phyrexia,,e922ef35-b62a-4cf8-9282-319f6de150b0,4,Red,Red,{2}{R}{R},Enchantment,,,634b46a6-ec8b-41f0-8eb6-1e9144035847
1,"Vitu-Ghazi, the City-Tree",,afc35026-a29e-4fb0-931f-5e90faf41802,0,,"White,Green",,Land,,,88fb9e82-28b9-4275-a1e2-cb3a9bfda127
1,Vivisurgeon's Insight,,cd244359-781e-4e1d-946d-243664f40c7c,5,Blue,Blue,{3}{U}{U},Sorcery,,,cf6ff089-63d7-4a98-b95d-2837c017a866
1,Vodalian Wave-Knight,,9889fe0b-d93f-4f84-9081-4bc4efc4127a,4,"White,Blue","White,Blue",{2}{W}{U},Creature,"Knight,Merfolk",,148145ef-a368-4caf-921d-e3809adf03de
6,Volcanic Dragon,,ade02a6b-0025-418b-8e20-0eb538fd66b1,6,Red,Red,{4}{R}{R},Creature,Dragon,,994db177-03f5-43dd-bf7b-2994e8d430d3
4,Voldaren Epicure,,feda6bb3-ee22-489c-bcfd-52ef04841024,1,Red,Red,{R},Creature,Vampire,,cef82674-1f61-407b-801b-a76a3803e598
2,Voldaren Stinger,,f27a7c78-3a64-42fc-8808-15b1f41976a1,1,Red,Red,{R},Creature,"Vampire,Warrior",,5bd66394-6e1e-4b13-8824-e83768fb533e
1,Voltage Surge,,5a9b7141-45b9-4629-a4e4-b50f93929717,1,Red,Red,{R},Instant,,,1779af8e-38fc-4043-b5fa-ee16a7ea840c
1,Voltaic Visionary // Volt-Charged Berserker,,a8b85386-462b-46f8-9412-fd47ed1dc1da,2,Red,Red,,Creature,"Human,Wizard",,8ffe9e3f-fd9f-4d8b-9467-4cd301e3c8b4
1,Voracious Fell Beast,,d9b7d7f8-503d-4660-9a18-6a8e2fcaa25f,6,Black,Black,{4}{B}{B},Creature,"Beast,Drake",,2e037c5e-3e07-4ffc-a388-7976459f6ff7
1,Voracious Hydra,,74bbe44f-864a-446c-bfc9-5f5188e663b8,2,Green,Green,{X}{G}{G},Creature,Hydra,,ff8f5a4b-112a-425e-b489-7ee26d1d9fb3
1,Vorstclaw,,79719ed0-468d-4946-8dfc-fb7e2b2e305e,6,Green,Green,{4}{G}{G},Creature,"Elemental,Horror",,aa944cbe-fdba-4001-97d5-c722fe744dcc
2,Vortex Runner,,bab4a68d-5d26-42d8-bc51-15e3c1f95ebe,3,Blue,Blue,{2}{U},Creature,"Human,Wizard",,37cf4ee6-e146-4354-afc8-6b59b0700e87
4,Vow to Erebor,,8d4f3eb5-fedf-45d6-8bd8-aacbe0ce33b2,2,White,White,{1}{W},Instant,,,f8961618-ae68-4d13-84eb-8b5464ce4971
1,"Vraska, Betrayal's Sting // Vraska, Betrayal's Sting",,2797c515-0d38-4084-82fb-cfd0b881b09c,0,,,,Card,,,229f831e-6763-4f55-8fbe-eda5172a75fc
1,Vraska's Fall,,0173b7b4-2832-4943-ba45-8ba498d7a056,3,Black,Black,{2}{B},Instant,,,33fd9192-3e9b-4d3a-92aa-06de29d449df
1,Vulshok Splitter,,f05078dd-b928-4b3f-9636-f299ebac180b,4,Red,Red,{3}{R},Artifact,Equipment,,6253f9d4-83ff-4a0b-b465-e9f9a565f664
1,Walking Atlas,,53515042-e729-4a7c-ac3b-36ef70dbbe8d,2,,,{2},"Creature,Artifact",Construct,,855a4837-7fc8-4b97-afbd-daa88e322c89
2,Walking Corpse,,344a26ab-524f-4daa-ae0a-9d94e34c96df,2,Black,Black,{1}{B},Creature,Zombie,,fea95888-e16a-4209-9cd4-623f7f4d2f67
1,Walk the Plank,,0038ac6a-318f-44fb-bb64-7ae172c4aca3,2,Black,Black,{B}{B},Sorcery,,,9093e6f1-12bc-4dfb-bc78-6ead0752ad61
1,Wall of Fire,,6f8ac968-3d00-40d8-80b5-e6fe08025de2,3,Red,Red,{1}{R}{R},Creature,Wall,,f38c8b47-e8e0-4d2f-b1da-d8d986805a48
2,Wall of Mist,,4fb995c8-1bc2-4ff4-b8e9-f9b6bc0de0fe,2,Blue,Blue,{1}{U},Creature,Wall,,b2ca8824-6bd8-4aa3-b156-618118eb98a4
2,Wall of Vines,,7327e768-d90d-4677-b4dd-10837ffe8be2,1,Green,Green,{G},Creature,"Plant,Wall",,51ce0158-c9a5-4fa5-9704-46ab02f01b86
1,Walltop Sentries,,e55f1c63-58f6-4e2b-aaeb-f2d5faca47a2,3,Green,Green,{2}{G},Creature,"Human,Soldier,Ally",,fb3a0910-a582-41ef-b5b9-3cda1f1cd5ce
1,Wandering Fumarole,,dd0ee251-6c79-499b-8366-c281c989b061,0,,"Blue,Red",,Land,,,741c51f1-cfbe-4c29-ac8f-ca6bcd2652f9
1,Wanderlust,,3ee3c4fc-342f-48b3-a799-0db4b005195a,3,Green,Green,{2}{G},Enchantment,Aura,,73bddfdb-d1fb-4038-b676-201f6b82beb0
1,Wardens of the Cycle,,83ea9b2c-5723-4eff-88ac-6669975939e3,4,"Green,Black","Black,Green",{1}{B}{G}{G},Creature,"Elf,Warlock",,fa7d09aa-2ebc-4571-81da-836cd80cf554
1,Warehouse Tabby,,d500ad81-9659-4a00-8f99-8be7c23587e8,1,Black,Black,{B},Creature,Cat,,a7736614-cdd3-43bd-ab3e-461e3e24ed40
2,Wargling,,1ccbf823-846f-4f09-9c67-1deebb5d1d92,2,Green,Green,{1}{G},Creature,Wolf,,ce107656-f222-4d9a-9ba2-b33b4d47bdb5
1,Warg Tactics,,b06d9cee-bb0f-4fe7-ab2a-b55d36461aec,2,Green,Green,{1}{G},Instant,,,d1663b51-37a1-45a0-b477-2d3e7dd0828e
1,Warleader's Call,,b98c57b1-6138-49a2-884a-995828cf4c50,3,"White,Red","White,Red",{1}{R}{W},Enchantment,,,a751c07b-fc21-4854-96e7-f71abf4e86c9
1,Warlock Class,,b7faf899-96b7-454e-b634-6684c2d72f26,1,Black,Black,{B},Enchantment,Class,,766c2c67-d1ee-44ff-b9bb-355361646ef1
1,Warlord's Fury,,0ebd63cf-7e8c-4c8d-844d-98535d5f3039,1,Red,Red,{R},Sorcery,,,7340199d-60c7-4c27-9a0f-047790273db0
1,Warship Scout,,b1a95982-be16-465a-9c1b-1f4d875c0c40,1,Red,Red,{R},Creature,"Human,Scout",,f07e6ba7-42e8-4b4d-9831-00a856059060
1,Warstorm Surge,,213e448e-8d8c-4ba8-aad1-93c4e6900b0d,6,Red,Red,{5}{R},Enchantment,,,42fb1a1c-ab3d-4cdc-a6ff-a591f7481583
1,Wartime Protestors,,bac81940-d717-49ff-83b2-16a22bb2c988,4,Red,Red,{3}{R},Creature,"Human,Ally,Rebel",,6557813b-4ee7-4881-a37c-10c8ea097360
1,Wary Thespian,,a3d62d04-0974-4cb5-9a35-5e996c6456e2,2,Green,Green,{1}{G},Creature,"Druid,Cat",,448cc829-1596-4aec-b180-c0c1e0566f6b
2,Wasteland Viper,,45f20aa9-a498-45f5-8fa5-c40bf5249414,1,Green,Green,{G},Creature,Snake,,e30b4eb8-6393-486a-9f8e-970ad2351d8a
1,Watcher in the Web,,be1ee2d4-5992-4081-9907-4bc26750aff0,5,Green,Green,{4}{G},Creature,Spider,,232a4128-133e-446d-9f1c-dd3875094473
1,Waterbender Ascension,,3f57e0f9-e232-489c-b991-d0d23f75d8dd,2,Blue,Blue,{1}{U},Enchantment,,,aeddfdc2-149b-4703-ba57-8d844b25ef08
1,Waterbender's Restoration,,fe68e08e-8d84-4f87-b2e9-b552788d78e7,2,Blue,Blue,{U}{U},Instant,Lesson,,285046f6-b3c4-4eb7-8712-9dffebabc762
1,Waterbending Lesson,,4f81e3b5-a0a9-4764-8c2d-b499ce1740b4,4,Blue,Blue,{3}{U},Sorcery,Lesson,,3d28886c-46bf-4d2e-a257-cb9016cc3573
1,Waterbending Scroll,,50d0be73-a2c8-44a0-9178-9949f342f6f9,2,Blue,Blue,{1}{U},Artifact,,,882d032b-db36-401a-8075-a9fabc90c53d
4,Waterknot,,56e109e2-b8ff-47d0-a962-dc996c1656e8,3,Blue,Blue,{1}{U}{U},Enchantment,Aura,,002100cd-1ab1-44da-93a0-1269d47a712a
1,Waterlogged Hulk // Watertight Gondola,,7ea89d3c-8d47-4bbb-9271-8cdfd9296e2f,1,Blue,Blue,,Artifact,,,30820f71-9fd4-453c-b377-c2e0b01c07a7
1,Waterlogged Teachings // Inundated Archive,,060f9675-4921-4cbb-bae2-54c85c679fd4,4,"Black,Blue","Blue,Black",,Instant,,,e6ad1be9-f13d-4590-b3db-e2d0fff46f03
1,Water Whip,,f8783863-699b-4362-a211-7db7ab8f36ad,2,Blue,Blue,{U}{U},Sorcery,Lesson,,2015f455-988e-444c-93df-23fab179ef87
1,Watery Grasp,,26bcff57-428e-4f30-a153-a778fbfc437d,1,Blue,Blue,{U},Enchantment,Aura,,520b2799-66bd-40bf-9bc0-9cd3aed321f5
1,Watery Grasp,,26bcff57-428e-4f30-a153-a778fbfc437d,1,Blue,Blue,{U},Enchantment,Aura,,520b2799-66bd-40bf-9bc0-9cd3aed321f5
1,Watery Grave,,6e86eb36-f4cc-4a75-b43a-4dee463a3b33,0,,"Blue,Black",,Land,"Island,Swamp",,fc9ec820-4245-4a96-b009-5308a818ca58
1,Wave Goodbye,,8fb141d9-addd-47ad-bfc1-b5b376d4c950,4,Blue,Blue,{2}{U}{U},Sorcery,,,06ef46c6-00ba-40e6-b866-d0095ab83749
1,Wayfarer's Bauble,,2eb513b3-9c9e-4837-8f58-67d698677041,1,,,{1},Artifact,,,31f15274-301b-47c5-ba19-0ced04520878
1,Wayfarer's Bauble,,b865d247-fe0a-4583-b088-ae900ffe521b,1,,,{1},Artifact,,,31f15274-301b-47c5-ba19-0ced04520878
1,Wayfarer's Bauble,,f3af7c4d-5a2f-4cc6-907e-4b8104ad4aa1,1,,,{1},Artifact,,,31f15274-301b-47c5-ba19-0ced04520878
1,Weapons Manufacturing,,a058f1a6-318c-4bba-981e-ace079ada806,2,Red,Red,{1}{R},Enchantment,,,e48a8160-cffe-4e00-a3e9-a59d7fc7b3a2
1,Weary Prisoner // Wrathful Jailbreaker,,e641467b-ac2e-4d29-aed7-5cc227c3b1ce,4,Red,Red,,Creature,"Human,Werewolf",,bdcf0af3-3976-400d-a8b7-15e959e2b255
4,Weather the Storm,,f6a9fa51-78c3-42e6-8c2e-39658f59ed87,2,Green,Green,{1}{G},Instant,,,3a091f7b-efc9-4aaa-9da8-157ef8099a36
1,Web-Shooters,,a0ca1108-6d99-4dc2-96ab-7728d65b0c06,2,White,White,{1}{W},Artifact,Equipment,,ec528198-a38a-4ef7-9804-78a25c94ecc1
1,Weftstalker Ardent,,cddb48cc-8eb1-47ce-90f0-7aad1e93e2c4,3,Red,Red,{2}{R},Creature,"Artificer,Drix",,926d52a5-4db1-46ce-9567-17c28bf56ae7
1,Weird Harvest,,3cdfa8b3-393b-4bb6-9265-faa4ab7126d2,2,Green,Green,{X}{G}{G},Sorcery,,,76587fa5-29eb-480f-a865-480cd39b1da7
1,Welcome to Sweettooth,,8e629a31-2e06-4f95-9628-34670dcf68b9,2,Green,Green,{1}{G},Enchantment,Saga,,9760c396-fc7d-41bc-8f03-5ee359eaec00
1,Welcoming Vampire,,d8f69cea-823c-482b-a605-8138b3d950e6,3,White,White,{2}{W},Creature,Vampire,,605c1ee0-5e8a-4e0a-a99b-42a38873f822
1,Well of Lost Dreams,,0e06b825-b8e4-4ea0-9046-39ee15991118,4,,,{4},Artifact,,,b0394cf2-12a0-4d4f-87e0-fe8937e6faff
2,Well-Worn Spatula,,659b687f-4068-496f-81b2-7b606bf07ec1,1,,,{1},Artifact,Equipment,,3cc333a1-c854-4b7c-8002-910e48222371
1,Westfold Rider,,71ed2e4b-c732-472a-a589-f1f53086d9ee,2,White,White,{1}{W},Creature,"Human,Knight",,17d35b8f-2189-4587-9c57-425e93d883c6
1,When We Were Young,,6db14cb8-9ff8-41ee-a733-4f1130e73b29,4,White,White,{3}{W},Instant,,,1f27aa69-d17e-4f1f-9aba-cee205036f93
1,Where Ancients Tread,,abf25a2a-961c-42ef-8d76-aa089720b12c,5,Red,Red,{4}{R},Enchantment,,,fca2fcab-4f17-448d-bf6d-f6c913159df8
1,Whirlwind of Thought,,053c43d3-db4a-4487-b127-87f55ccc695a,4,"White,Red,Blue","White,Blue,Red",{1}{U}{R}{W},Enchantment,,,6467cbb7-1e4e-482d-a20f-6cb9fc0f1ad1
1,Whisper Agent,,d81e07d6-71d7-408e-be20-8e20a29d84cc,3,"Black,Blue","Blue,Black",{1}{U/B}{U/B},Creature,"Human,Rogue",,2ed76a99-fe5c-4d68-b572-a30848055c8a
1,Whispersilk Cloak,,ac4fdefd-8774-400d-bea6-4064d87383f1,3,,,{3},Artifact,Equipment,,9ad4f730-a18e-4a7c-a468-a926c718c741
1,White Lotus Hideout,,24d1e22c-0d99-4ed5-94f0-fd055fd8e2be,0,,,,Land,,,2cdbfda3-98fc-4108-b551-c7049168924e
2,White Lotus Reinforcements,,4c7e3e2f-d7ac-4d40-ab84-cb7efe06a316,3,"White,Green","White,Green",{1}{G}{W},Creature,"Human,Soldier,Ally",,c55a4b25-ccc4-49de-9f98-a829c547a64d
1,White Lotus Reinforcements,,4c7e3e2f-d7ac-4d40-ab84-cb7efe06a316,3,"White,Green","White,Green",{1}{G}{W},Creature,"Human,Soldier,Ally",,c55a4b25-ccc4-49de-9f98-a829c547a64d
1,White Mage's Staff,,30db372e-0b4c-4e16-9667-bf3fda666f72,2,White,White,{1}{W},Artifact,Equipment,,af1acf07-39e2-441e-a1e0-1db535535e2e
2,Whitemane Lion,,a358def9-65a0-4741-896c-b2a8c8947768,2,White,White,{1}{W},Creature,Cat,,e8d6084b-9b72-438e-a30a-851b888f3e4d
1,Whoosh!,,ccc05deb-ad8d-4fae-a7a4-2b2a118fc696,2,Blue,Blue,{1}{U},Instant,,,855353e2-b686-482a-b987-c6ae456f088c
1,Wicked // Cursed,,a9b7040e-cd24-42cc-b043-9af8c557da6a,0,,,,"Enchantment,Token","Aura,Role",,0664dcc8-fa68-4802-936f-ecd2979ebf3c
1,Wicked Visitor,,e26ec4b8-0012-48c4-9ccb-0f062df0c250,2,Black,Black,{1}{B},Creature,Nightmare,,10330a79-a416-40da-bf5a-8b7cbd9a0498
1,Wight of the Reliquary,,a15570c0-4210-4959-8584-987ec85f8283,2,"Green,Black","Black,Green",{B}{G},Creature,"Knight,Zombie",,4507df69-6bf7-43d6-a609-c032b61835d5
1,Wilderness Reclamation,,5e6c0cb4-f17d-48ae-9bbf-9498505a23b0,4,Green,Green,{3}{G},Enchantment,,,6f856f99-4cb4-479d-958d-964220965ed6
1,Wild Growth,,515daaba-c063-41d5-9539-25b8c8cb639c,1,Green,Green,{G},Enchantment,Aura,,706ae742-1807-44b7-a4fa-f2e26f61519a
1,Wildwood Scourge,,bb35e40f-bbcf-4e2b-9603-7719c74dc076,1,Green,Green,{X}{G},Creature,Hydra,,b9dec104-c636-4770-a7fc-7a3331face15
1,Willbreaker,,2465eafc-453c-4e4f-b369-0951b8a4b7bf,5,Blue,Blue,{3}{U}{U},Creature,"Human,Wizard",,7c365041-806f-42d6-a2ff-40e20dd8e9f0
1,"Wilson, Refined Grizzly",,dfe0daf8-43da-484b-baa1-76f8313c5a0c,2,Green,Green,{1}{G},Creature,"Warrior,Bear",Legendary,d2766fd7-5cf9-4037-9f34-9ae3982c613a
1,Windborn Muse,,357a838a-80af-42ec-8e33-27beec5ce140,4,White,White,{3}{W},Creature,Spirit,,75e09ac6-d789-4c4d-9aca-845d68f3899f
1,Windbrisk Heights,,22b7b9f1-8428-4c04-a918-7c0e1d3906ed,0,,White,,Land,,,3589bcfc-42b0-414a-adce-bc690dc631c8
1,Wind Drake,,91ca5eed-53a3-4da5-b7fc-f08e6cc93946,3,Blue,Blue,{2}{U},Creature,Drake,,d6ffdaf0-ac08-4de9-bbce-2eab2f86bcca
1,Wind Drake,,6fed594b-9aa5-4bab-8066-58c3f795d940,3,Blue,Blue,{2}{U},Creature,Drake,,d6ffdaf0-ac08-4de9-bbce-2eab2f86bcca
1,Windfall,,14e1af91-34fe-4d82-b119-cbadf75a7dbe,3,Blue,Blue,{2}{U},Sorcery,,,08becc07-28bc-4a2f-a6b0-28a2998d2f50
1,Wind-Scarred Crag,,cf9b1d47-11ef-4f06-94b2-94b6727de3bd,0,,"White,Red",,Land,,,b0af0c54-2a59-4075-8543-d41ff20c4c87
1,Winds of Rath,,333bcdcd-fb78-4a87-bb72-2678ee89a2ee,5,White,White,{3}{W}{W},Sorcery,,,a6fd90dc-0ec3-4dce-a77a-4d04f5e254bf
1,Winged Words,,ff765065-b160-49b6-99ac-cd695bd0d903,3,Blue,Blue,{2}{U},Sorcery,,,c623aeb1-e6d4-48fe-bd2a-a7a6729aa4df
1,Wing It,,e23abf47-22fa-4dca-bd42-fafa1c8b592f,2,White,White,{1}{W},Instant,,,7b0b05a0-0be4-498f-be54-8d68b818f90a
1,Winter Moon,,f76bc2da-8f4b-4153-8a7b-c601b19affaf,2,,,{2},Artifact,,,b922f057-1c91-43eb-b74a-8a933b1be2d2
1,Wishclaw Talisman,,69d0f5bd-ccea-49b2-bd79-ad5e4d850cf5,2,Black,Black,{1}{B},Artifact,,,81c70ae7-3c18-4c9b-8505-e4db9e0e6518
1,Witch Enchanter // Witch-Blessed Meadow,,62061e7c-cf19-4f03-b8fa-2bdba62d6b0b,4,White,White,,Creature,"Human,Warlock",,0355249a-8e4e-41db-9cea-1b901faffbe6
1,"Witch-king, Bringer of Ruin",,90da1d3e-dbcb-4b1e-a606-d4fc1a60a8fe,6,Black,Black,{4}{B}{B},Creature,"Wraith,Noble",Legendary,afcb21bb-aeb3-4024-9ce1-68ba7fb64b2d
1,Witch's Cottage,,b87891cd-b457-4dff-8d18-a7eaf6748fc6,0,,Black,,Land,Swamp,,6c8f276e-4e7b-4974-ab02-9356cc0ffb2b
1,Witch's Mark,,0685afcb-06f6-4d18-b8c2-510764558dc1,2,Red,Red,{1}{R},Sorcery,,,00807825-88e5-4b88-8527-a49f553a91be
1,Witch's Oven,,04ef8493-d986-45f8-a718-617b028f7ad4,1,,,{1},Artifact,,,8fa0fe02-2452-4386-8e0c-165757b0f0a3
3,Witch's Web,,0d021207-76be-4bc9-bb71-df991a04d8d8,2,Green,Green,{1}{G},Instant,,,6ec9a14a-0a62-4f8a-9147-3cab01411a65
1,Witherbloom Charm,,254437f7-7a8a-4b11-9cea-e8e7ea23c59e,2,"Green,Black","Black,Green",{B}{G},Instant,,,ee1db746-f5c1-4dce-82eb-24b273cc9507
1,Witherbloom Command,,0d68dee5-56ff-45bb-a37e-9e2dfc07c5a7,2,"Green,Black","Black,Green",{B}{G},Sorcery,,,7cc81fb3-495c-47cd-8c56-96197d87e9e0
1,With Great Power . . .,,f717c096-e161-426e-a8d7-c93b117e16b9,4,White,White,{3}{W},Enchantment,Aura,,dfedb968-f27c-4117-aff6-da707dd43e82
1,Witness Protection,,f231e981-0069-43ce-ac1c-c85ced613e93,1,Blue,Blue,{U},Enchantment,Aura,,a5f5e71e-83a7-468d-829a-6392b764c76e
2,Witness Protection,,a2be6f2c-8ad0-402d-a7ca-9fe817e83b72,1,Blue,Blue,{U},Enchantment,Aura,,a5f5e71e-83a7-468d-829a-6392b764c76e
1,Witness the End,,0c06d8ec-55ab-4be9-a470-77c79d643d1f,4,,Black,{3}{B},Sorcery,,,340d2261-9454-4ab0-827c-49c7e76c7781
4,Witty Roastmaster,,71d13f19-482b-4a2e-9692-b7d7caf2f9f5,3,Red,Red,{2}{R},Creature,"Devil,Citizen",,34edbf1b-0826-49f1-a04d-15cc8c543b22
1,Woe Strider,,97f6c62a-b149-4cc2-9210-6420f31a6781,3,Black,Black,{2}{B},Creature,Horror,,3adbd963-e85d-4569-963a-4472594f06f9
1,Wolf Cove Villager,,7dbeced9-d27d-476c-92d4-3c14d8a40458,1,White,White,{W},Creature,"Human,Peasant",,549a3f53-f90e-4af0-bbc5-2c4b9df30008
1,Wolfwillow Haven,,7d135a17-2d93-41d9-be1d-80aa55f1050a,2,Green,Green,{1}{G},Enchantment,Aura,,7579f57d-c76e-4703-a030-34fb7160cb23
3,Wood Elves,,2476e42b-b209-4207-8ed9-cb668f89b218,3,Green,Green,{2}{G},Creature,"Elf,Scout",,8973bd99-20f8-4867-90ef-50392147ee1b
1,Wooden Stake,,7e2825f5-8112-4108-910a-4303b2d57356,2,,,{2},Artifact,Equipment,,1b26dbb7-0ae5-4279-87b6-1b722c30a386
1,Woodland Cemetery,,d98edea5-a974-4475-b518-e79a91fe4371,0,,"Black,Green",,Land,,,c9fe1383-1331-4a58-a45a-3320250221a9
1,Woodland Mystic,,2d6117cf-5cb3-41f3-8756-c01b5e9c760e,2,Green,Green,{1}{G},Creature,"Elf,Druid",,6996c354-d3fa-40c3-8534-27d2f5b74756
2,Woodland Weavemaster,,fe2b4bcf-56de-44d3-83af-aeb27f82c25e,2,Green,Green,{1}{G},Creature,"Elf,Druid",,28ffddca-a3c4-467d-a2dc-2c5e62393e11
3,World Map,,70d9ab99-ec8a-402e-ba1d-ffa6c4c84a3f,1,,,{1},Artifact,,,51d4f95e-aad2-4e5f-9f15-a68bbdf9ab3e
1,World Map,,70d9ab99-ec8a-402e-ba1d-ffa6c4c84a3f,1,,,{1},Artifact,,,51d4f95e-aad2-4e5f-9f15-a68bbdf9ab3e
2,Wormhole Serpent,,2d0fd73f-e161-4e42-b4f9-9246a9dba785,5,Blue,Blue,{4}{U},Creature,Serpent,,6eb21aca-116e-427b-9e75-8adaee0cc62a
1,Worn Powerstone,,329342a8-5708-4332-868a-7410d7461647,3,,,{3},Artifact,,,b166b670-febc-4821-855e-f8d465644c03
2,Wose Pathfinder,,6589b339-9067-4e9b-bfdb-c49f8b3ef2d4,2,Green,Green,{1}{G},Creature,"Human,Shaman",,eb2ff7f2-b7fd-4984-a4e8-cf57b619c1a5
1,Wrenn's Resolve,,9a47999c-12d5-4e1a-a9c1-40a1757007f1,2,Red,Red,{1}{R},Sorcery,,,a7d8c99c-cd44-4bad-82e6-7c7cff9bd89f
4,Wretched Throng,,eb3991f0-76b8-4f77-9d67-0e2b11fda750,2,Blue,Blue,{1}{U},Creature,"Horror,Zombie",,7e484372-a052-4df6-a6b2-2c6accccabef
4,Writhing Chrysalis,,f54dbeb1-51f8-40e2-912a-ec25457de5a2,4,,"Red,Green",{2}{R}{G},Creature,"Eldrazi,Drone",,d27bebc9-348d-4b8e-816a-a4da66fb5618
1,Writhing Necromass,,a166abef-f068-47e9-8a65-43ebf4b015bd,7,Black,Black,{6}{B},Creature,"Zombie,Giant",,7f6505a1-ab8b-468b-a5de-33451598b464
1,"Yahenni, Undying Partisan",,c37e2466-57c3-453f-aebe-340995f2eca7,3,Black,Black,{2}{B},Creature,"Vampire,Aetherborn",Legendary,fdba89eb-1cf5-46e6-9d09-1adb9bc40fcd
1,Yavimaya Coast,,9f98bf0c-74cf-49da-8b60-b2d3ac294a82,0,,"Blue,Green",,Land,,,40b36bc6-c185-4bda-99e7-0118953c2c97
3,Yavimaya Enchantress,,e7255a92-12eb-4506-a3fa-996cd38ca836,3,Green,Green,{2}{G},Creature,"Human,Druid",,495fc654-7986-4d76-9d5c-bc1484e98de2
1,Yavimaya Enchantress,,75cc6976-7247-4cd9-a0f0-fcb2e860a70e,3,Green,Green,{2}{G},Creature,"Human,Druid",,495fc654-7986-4d76-9d5c-bc1484e98de2
1,"Yedora, Grave Gardener",,7b852b55-bee1-46fc-87e4-5c01b90bbd43,5,Green,Green,{4}{G},Creature,"Druid,Treefolk",Legendary,1fa20b05-cc06-4fb7-ae76-677a29e2185a
1,"Yenna, Redtooth Regent",,e635d461-254a-434e-8e5d-dea61dd8ca4f,4,"White,Green","White,Green",{2}{G}{W},Creature,"Elf,Noble",Legendary,0adede77-5181-4190-8066-4797cefe0189
1,Yip Yip!,,43f4b10e-165b-4100-82f3-728e1b0c78ed,1,White,White,{W},Instant,Lesson,,5453550f-9136-4568-baf8-c3d20e33fbb6
1,Yotia Declares War,,3bd9e99a-ae8c-4323-aa86-b19288c877d4,2,Red,Red,{1}{R},Enchantment,Saga,,4ce785b9-aee0-4ac6-ab20-ee20d0551be4
1,You Cannot Pass!,,116d4030-acd2-4aa2-8254-aaaff1264459,1,White,White,{W},Instant,,,8e94ccdb-5978-440b-b7cd-11c7ca6b2c98
1,You Find the Villains' Lair,,c6704458-6e9e-4795-a56d-25b68fbf9672,3,Blue,Blue,{1}{U}{U},Instant,,,41cdeb52-e90f-44f8-94d2-23aa032c4870
1,You Happen On a Glade,,f9ae7693-a6b5-42f8-9f05-c0643b95a710,3,Green,Green,{2}{G},Instant,,,88e5300d-8339-41cb-85bf-325909116b61
1,Young Pyromancer,,8afb19df-b96a-4736-81ab-3561e2767d2d,2,Red,Red,{1}{R},Creature,"Human,Shaman",,5fac139a-07d3-4e6c-98e3-d98b199f7a6f
3,Young Pyromancer,,219577e6-758a-4135-9a8d-f95df964137a,2,Red,Red,{1}{R},Creature,"Human,Shaman",,5fac139a-07d3-4e6c-98e3-d98b199f7a6f
1,You're Not Alone,,1867b5cb-2bb0-4f49-b302-036fdffa2344,1,White,White,{W},Instant,,,9dbc2fc8-ed42-4534-9676-bf0695cd518c
1,Youthful Knight,,3d1a3fec-39de-4223-9da2-22749a58cd62,2,White,White,{1}{W},Creature,"Human,Knight",,ef2a24f5-ce5e-4054-843a-2cae0c66318a
1,Youthful Knight,,fcd3b7a7-c5e8-4179-ade3-31625620f3a9,2,White,White,{1}{W},Creature,"Human,Knight",,ef2a24f5-ce5e-4054-843a-2cae0c66318a
1,"Yue, the Moon Spirit",,ecdac50f-c639-43fc-a03e-d488fac96ae2,4,Blue,Blue,{3}{U},Creature,"Spirit,Ally",Legendary,961f1883-2f97-4249-90f9-416279d7a9dd
2,Yuyan Archers,,99244462-a996-4a5b-91fb-947045647d6d,2,Red,Red,{1}{R},Creature,"Human,Archer",,63e5180f-16d0-4524-94bf-ecbf3c417814
1,"Zacama, Primal Calamity",,05c5a9a8-badd-43ab-8408-a13e75407681,9,"White,Green,Red","White,Red,Green",{6}{R}{G}{W},Creature,"Elder,Dinosaur",Legendary,23270e4a-a222-4ffb-a946-d0e20d665187
1,Zack Fair,,f21f9161-5945-40da-8da0-446f6a4a1c23,1,White,White,{W},Creature,"Human,Soldier",Legendary,e84d146a-1c67-49df-b062-622794e45c42
1,Zealous Lorecaster,,36ab2130-9f21-4d30-873a-aa72d3d15fa8,6,Red,Red,{5}{R},Creature,"Giant,Sorcerer",,f82265fd-e772-4347-a27f-37b00ccd416b
1,Zendikar's Roil,,f75c0783-936d-4fa2-bdcb-01dae7a67fdb,5,Green,Green,{3}{G}{G},Enchantment,,,a842cc2b-52eb-4dc5-86c6-6575c2ed913d
1,"Zetalpa, Primal Dawn",,8d5b29be-2b1a-4ba5-8958-60eee4e3bac1,8,White,White,{6}{W}{W},Creature,"Elder,Dinosaur",Legendary,7da0e5de-3e4c-420a-8685-991206100b9d
1,"Zhao, Ruthless Admiral",,3fd48a57-b0bb-4177-a0f3-bd317a179cbe,4,"Red,Black","Black,Red",{2}{B/R}{B/R},Creature,"Human,Soldier",Legendary,d6b0198a-c1f2-4142-b5e2-8205adf14d0a
1,"Zhao, Ruthless Admiral",,3fd48a57-b0bb-4177-a0f3-bd317a179cbe,4,"Red,Black","Black,Red",{2}{B/R}{B/R},Creature,"Human,Soldier",Legendary,d6b0198a-c1f2-4142-b5e2-8205adf14d0a
1,"Zhao, the Moon Slayer",,f1015bf5-de98-41f3-b6b1-ed95f7465944,2,Red,Red,{1}{R},Creature,"Human,Soldier",Legendary,94c64d41-d756-42b6-b0e7-0a351d64a68c
1,"Zhao, the Seething Flame",,f3fa493e-b58a-4b77-88e8-b8890eefb2b7,5,Red,Red,{4}{R},Creature,"Human,Soldier",Legendary,92ce3e30-dde3-43bb-a3d6-ccd91ff18bc3
1,"Zidane, Tantalus Thief",,e42c7d9d-8685-415b-8c5d-6ab2165863b9,5,"White,Red","White,Red",{3}{R}{W},Creature,"Human,Scout,Mutant",Legendary,f267fb54-1881-464c-81af-9e03c3f3b41d
1,"Zimone, All-Questioning",,ca09bb5f-feab-4754-ac6b-3f06327d3fe9,3,"Green,Blue","Blue,Green",{1}{G}{U},Creature,"Human,Wizard",Legendary,6c044dd1-8938-4d62-a7b2-e2298de08f70
1,Zimone and Dina,,bf2af874-1052-4cad-90ed-d80e49d4c68c,3,"Green,Black,Blue","Blue,Black,Green",{B}{G}{U},Creature,"Human,Dryad",Legendary,5bc66b18-22ac-4138-b527-fa711116e298
1,Zimone and Dina,,bf2af874-1052-4cad-90ed-d80e49d4c68c,3,"Green,Black,Blue","Blue,Black,Green",{B}{G}{U},Creature,"Human,Dryad",Legendary,5bc66b18-22ac-4138-b527-fa711116e298
1,"Zimone, Paradox Sculptor",,20ccbfdd-ddae-440c-9bc0-38b15a56fdd1,4,"Green,Blue","Blue,Green",{2}{G}{U},Creature,"Human,Wizard",Legendary,9dd674a7-becf-4106-b53f-bca88426d92d
1,Zimone's Hypothesis,,f91afbaf-e035-47cd-b493-0d5817fefa76,5,Blue,Blue,{3}{U}{U},Instant,,,ae27fa09-ab73-44b4-8e86-44d626ec221d
3,Zombie,,4cf9feeb-23c3-4c3b-bc04-f50380d20197,0,Black,Black,,"Creature,Token",Zombie,,ddc8c973-c31e-463f-be45-f3fa7d632362
1,Zombify,,dfec5854-70c7-4e4b-9979-58775dd7a181,4,Black,Black,{3}{B},Sorcery,,,bb95db4d-5017-4121-bf79-d68476602d8c
1,Zoyowa Lava-Tongue,,c06f0ff2-d42f-4854-bbe5-4b022fb26d7d,2,"Red,Black","Black,Red",{B}{R},Creature,"Goblin,Warlock",Legendary,e90f298f-c54b-4fe8-82db-5b9153a57712
1,"Zuko, Avatar Hunter",,2a2330fa-a1e1-41d9-bb7b-8aa9b03a0543,5,Red,Red,{3}{R}{R},Creature,"Human,Noble",Legendary,d445a584-98e7-4501-bb20-e76c9cafa757
3,"Zuko, Exiled Prince",,6a73b372-9c0e-4a85-89d2-440163330687,4,Red,Red,{3}{R},Creature,"Human,Noble",Legendary,3231ce2e-d4f8-44fc-872d-aeafa59aed4b
1,"Zuko, Seeking Honor",,365fa3f6-a210-4342-9413-fcb7812ff4f4,3,"Red,Black","Black,Red",{2}{B/R},Creature,"Human,Noble",Legendary,6e737c52-cbe0-493f-ae46-7bf068e04882
1,Zuko's Offense,,efc6eea1-9872-47e5-a3bc-3c8c1b9705be,1,Red,Red,{R},Sorcery,,,90a2ec9c-2f1c-4ed4-820d-dfdb6b58c0db
1,Zulaport Cutthroat,,7a264eb1-9fd4-4cf3-8eff-0def0ccbfbd7,2,Black,Black,{1}{B},Creature,"Human,Rogue,Ally",,76b003e0-15af-4f22-bdf2-1ade5430964a
1,Zulaport Cutthroat,,52ef00c1-613a-4cbd-8972-77c41f649431,2,Black,Black,{1}{B},Creature,"Human,Rogue,Ally",,76b003e0-15af-4f22-bdf2-1ade5430964a
